reading_id,timestamp,site_id,zone_id,sensor_id,tilt_angle_deg,tilt_rate_deg_hr,crack_width_mm,crack_rate_mm_hr,vibration_ppv_mms,soil_moisture_pct,signal_dbm,sensor_battery_pct,angular_crack_velocity_product,crack_expansion_ratio,moisture_weighted_tilt,hazard_index_H,risk_class
1,2026-01-01T01:00:00.000Z,jharia-open-pit,zone-b,PZ-401,0,0.17,1.13,0,0.48,29,-82,66,0.017,0,0,-0.001,Normal
2,2026-01-01T02:00:00.000Z,raniganj-south-slope,zone-c,EX-201,0.49,0.14,0.69,0,0.87,15,-73,76,0.014,0,0.073,0.133,Normal
3,2026-01-01T03:00:00.000Z,singareni-s4,zone-a,TL-301,0.29,0.08,1.78,0,1.05,31,-66,77,0.008,0,0.09,0.054,Normal
4,2026-01-01T04:00:00.000Z,singareni-s4,zone-b,SN-101,4.21,0.95,8.56,1.24,4.28,73,-63,86,1.273,0.143,3.073,0.792,Critical
5,2026-01-01T05:00:00.000Z,jharia-open-pit,zone-c,EX-201,0.41,0.21,0.59,0.31,0.62,31,-82,95,0.086,0.449,0.127,0.135,Normal
6,2026-01-01T06:00:00.000Z,singareni-s4,zone-a,SN-101,2.18,0.29,3.44,0.43,1.98,38,-82,72,0.154,0.121,0.828,0.318,Warning
7,2026-01-01T07:00:00.000Z,raniganj-south-slope,zone-c,EX-201,3.04,0.84,6.77,1.32,2.81,69,-72,94,1.193,0.192,2.098,0.613,Critical
8,2026-01-01T08:00:00.000Z,singareni-s4,zone-d,TL-301,0.17,0,0.28,0.06,0.48,31,-79,65,0,0.158,0.053,0,Normal
9,2026-01-01T09:00:00.000Z,singareni-s4,zone-c,TL-301,2.01,0.41,4.08,0.37,1,43,-84,87,0.193,0.089,0.864,0.283,Normal
10,2026-01-01T10:00:00.000Z,korba-west-bench,zone-b,TL-301,0.94,0.17,0.58,0.11,0.19,31,-69,85,0.036,0.162,0.291,0.128,Normal
11,2026-01-01T11:00:00.000Z,jharia-open-pit,zone-b,SN-101,0.6,0.08,1.05,0.14,0.94,28,-65,85,0.019,0.122,0.168,0.068,Normal
12,2026-01-01T12:00:00.000Z,korba-west-bench,zone-a,EX-201,1.77,0.49,3.91,0.55,1.91,48,-63,99,0.319,0.137,0.85,0.3,Warning
13,2026-01-01T13:00:00.000Z,singareni-s4,zone-c,EX-201,0.32,0.11,0,0.17,0.36,37,-61,62,0.03,1.7,0.118,0.071,Normal
14,2026-01-01T14:00:00.000Z,raniganj-south-slope,zone-d,EX-201,1.4,0.44,2.99,0.27,1.74,54,-83,73,0.163,0.087,0.756,0.352,Warning
15,2026-01-01T15:00:00.000Z,raniganj-south-slope,zone-b,TL-301,1.13,0.56,3.24,0.3,2.37,34,-60,63,0.224,0.09,0.384,0.284,Normal
16,2026-01-01T16:00:00.000Z,korba-west-bench,zone-c,TL-301,0.91,0.29,0.08,0.13,0,23,-82,83,0.067,0.722,0.209,0.174,Normal
17,2026-01-01T17:00:00.000Z,singareni-s4,zone-d,TL-301,2.67,0.99,7.81,1.31,3.66,82,-73,97,1.396,0.166,2.189,0.666,Critical
18,2026-01-01T18:00:00.000Z,jharia-open-pit,zone-a,EX-201,3.76,0.89,6.51,1.14,4.55,67,-75,96,1.104,0.172,2.519,0.701,Critical
19,2026-01-01T19:00:00.000Z,raniganj-south-slope,zone-b,TL-301,1.23,0.19,0.36,0.25,1.35,26,-79,83,0.066,0.543,0.32,0.178,Normal
20,2026-01-01T20:00:00.000Z,raniganj-south-slope,zone-d,PZ-401,3.56,0.78,6.64,1.27,3.65,66,-61,87,1.069,0.188,2.35,0.603,Critical
21,2026-01-01T21:00:00.000Z,singareni-s4,zone-d,TL-301,2.22,0.14,1.51,0.27,1.45,57,-61,61,0.052,0.168,1.265,0.256,Normal
22,2026-01-01T22:00:00.000Z,raniganj-south-slope,zone-b,SN-101,3.61,0.88,6.42,1.4,2.21,81,-71,78,1.32,0.215,2.924,0.681,Critical
23,2026-01-01T23:00:00.000Z,raniganj-south-slope,zone-b,SN-101,3.26,0.64,6.63,1.07,3.03,79,-70,85,0.749,0.159,2.575,0.629,Critical
24,2026-01-02T00:00:00.000Z,singareni-s4,zone-c,TL-301,1.31,0.3,3.05,0.55,1.98,52,-84,78,0.195,0.175,0.681,0.332,Warning
25,2026-01-02T01:00:00.000Z,korba-west-bench,zone-a,PZ-401,0.35,0,1.76,0.1,1.26,10,-84,80,0,0.054,0.035,0.018,Normal
26,2026-01-02T02:00:00.000Z,singareni-s4,zone-c,SN-101,0.42,0.06,0,0.37,0.33,39,-71,84,0.028,3.7,0.164,0.047,Normal
27,2026-01-02T03:00:00.000Z,korba-west-bench,zone-b,SN-101,2.16,0.09,3.97,0.59,1.45,45,-62,75,0.062,0.145,0.972,0.24,Normal
28,2026-01-02T04:00:00.000Z,singareni-s4,zone-a,EX-201,0.31,0.39,0.65,0.19,0,44,-70,89,0.113,0.253,0.136,0.188,Normal
29,2026-01-02T05:00:00.000Z,singareni-s4,zone-a,PZ-401,3.88,0.76,8.05,1.28,3.98,72,-70,71,1.049,0.157,2.794,0.68,Critical
30,2026-01-02T06:00:00.000Z,singareni-s4,zone-c,PZ-401,0.81,0.28,1.61,0.07,0.86,20,-80,90,0.048,0.041,0.162,0.246,Normal
31,2026-01-02T07:00:00.000Z,singareni-s4,zone-b,PZ-401,0.23,0.26,0,0,0,36,-78,92,0.026,0,0.083,0.041,Normal
32,2026-01-02T08:00:00.000Z,singareni-s4,zone-a,SN-101,0.3,0,1.75,0.4,0.12,23,-62,84,0,0.216,0.069,0.029,Normal
33,2026-01-02T09:00:00.000Z,jharia-open-pit,zone-a,SN-101,0.14,0.31,2.24,0.14,0.93,28,-75,65,0.074,0.06,0.039,0.113,Normal
34,2026-01-02T10:00:00.000Z,singareni-s4,zone-a,SN-101,1.82,0.51,3,0.13,2.36,58,-63,63,0.117,0.042,1.056,0.34,Warning
35,2026-01-02T11:00:00.000Z,korba-west-bench,zone-d,PZ-401,3.41,0.71,6.94,1.08,2.81,68,-68,86,0.838,0.153,2.319,0.645,Critical
36,2026-01-02T12:00:00.000Z,raniganj-south-slope,zone-d,PZ-401,0.45,0.17,0.14,0.25,0,28,-69,80,0.059,1.042,0.126,0.211,Normal
37,2026-01-02T13:00:00.000Z,raniganj-south-slope,zone-a,PZ-401,0.04,0.02,0.61,0.27,0.07,25,-76,80,0.007,0.38,0.01,0.148,Normal
38,2026-01-02T14:00:00.000Z,jharia-open-pit,zone-a,TL-301,1.76,0.41,3.5,0.61,2.93,48,-78,70,0.291,0.169,0.845,0.345,Warning
39,2026-01-02T15:00:00.000Z,raniganj-south-slope,zone-a,PZ-401,0,0.07,0.4,0.1,0.89,21,-71,82,0.014,0.2,0,0.084,Normal
40,2026-01-02T16:00:00.000Z,singareni-s4,zone-b,SN-101,0,0.09,0.45,0.09,0.84,36,-74,89,0.017,0.164,0,0.179,Normal
41,2026-01-02T17:00:00.000Z,korba-west-bench,zone-d,EX-201,0,0.18,1.08,0,0.88,10,-80,80,0.018,0,0,0.057,Normal
42,2026-01-02T18:00:00.000Z,korba-west-bench,zone-a,EX-201,0.71,0.19,1.44,0.12,0.18,29,-61,73,0.042,0.078,0.206,0.145,Normal
43,2026-01-02T19:00:00.000Z,raniganj-south-slope,zone-b,TL-301,3.26,0.84,7.54,1.31,2.66,83,-68,99,1.184,0.171,2.706,0.644,Critical
44,2026-01-02T20:00:00.000Z,singareni-s4,zone-d,TL-301,3.07,0.91,7.91,1.27,2.5,71,-64,93,1.247,0.159,2.18,0.612,Critical
45,2026-01-02T21:00:00.000Z,singareni-s4,zone-a,TL-301,0.41,0.09,0.62,0.21,0.87,30,-66,69,0.028,0.292,0.123,0.145,Normal
46,2026-01-02T22:00:00.000Z,korba-west-bench,zone-a,PZ-401,1.46,0.55,2.76,0.37,2.31,45,-71,65,0.259,0.129,0.657,0.294,Normal
47,2026-01-02T23:00:00.000Z,singareni-s4,zone-c,SN-101,1.47,0.15,3.45,0.41,1.84,45,-76,76,0.076,0.115,0.661,0.281,Normal
48,2026-01-03T00:00:00.000Z,raniganj-south-slope,zone-c,PZ-401,0,0,0,0.24,0.18,26,-64,72,0,2.4,0,0.084,Normal
49,2026-01-03T01:00:00.000Z,singareni-s4,zone-c,EX-201,0.17,0.09,1.47,0,0.49,25,-81,95,0.009,0,0.043,0.127,Normal
50,2026-01-03T02:00:00.000Z,jharia-open-pit,zone-d,PZ-401,3.35,0.83,7.52,1.22,4.14,73,-62,82,1.096,0.16,2.446,0.645,Critical
51,2026-01-03T03:00:00.000Z,korba-west-bench,zone-a,SN-101,1.38,0.28,3.12,0.39,0.66,52,-73,88,0.137,0.121,0.718,0.299,Normal
52,2026-01-03T04:00:00.000Z,jharia-open-pit,zone-d,PZ-401,3.62,0.81,7.46,1.18,3.8,78,-61,65,1.037,0.156,2.824,0.647,Critical
53,2026-01-03T05:00:00.000Z,korba-west-bench,zone-b,SN-101,3.39,0.73,8.6,1.12,2.77,77,-81,79,0.891,0.129,2.61,0.636,Critical
54,2026-01-03T06:00:00.000Z,jharia-open-pit,zone-b,SN-101,0.19,0.03,0.11,0,0.3,23,-79,73,0.003,0,0.044,0.106,Normal
55,2026-01-03T07:00:00.000Z,jharia-open-pit,zone-a,TL-301,0.64,0.03,0.66,0.02,1.16,29,-61,68,0.004,0.026,0.186,0.108,Normal
56,2026-01-03T08:00:00.000Z,raniganj-south-slope,zone-b,SN-101,1.62,0.34,2.56,0.27,1.7,52,-66,97,0.126,0.102,0.842,0.287,Normal
57,2026-01-03T09:00:00.000Z,raniganj-south-slope,zone-c,SN-101,0.5,0,1.27,0,0.29,23,-75,90,0,0,0.115,0.087,Normal
58,2026-01-03T10:00:00.000Z,jharia-open-pit,zone-c,EX-201,0,0.1,0.36,0.35,1.1,28,-81,98,0.045,0.761,0,0.035,Normal
59,2026-01-03T11:00:00.000Z,singareni-s4,zone-d,PZ-401,2.23,0.54,3.79,0.54,2.46,31,-82,93,0.346,0.139,0.691,0.382,Warning
60,2026-01-03T12:00:00.000Z,raniganj-south-slope,zone-d,EX-201,0.19,0.39,2.43,0.78,2.3,47,-65,76,0.343,0.308,0.089,0.234,Normal
61,2026-01-03T13:00:00.000Z,korba-west-bench,zone-b,PZ-401,0.84,0.13,0.78,0.19,0.63,30,-85,66,0.038,0.216,0.252,0.108,Normal
62,2026-01-03T14:00:00.000Z,korba-west-bench,zone-c,PZ-401,3.74,1.02,8.23,1.24,2.75,76,-73,67,1.367,0.149,2.842,0.669,Critical
63,2026-01-03T15:00:00.000Z,raniganj-south-slope,zone-d,EX-201,1.69,0.22,3.49,0.38,0.67,52,-67,71,0.106,0.106,0.879,0.295,Normal
64,2026-01-03T16:00:00.000Z,korba-west-bench,zone-b,TL-301,1.23,0.39,3.68,0.42,1.66,47,-68,71,0.203,0.111,0.578,0.342,Warning
65,2026-01-03T17:00:00.000Z,jharia-open-pit,zone-c,TL-301,2.39,0.42,3.34,0.35,2.35,48,-67,72,0.189,0.102,1.147,0.31,Warning
66,2026-01-03T18:00:00.000Z,jharia-open-pit,zone-c,PZ-401,0.98,0.14,0.02,0.3,0.04,26,-76,80,0.056,2.5,0.255,0.099,Normal
67,2026-01-03T19:00:00.000Z,korba-west-bench,zone-d,EX-201,0.21,0,0.52,0,1.13,25,-63,96,0,0,0.052,0.04,Normal
68,2026-01-03T20:00:00.000Z,korba-west-bench,zone-a,SN-101,1.3,0.48,3.37,0.7,1.83,54,-71,95,0.384,0.202,0.702,0.311,Warning
69,2026-01-03T21:00:00.000Z,korba-west-bench,zone-b,SN-101,3.34,0.9,8.88,1.28,2.87,69,-79,76,1.242,0.143,2.305,0.646,Critical
70,2026-01-03T22:00:00.000Z,korba-west-bench,zone-a,EX-201,0.86,0,0.24,0.16,0.57,16,-62,63,0,0.471,0.138,0.096,Normal
71,2026-01-03T23:00:00.000Z,singareni-s4,zone-b,PZ-401,3.55,0.59,6.89,1.11,3.99,73,-63,88,0.714,0.159,2.591,0.686,Critical
72,2026-01-04T00:00:00.000Z,jharia-open-pit,zone-b,PZ-401,0.07,0.21,1.17,0,1.02,36,-69,99,0.021,0,0.025,0.152,Normal
73,2026-01-04T01:00:00.000Z,singareni-s4,zone-b,EX-201,0.57,0.14,0,0.16,0.53,26,-78,89,0.036,1.6,0.148,0.065,Normal
74,2026-01-04T02:00:00.000Z,raniganj-south-slope,zone-d,EX-201,1.7,0.34,3.9,0.38,2.07,49,-79,63,0.163,0.095,0.833,0.38,Warning
75,2026-01-04T03:00:00.000Z,korba-west-bench,zone-a,EX-201,0.63,0.23,1.89,0.21,1.39,17,-68,94,0.071,0.106,0.107,0.142,Normal
76,2026-01-04T04:00:00.000Z,singareni-s4,zone-d,PZ-401,0.67,0.07,0,0.29,0.43,36,-78,68,0.027,2.9,0.241,0.044,Normal
77,2026-01-04T05:00:00.000Z,raniganj-south-slope,zone-d,EX-201,0.58,0.05,1.71,0,0.78,10,-78,75,0.005,0,0.058,0.162,Normal
78,2026-01-04T06:00:00.000Z,korba-west-bench,zone-d,PZ-401,0.59,0.28,2.65,0.3,0.15,23,-73,91,0.112,0.109,0.136,0.152,Normal
79,2026-01-04T07:00:00.000Z,jharia-open-pit,zone-a,PZ-401,3.11,0.81,8.35,1.32,2.72,82,-79,67,1.15,0.156,2.55,0.603,Critical
80,2026-01-04T08:00:00.000Z,singareni-s4,zone-c,TL-301,0,0,0.29,0.19,1.81,30,-79,92,0,0.487,0,0.042,Normal
81,2026-01-04T09:00:00.000Z,korba-west-bench,zone-b,TL-301,0.65,0,0.1,0,0.98,22,-65,79,0,0,0.143,0.12,Normal
82,2026-01-04T10:00:00.000Z,jharia-open-pit,zone-b,SN-101,0.48,0.09,0.74,0.21,0,39,-72,68,0.028,0.25,0.187,0.111,Normal
83,2026-01-04T11:00:00.000Z,raniganj-south-slope,zone-a,EX-201,1.65,0.49,4.04,0.62,2.3,50,-78,91,0.353,0.15,0.825,0.38,Warning
84,2026-01-04T12:00:00.000Z,singareni-s4,zone-b,SN-101,0.67,0.17,0.18,0,0.26,23,-66,79,0.017,0,0.154,0.073,Normal
85,2026-01-04T13:00:00.000Z,korba-west-bench,zone-b,EX-201,3.64,0.9,7.12,1.03,4.1,82,-68,63,1.017,0.143,2.985,0.622,Critical
86,2026-01-04T14:00:00.000Z,singareni-s4,zone-a,PZ-401,0.62,0.16,0,0.04,0.96,28,-63,70,0.022,0.4,0.174,0.178,Normal
87,2026-01-04T15:00:00.000Z,jharia-open-pit,zone-a,EX-201,0,0.07,0,0.1,0,22,-79,92,0.014,1,0,0.01,Normal
88,2026-01-04T16:00:00.000Z,korba-west-bench,zone-c,PZ-401,0.03,0.01,0.12,0.16,1.02,34,-71,97,0.003,0.727,0.01,0.099,Normal
89,2026-01-04T17:00:00.000Z,singareni-s4,zone-a,TL-301,0,0.22,2.72,0.16,0.96,12,-77,95,0.057,0.057,0,0.151,Normal
90,2026-01-04T18:00:00.000Z,raniganj-south-slope,zone-c,PZ-401,0.37,0.01,0.55,0.05,1.26,11,-77,89,0.002,0.077,0.041,0.087,Normal
91,2026-01-04T19:00:00.000Z,raniganj-south-slope,zone-d,TL-301,1.33,0.45,4.25,0.67,1.31,54,-78,93,0.347,0.154,0.718,0.332,Warning
92,2026-01-04T20:00:00.000Z,raniganj-south-slope,zone-d,TL-301,1.86,0.25,3.31,0.59,1.46,43,-81,93,0.172,0.173,0.8,0.258,Normal
93,2026-01-04T21:00:00.000Z,raniganj-south-slope,zone-c,EX-201,3.61,0.82,7.33,1.29,3.67,77,-80,98,1.14,0.174,2.78,0.715,Critical
94,2026-01-04T22:00:00.000Z,singareni-s4,zone-b,PZ-401,1.27,0.13,3.03,0.34,2.14,43,-61,77,0.057,0.109,0.546,0.208,Normal
95,2026-01-04T23:00:00.000Z,jharia-open-pit,zone-b,SN-101,0.05,0.03,0.59,0,0.69,38,-63,99,0.003,0,0.019,0.078,Normal
96,2026-01-05T00:00:00.000Z,jharia-open-pit,zone-c,PZ-401,2.25,0.28,4.32,0.47,2.13,33,-67,73,0.16,0.106,0.743,0.378,Warning
97,2026-01-05T01:00:00.000Z,jharia-open-pit,zone-b,TL-301,0,0.01,0,0.33,0.31,30,-73,89,0.004,3.3,0,0.051,Normal
98,2026-01-05T02:00:00.000Z,jharia-open-pit,zone-d,TL-301,0.18,0.1,1.92,0.03,0.53,25,-85,79,0.013,0.015,0.045,0.057,Normal
99,2026-01-05T03:00:00.000Z,korba-west-bench,zone-d,TL-301,1.11,0.2,3.03,0.61,1.88,62,-71,87,0.142,0.195,0.688,0.34,Warning
100,2026-01-05T04:00:00.000Z,singareni-s4,zone-b,SN-101,0,0.33,0.33,0.07,0.65,35,-73,72,0.056,0.163,0,0.095,Normal
101,2026-01-05T05:00:00.000Z,singareni-s4,zone-c,PZ-401,0.28,0,0.83,0.35,0.06,10,-76,100,0,0.376,0.028,0.137,Normal
102,2026-01-05T06:00:00.000Z,singareni-s4,zone-b,PZ-401,0.52,0.21,1.72,0.03,1.04,24,-67,99,0.027,0.016,0.125,0.134,Normal
103,2026-01-05T07:00:00.000Z,raniganj-south-slope,zone-a,SN-101,0.47,0,0.76,0,0.73,35,-82,72,0,0,0.164,0.06,Normal
104,2026-01-05T08:00:00.000Z,korba-west-bench,zone-b,EX-201,0.03,0.26,1.09,0.18,0.53,38,-61,81,0.073,0.151,0.011,0.122,Normal
105,2026-01-05T09:00:00.000Z,jharia-open-pit,zone-b,PZ-401,0.85,0.26,0.79,0,1.56,20,-81,95,0.026,0,0.17,0.132,Normal
106,2026-01-05T10:00:00.000Z,raniganj-south-slope,zone-c,TL-301,1.02,0.21,3.53,0.33,1.04,33,-72,71,0.09,0.091,0.337,0.257,Normal
107,2026-01-05T11:00:00.000Z,jharia-open-pit,zone-b,TL-301,0.96,0.17,2.33,0.62,1.19,49,-74,75,0.122,0.255,0.47,0.18,Normal
108,2026-01-05T12:00:00.000Z,singareni-s4,zone-d,EX-201,0.43,0,1.21,0.21,0,26,-76,84,0,0.16,0.112,0.127,Normal
109,2026-01-05T13:00:00.000Z,jharia-open-pit,zone-d,EX-201,2.82,0.76,8.12,1.08,3.53,69,-77,71,0.897,0.131,1.946,0.591,Critical
110,2026-01-05T14:00:00.000Z,raniganj-south-slope,zone-d,PZ-401,0.44,0.06,0.6,0,0.49,25,-76,78,0.006,0,0.11,0.097,Normal
111,2026-01-05T15:00:00.000Z,singareni-s4,zone-b,EX-201,0.4,0,2.46,0,1.51,23,-78,93,0,0,0.092,0.167,Normal
112,2026-01-05T16:00:00.000Z,korba-west-bench,zone-d,EX-201,0,0.04,1.47,0.13,0.65,24,-74,94,0.009,0.083,0,0.052,Normal
113,2026-01-05T17:00:00.000Z,jharia-open-pit,zone-a,EX-201,0.76,0.23,0.85,0,1.31,17,-73,81,0.023,0,0.129,0.148,Normal
114,2026-01-05T18:00:00.000Z,raniganj-south-slope,zone-c,TL-301,0.3,0.08,1.09,0.05,0.56,23,-63,84,0.012,0.042,0.069,0.059,Normal
115,2026-01-05T19:00:00.000Z,jharia-open-pit,zone-b,TL-301,1.08,0.38,3.36,0.41,1.78,56,-77,65,0.194,0.118,0.605,0.321,Warning
116,2026-01-05T20:00:00.000Z,korba-west-bench,zone-b,EX-201,3.21,0.74,7.24,1.2,3.54,71,-62,62,0.962,0.163,2.279,0.594,Critical
117,2026-01-05T21:00:00.000Z,raniganj-south-slope,zone-c,EX-201,0.21,0.22,0,0.01,1.12,12,-74,93,0.024,0.1,0.025,0.128,Normal
118,2026-01-05T22:00:00.000Z,korba-west-bench,zone-d,PZ-401,0.06,0.14,0.33,0.22,0.58,18,-78,75,0.045,0.512,0.011,0.077,Normal
119,2026-01-05T23:00:00.000Z,singareni-s4,zone-b,EX-201,0.7,0.27,2.03,0.17,0.44,29,-62,75,0.073,0.08,0.203,0.184,Normal
120,2026-01-06T00:00:00.000Z,raniganj-south-slope,zone-b,SN-101,0.52,0.17,1.96,0.13,0.2,21,-82,91,0.039,0.063,0.109,0.172,Normal
121,2026-01-06T01:00:00.000Z,singareni-s4,zone-d,PZ-401,0,0,1.43,0.05,0.27,22,-69,77,0,0.033,0,0.017,Normal
122,2026-01-06T02:00:00.000Z,korba-west-bench,zone-a,SN-101,1.97,0.46,2.18,0.55,1.97,39,-77,94,0.299,0.241,0.768,0.36,Warning
123,2026-01-06T03:00:00.000Z,jharia-open-pit,zone-c,PZ-401,3.71,0.92,7.95,1.36,3.28,75,-78,83,1.343,0.169,2.782,0.717,Critical
124,2026-01-06T04:00:00.000Z,jharia-open-pit,zone-a,SN-101,0,0,1.6,0.14,0.55,19,-66,87,0,0.082,0,0.051,Normal
125,2026-01-06T05:00:00.000Z,jharia-open-pit,zone-b,TL-301,1.27,0.3,2.5,0.33,1.12,54,-74,94,0.129,0.127,0.686,0.271,Normal
126,2026-01-06T06:00:00.000Z,korba-west-bench,zone-c,PZ-401,0.57,0.1,0.58,0.03,0.1,41,-77,77,0.013,0.044,0.234,0.079,Normal
127,2026-01-06T07:00:00.000Z,korba-west-bench,zone-c,PZ-401,0.11,0,1.79,0,0.48,25,-63,90,0,0,0.028,0.031,Normal
128,2026-01-06T08:00:00.000Z,singareni-s4,zone-a,EX-201,3.42,0.86,8.3,1.11,3.14,70,-78,83,1.041,0.132,2.394,0.628,Critical
129,2026-01-06T09:00:00.000Z,raniganj-south-slope,zone-c,EX-201,1.18,0.31,3,0.67,1.73,52,-81,98,0.239,0.216,0.614,0.31,Warning
130,2026-01-06T10:00:00.000Z,jharia-open-pit,zone-d,TL-301,0,0.13,0,0.15,1.42,16,-80,93,0.033,1.5,0,0.089,Normal
131,2026-01-06T11:00:00.000Z,korba-west-bench,zone-c,EX-201,1.35,0.32,2.65,0.34,1.22,36,-68,68,0.141,0.124,0.486,0.213,Normal
132,2026-01-06T12:00:00.000Z,korba-west-bench,zone-b,SN-101,0.61,0.06,1.26,0.24,0.33,31,-69,99,0.02,0.176,0.189,0.111,Normal
133,2026-01-06T13:00:00.000Z,raniganj-south-slope,zone-c,PZ-401,3.43,0.84,7.37,1.1,2.57,68,-78,77,1.008,0.147,2.332,0.614,Critical
134,2026-01-06T14:00:00.000Z,raniganj-south-slope,zone-c,EX-201,1.55,0.22,3.24,0.43,2.55,63,-82,93,0.117,0.129,0.977,0.286,Normal
135,2026-01-06T15:00:00.000Z,singareni-s4,zone-b,PZ-401,3.22,0.93,8.12,1.3,2.71,71,-76,79,1.302,0.158,2.286,0.636,Critical
136,2026-01-06T16:00:00.000Z,singareni-s4,zone-d,SN-101,1.75,0.37,3.72,0.45,1.82,54,-63,90,0.204,0.118,0.945,0.348,Warning
137,2026-01-06T17:00:00.000Z,korba-west-bench,zone-a,SN-101,3.68,0.89,6.88,1.34,3.08,61,-69,86,1.282,0.192,2.245,0.69,Critical
138,2026-01-06T18:00:00.000Z,singareni-s4,zone-a,PZ-401,1.94,0.31,3.68,0.33,2.49,54,-62,91,0.133,0.087,1.048,0.34,Warning
139,2026-01-06T19:00:00.000Z,raniganj-south-slope,zone-c,EX-201,0.69,0.03,1.09,0,0.54,33,-73,92,0.003,0,0.228,0.108,Normal
140,2026-01-06T20:00:00.000Z,raniganj-south-slope,zone-b,PZ-401,0.08,0.1,0.49,0.22,0.46,19,-76,79,0.032,0.373,0.015,0.081,Normal
141,2026-01-06T21:00:00.000Z,korba-west-bench,zone-d,SN-101,0,0.06,2.38,0.24,1.28,26,-84,61,0.02,0.097,0,0.106,Normal
142,2026-01-06T22:00:00.000Z,singareni-s4,zone-b,PZ-401,0.83,0.13,0.88,0.2,0,36,-67,76,0.039,0.204,0.299,0.134,Normal
143,2026-01-06T23:00:00.000Z,korba-west-bench,zone-b,PZ-401,0.44,0.17,0.24,0.08,0,16,-81,91,0.031,0.235,0.07,0.098,Normal
144,2026-01-07T00:00:00.000Z,singareni-s4,zone-b,SN-101,3.75,0.89,6.94,1.1,3.09,74,-84,63,1.068,0.156,2.775,0.639,Critical
145,2026-01-07T01:00:00.000Z,raniganj-south-slope,zone-b,EX-201,1.76,0.33,3.33,0.37,1.25,38,-67,88,0.155,0.108,0.669,0.248,Normal
146,2026-01-07T02:00:00.000Z,singareni-s4,zone-d,TL-301,0.3,0.24,1.92,0.23,1.13,34,-74,61,0.079,0.114,0.102,0.137,Normal
147,2026-01-07T03:00:00.000Z,singareni-s4,zone-b,EX-201,1.15,0.28,2.36,0.62,1.49,63,-74,81,0.202,0.252,0.724,0.222,Normal
148,2026-01-07T04:00:00.000Z,jharia-open-pit,zone-c,EX-201,0.09,0.38,1.83,0,0.78,11,-74,78,0.038,0,0.01,0.107,Normal
149,2026-01-07T05:00:00.000Z,korba-west-bench,zone-a,EX-201,0.98,0.14,0.46,0.31,0.44,25,-74,88,0.057,0.554,0.245,0.113,Normal
150,2026-01-07T06:00:00.000Z,jharia-open-pit,zone-c,SN-101,1.96,0.47,4.04,0.38,1.77,57,-79,68,0.226,0.092,1.117,0.346,Warning
151,2026-01-07T07:00:00.000Z,jharia-open-pit,zone-d,EX-201,0.23,0.11,0.22,0.19,0.49,27,-73,97,0.032,0.594,0.062,0.034,Normal
152,2026-01-07T08:00:00.000Z,jharia-open-pit,zone-a,EX-201,0,0,1.02,0.31,1.71,36,-60,74,0,0.277,0,0.201,Normal
153,2026-01-07T09:00:00.000Z,jharia-open-pit,zone-b,SN-101,0.75,0.06,0.04,0.01,1.4,26,-78,92,0.007,0.071,0.195,0.118,Normal
154,2026-01-07T10:00:00.000Z,singareni-s4,zone-b,EX-201,1.73,0.47,2.55,0.5,1.31,34,-67,83,0.282,0.189,0.588,0.297,Normal
155,2026-01-07T11:00:00.000Z,jharia-open-pit,zone-b,PZ-401,4.02,0.98,7.08,1.12,3.48,59,-71,96,1.196,0.156,2.372,0.659,Critical
156,2026-01-07T12:00:00.000Z,jharia-open-pit,zone-d,SN-101,0.52,0.06,0.32,0,0.66,28,-78,92,0.006,0,0.146,0.109,Normal
157,2026-01-07T13:00:00.000Z,korba-west-bench,zone-d,SN-101,0.87,0.16,0,0.12,0.8,28,-67,77,0.035,1.2,0.244,0.136,Normal
158,2026-01-07T14:00:00.000Z,singareni-s4,zone-c,PZ-401,0.52,0,0.39,0.04,0.01,20,-76,61,0,0.082,0.104,-0.002,Normal
159,2026-01-07T15:00:00.000Z,jharia-open-pit,zone-b,SN-101,3.61,0.87,6.12,1.05,3.73,79,-70,98,1.001,0.169,2.852,0.637,Critical
160,2026-01-07T16:00:00.000Z,singareni-s4,zone-b,SN-101,0.52,0.04,0.16,0.21,0.43,12,-79,94,0.012,0.808,0.062,0.106,Normal
161,2026-01-07T17:00:00.000Z,singareni-s4,zone-c,PZ-401,2.93,1.11,7.48,1.43,3.34,66,-75,95,1.698,0.189,1.934,0.699,Critical
162,2026-01-07T18:00:00.000Z,raniganj-south-slope,zone-d,TL-301,0,0.21,0,0.1,1.47,41,-70,99,0.042,1,0,0.152,Normal
163,2026-01-07T19:00:00.000Z,raniganj-south-slope,zone-d,TL-301,1.32,0.42,4.32,0.34,1.8,62,-76,85,0.185,0.077,0.818,0.288,Normal
164,2026-01-07T20:00:00.000Z,singareni-s4,zone-c,EX-201,3.61,0.76,8.71,1.19,2.95,71,-63,78,0.98,0.135,2.563,0.607,Critical
165,2026-01-07T21:00:00.000Z,korba-west-bench,zone-c,PZ-401,1.16,0.13,3.69,0.44,2.34,50,-78,69,0.07,0.116,0.58,0.277,Normal
166,2026-01-07T22:00:00.000Z,korba-west-bench,zone-a,PZ-401,0.38,0.04,0.53,0,0.39,23,-68,79,0.004,0,0.087,0.056,Normal
167,2026-01-07T23:00:00.000Z,raniganj-south-slope,zone-a,TL-301,3.97,1.04,8.89,1.24,3.24,71,-75,65,1.394,0.138,2.819,0.683,Critical
168,2026-01-08T00:00:00.000Z,raniganj-south-slope,zone-a,PZ-401,0.22,0,1.21,0.3,0.31,25,-74,95,0,0.229,0.055,0.09,Normal
169,2026-01-08T01:00:00.000Z,singareni-s4,zone-b,EX-201,0.9,0.18,0.21,0,0.46,27,-83,84,0.018,0,0.243,0.123,Normal
170,2026-01-08T02:00:00.000Z,jharia-open-pit,zone-c,PZ-401,0.27,0.14,1.9,0.04,1.26,36,-73,85,0.02,0.02,0.097,0.187,Normal
171,2026-01-08T03:00:00.000Z,singareni-s4,zone-b,EX-201,0.99,0.16,1.99,0,0,26,-76,73,0.016,0,0.257,0.095,Normal
172,2026-01-08T04:00:00.000Z,singareni-s4,zone-d,PZ-401,0,0.22,0,0,0.56,22,-73,70,0.022,0,0,0.131,Normal
173,2026-01-08T05:00:00.000Z,singareni-s4,zone-b,PZ-401,0.77,0.09,0.77,0.1,0,24,-81,66,0.018,0.115,0.185,0.172,Normal
174,2026-01-08T06:00:00.000Z,raniganj-south-slope,zone-a,EX-201,0.58,0.11,0.22,0.19,2,19,-77,61,0.032,0.594,0.11,0.138,Normal
175,2026-01-08T07:00:00.000Z,raniganj-south-slope,zone-c,EX-201,0,0.08,0,0.42,0.21,25,-72,97,0.042,4.2,0,0.134,Normal
176,2026-01-08T08:00:00.000Z,raniganj-south-slope,zone-c,PZ-401,1.14,0.24,0.93,0,0.72,25,-75,87,0.024,0,0.285,0.141,Normal
177,2026-01-08T09:00:00.000Z,singareni-s4,zone-a,SN-101,0.98,0,1.03,0,0.05,22,-77,95,0,0,0.216,0.071,Normal
178,2026-01-08T10:00:00.000Z,singareni-s4,zone-d,EX-201,0.09,0.08,0,0.24,0.1,23,-80,71,0.027,2.4,0.021,0.053,Normal
179,2026-01-08T11:00:00.000Z,jharia-open-pit,zone-c,PZ-401,2.43,0.37,2.27,0.5,0.81,50,-76,88,0.222,0.211,1.215,0.327,Warning
180,2026-01-08T12:00:00.000Z,singareni-s4,zone-b,SN-101,0.65,0.06,1.49,0,0.62,23,-77,72,0.006,0,0.15,0.1,Normal
181,2026-01-08T13:00:00.000Z,korba-west-bench,zone-d,SN-101,1.86,0.49,5.13,0.41,1.9,49,-80,74,0.25,0.078,0.911,0.384,Warning
182,2026-01-08T14:00:00.000Z,singareni-s4,zone-c,TL-301,1.82,0.3,2.65,0.64,1.85,45,-82,97,0.222,0.233,0.819,0.33,Warning
183,2026-01-08T15:00:00.000Z,korba-west-bench,zone-d,EX-201,0,0,0.94,0.41,0,45,-69,68,0,0.394,0,-0.05,Normal
184,2026-01-08T16:00:00.000Z,singareni-s4,zone-d,EX-201,0.7,0.22,0,0.06,0.72,31,-60,89,0.035,0.6,0.217,0.057,Normal
185,2026-01-08T17:00:00.000Z,korba-west-bench,zone-c,PZ-401,0.44,0.11,1.42,0,1.01,19,-83,69,0.011,0,0.084,0.055,Normal
186,2026-01-08T18:00:00.000Z,korba-west-bench,zone-c,PZ-401,1.3,0.36,3.13,0.34,2.1,57,-65,78,0.158,0.105,0.741,0.252,Normal
187,2026-01-08T19:00:00.000Z,singareni-s4,zone-c,SN-101,0,0,0.49,0.07,0.51,11,-82,94,0,0.119,0,0.006,Normal
188,2026-01-08T20:00:00.000Z,raniganj-south-slope,zone-b,PZ-401,0.64,0.12,0.55,0.01,1.03,21,-78,82,0.013,0.015,0.134,0.205,Normal
189,2026-01-08T21:00:00.000Z,singareni-s4,zone-a,TL-301,2.05,0.26,2.01,0.66,1.69,38,-81,73,0.198,0.313,0.779,0.208,Normal
190,2026-01-08T22:00:00.000Z,jharia-open-pit,zone-a,PZ-401,0.34,0.23,0,0.1,0.23,30,-61,77,0.046,1,0.102,0.114,Normal
191,2026-01-08T23:00:00.000Z,raniganj-south-slope,zone-a,PZ-401,0.51,0.05,0.58,0.1,0.23,10,-83,87,0.01,0.147,0.051,0.123,Normal
192,2026-01-09T00:00:00.000Z,singareni-s4,zone-d,SN-101,0.53,0.23,0,0,0.67,10,-76,71,0.023,0,0.053,0.046,Normal
193,2026-01-09T01:00:00.000Z,raniganj-south-slope,zone-b,SN-101,1.99,0.58,3.48,0.37,2.68,64,-82,61,0.273,0.103,1.274,0.394,Warning
194,2026-01-09T02:00:00.000Z,jharia-open-pit,zone-c,TL-301,3.8,0.88,7.76,1.28,3.34,64,-70,61,1.214,0.163,2.432,0.691,Critical
195,2026-01-09T03:00:00.000Z,singareni-s4,zone-a,EX-201,0,0,0,0.27,1.46,31,-75,95,0,2.7,0,0.078,Normal
196,2026-01-09T04:00:00.000Z,singareni-s4,zone-c,PZ-401,3.29,0.8,6.79,1.28,3.04,83,-69,75,1.104,0.186,2.731,0.558,Critical
197,2026-01-09T05:00:00.000Z,raniganj-south-slope,zone-a,SN-101,0.73,0.12,0.55,0.04,0,43,-68,87,0.017,0.062,0.314,0.141,Normal
198,2026-01-09T06:00:00.000Z,jharia-open-pit,zone-d,EX-201,1.29,0.27,3.32,0.25,1.66,30,-61,84,0.095,0.073,0.387,0.179,Normal
199,2026-01-09T07:00:00.000Z,jharia-open-pit,zone-c,PZ-401,1.65,0.39,3.21,0.53,1.61,46,-80,76,0.246,0.16,0.759,0.268,Normal
200,2026-01-09T08:00:00.000Z,singareni-s4,zone-d,SN-101,0.58,0.15,1.66,0.17,0,30,-81,99,0.041,0.097,0.174,0.183,Normal
201,2026-01-09T09:00:00.000Z,jharia-open-pit,zone-c,SN-101,0.79,0.05,1.63,0,0.49,31,-77,93,0.005,0,0.245,0.125,Normal
202,2026-01-09T10:00:00.000Z,korba-west-bench,zone-b,SN-101,3.77,0.86,7.67,1.37,3.29,67,-71,60,1.264,0.176,2.526,0.635,Critical
203,2026-01-09T11:00:00.000Z,raniganj-south-slope,zone-b,SN-101,0.27,0,0.25,0,0.85,24,-79,93,0,0,0.065,0.139,Normal
204,2026-01-09T12:00:00.000Z,raniganj-south-slope,zone-c,PZ-401,3.08,0.8,5.8,1.32,3.61,72,-83,86,1.136,0.224,2.218,0.645,Critical
205,2026-01-09T13:00:00.000Z,korba-west-bench,zone-b,SN-101,1.44,0.29,1.97,0.63,1.33,46,-72,75,0.212,0.304,0.662,0.261,Normal
206,2026-01-09T14:00:00.000Z,raniganj-south-slope,zone-a,PZ-401,0.21,0.2,1.24,0.27,0.64,29,-83,87,0.074,0.201,0.061,0.139,Normal
207,2026-01-09T15:00:00.000Z,raniganj-south-slope,zone-a,EX-201,3.31,0.89,8.28,1.27,2.93,82,-83,67,1.219,0.152,2.714,0.686,Critical
208,2026-01-09T16:00:00.000Z,singareni-s4,zone-c,EX-201,1.51,0.16,2.78,0.5,1.87,30,-63,92,0.096,0.174,0.453,0.186,Normal
209,2026-01-09T17:00:00.000Z,raniganj-south-slope,zone-b,TL-301,0.62,0.08,1.3,0.01,1.32,35,-62,86,0.009,0.007,0.217,0.165,Normal
210,2026-01-09T18:00:00.000Z,singareni-s4,zone-a,TL-301,0.52,0.05,0,0.02,0,33,-74,90,0.006,0.2,0.172,0.108,Normal
211,2026-01-09T19:00:00.000Z,singareni-s4,zone-c,TL-301,0.57,0.03,0.57,0.24,1.52,17,-74,82,0.01,0.358,0.097,0.133,Normal
212,2026-01-09T20:00:00.000Z,korba-west-bench,zone-d,PZ-401,0.94,0.38,0.18,0,0.82,29,-80,99,0.038,0,0.273,0.139,Normal
213,2026-01-09T21:00:00.000Z,singareni-s4,zone-b,PZ-401,0.35,0.05,2.15,0,0.62,27,-72,64,0.005,0,0.095,0.111,Normal
214,2026-01-09T22:00:00.000Z,korba-west-bench,zone-c,PZ-401,1.98,0.3,3.45,0.5,2.16,48,-68,83,0.18,0.141,0.95,0.287,Normal
215,2026-01-09T23:00:00.000Z,jharia-open-pit,zone-b,SN-101,3.83,0.85,7.61,1.23,3.54,72,-64,76,1.131,0.16,2.758,0.674,Critical
216,2026-01-10T00:00:00.000Z,korba-west-bench,zone-a,SN-101,2.63,0.33,2.69,0.43,2.13,38,-80,74,0.175,0.154,0.999,0.322,Warning
217,2026-01-10T01:00:00.000Z,korba-west-bench,zone-d,PZ-401,3.21,0.94,8.66,1.31,3.61,72,-79,69,1.325,0.15,2.311,0.696,Critical
218,2026-01-10T02:00:00.000Z,raniganj-south-slope,zone-c,PZ-401,1.74,0.22,3.07,0.61,1.44,48,-70,95,0.156,0.192,0.835,0.295,Normal
219,2026-01-10T03:00:00.000Z,raniganj-south-slope,zone-a,TL-301,1.31,0.2,3.95,0.19,1.98,38,-70,81,0.058,0.047,0.498,0.238,Normal
220,2026-01-10T04:00:00.000Z,jharia-open-pit,zone-a,PZ-401,3.25,0.75,7.46,1.31,3.5,73,-75,84,1.058,0.173,2.373,0.59,Critical
221,2026-01-10T05:00:00.000Z,korba-west-bench,zone-d,EX-201,0.14,0,1.1,0.26,0.98,25,-79,70,0,0.217,0.035,0.108,Normal
222,2026-01-10T06:00:00.000Z,jharia-open-pit,zone-d,EX-201,1.51,0.64,3.58,0.5,1.58,53,-68,61,0.384,0.136,0.8,0.299,Normal
223,2026-01-10T07:00:00.000Z,jharia-open-pit,zone-a,EX-201,0.42,0.07,0.84,0,0.48,24,-81,69,0.007,0,0.101,0.095,Normal
224,2026-01-10T08:00:00.000Z,jharia-open-pit,zone-c,SN-101,1.66,0.27,2.51,0.45,1.03,37,-85,76,0.149,0.172,0.614,0.284,Normal
225,2026-01-10T09:00:00.000Z,jharia-open-pit,zone-b,EX-201,1.81,0.43,2.76,0.39,1.5,60,-81,74,0.211,0.136,1.086,0.281,Normal
226,2026-01-10T10:00:00.000Z,korba-west-bench,zone-a,TL-301,4.12,0.99,7.26,1.45,4.04,77,-76,73,1.534,0.197,3.172,0.818,Critical
227,2026-01-10T11:00:00.000Z,raniganj-south-slope,zone-c,PZ-401,1.01,0,0.29,0,0.12,21,-64,81,0,0,0.212,0.068,Normal
228,2026-01-10T12:00:00.000Z,singareni-s4,zone-d,EX-201,3.75,0.8,5.78,1.29,3.46,72,-70,84,1.112,0.219,2.7,0.626,Critical
229,2026-01-10T13:00:00.000Z,raniganj-south-slope,zone-a,TL-301,1.56,0.24,3.25,0.35,1.34,41,-73,70,0.108,0.104,0.64,0.232,Normal
230,2026-01-10T14:00:00.000Z,raniganj-south-slope,zone-a,SN-101,1.07,0.07,0.17,0.02,0.68,30,-69,98,0.008,0.074,0.321,0.069,Normal
231,2026-01-10T15:00:00.000Z,raniganj-south-slope,zone-c,EX-201,0.11,0,1.85,0.08,0.49,22,-81,92,0,0.041,0.024,0.104,Normal
232,2026-01-10T16:00:00.000Z,singareni-s4,zone-d,SN-101,1.6,0.21,3.85,0.31,1.4,43,-73,60,0.086,0.078,0.688,0.293,Normal
233,2026-01-10T17:00:00.000Z,raniganj-south-slope,zone-d,EX-201,0.27,0.07,1.04,0,0.29,25,-62,65,0.007,0,0.068,0.115,Normal
234,2026-01-10T18:00:00.000Z,korba-west-bench,zone-d,TL-301,1.21,0.49,3.66,0.52,2.38,39,-72,77,0.304,0.138,0.472,0.32,Warning
235,2026-01-10T19:00:00.000Z,singareni-s4,zone-d,EX-201,3.61,0.8,9.38,0.99,4.01,56,-72,98,0.872,0.104,2.022,0.629,Critical
236,2026-01-10T20:00:00.000Z,raniganj-south-slope,zone-c,PZ-401,0.38,0,1.32,0.16,0.15,15,-69,61,0,0.113,0.057,0.01,Normal
237,2026-01-10T21:00:00.000Z,raniganj-south-slope,zone-d,TL-301,0.61,0.05,0.48,0,0.18,20,-73,60,0.005,0,0.122,0.006,Normal
238,2026-01-10T22:00:00.000Z,korba-west-bench,zone-c,EX-201,0.45,0.35,0.97,0.16,0.18,35,-83,98,0.091,0.15,0.158,0.166,Normal
239,2026-01-10T23:00:00.000Z,singareni-s4,zone-a,EX-201,0.82,0.11,1.55,0.27,0.34,22,-76,61,0.041,0.164,0.18,0.192,Normal
240,2026-01-11T00:00:00.000Z,singareni-s4,zone-d,SN-101,0,0.05,0.24,0.09,0.38,29,-81,89,0.01,0.265,0,0.093,Normal
241,2026-01-11T01:00:00.000Z,singareni-s4,zone-c,SN-101,2.28,0.23,3.25,0.31,1.88,56,-74,83,0.094,0.093,1.277,0.337,Warning
242,2026-01-11T02:00:00.000Z,raniganj-south-slope,zone-c,TL-301,0,0.05,0.29,0.19,0.22,10,-79,74,0.015,0.487,0,-0.002,Normal
243,2026-01-11T03:00:00.000Z,singareni-s4,zone-d,PZ-401,0,0,0.17,0.19,0.78,34,-69,80,0,0.704,0,0.116,Normal
244,2026-01-11T04:00:00.000Z,singareni-s4,zone-a,PZ-401,0.8,0,0.56,0.32,0.71,27,-71,73,0,0.485,0.216,0.089,Normal
245,2026-01-11T05:00:00.000Z,korba-west-bench,zone-a,EX-201,0.62,0.21,0,0.1,0.8,37,-72,89,0.042,1,0.229,0.145,Normal
246,2026-01-11T06:00:00.000Z,raniganj-south-slope,zone-d,TL-301,0,0.07,0,0.19,1.57,20,-83,74,0.02,1.9,0,0.027,Normal
247,2026-01-11T07:00:00.000Z,jharia-open-pit,zone-d,TL-301,3.61,0.97,7.7,1.2,3.33,73,-69,79,1.261,0.154,2.635,0.727,Critical
248,2026-01-11T08:00:00.000Z,jharia-open-pit,zone-d,TL-301,0.51,0,1.33,0.01,0.54,29,-81,80,0,0.007,0.148,0.046,Normal
249,2026-01-11T09:00:00.000Z,korba-west-bench,zone-a,SN-101,0.59,0.12,0.06,0.19,0.22,22,-85,66,0.035,1.188,0.13,0.128,Normal
250,2026-01-11T10:00:00.000Z,korba-west-bench,zone-b,SN-101,0,0.23,0,0.1,0.51,28,-76,92,0.046,1,0,0.068,Normal
251,2026-01-11T11:00:00.000Z,singareni-s4,zone-a,PZ-401,0.33,0.26,0.38,0.13,0.38,10,-76,72,0.06,0.271,0.033,0.103,Normal
252,2026-01-11T12:00:00.000Z,jharia-open-pit,zone-c,EX-201,1.02,0.06,0,0.2,1.16,39,-84,70,0.018,2,0.398,0.163,Normal
253,2026-01-11T13:00:00.000Z,singareni-s4,zone-c,TL-301,1.28,0.4,2.89,0.34,0.98,55,-61,60,0.176,0.114,0.704,0.262,Normal
254,2026-01-11T14:00:00.000Z,korba-west-bench,zone-d,EX-201,3.4,1.07,6.32,1.04,4.13,79,-63,83,1.22,0.162,2.686,0.616,Critical
255,2026-01-11T15:00:00.000Z,singareni-s4,zone-d,EX-201,0.56,0.18,1.84,0.14,0,28,-72,97,0.043,0.072,0.157,0.125,Normal
256,2026-01-11T16:00:00.000Z,jharia-open-pit,zone-d,SN-101,0.58,0.13,1.7,0.38,0.81,27,-78,94,0.062,0.211,0.157,0.158,Normal
257,2026-01-11T17:00:00.000Z,korba-west-bench,zone-a,SN-101,0.45,0.07,0.56,0,0.42,21,-79,90,0.007,0,0.095,0.083,Normal
258,2026-01-11T18:00:00.000Z,korba-west-bench,zone-d,PZ-401,0,0.01,0.47,0.04,0.22,37,-78,87,0.001,0.07,0,0.103,Normal
259,2026-01-11T19:00:00.000Z,singareni-s4,zone-d,SN-101,0,0.03,0.51,0.03,0.87,26,-81,71,0.004,0.049,0,0.061,Normal
260,2026-01-11T20:00:00.000Z,jharia-open-pit,zone-b,EX-201,0.79,0.13,0,0.26,0.4,13,-83,71,0.047,2.6,0.103,0.115,Normal
261,2026-01-11T21:00:00.000Z,jharia-open-pit,zone-a,TL-301,1.55,0.35,3.55,0.2,1.65,53,-84,80,0.105,0.055,0.822,0.292,Normal
262,2026-01-11T22:00:00.000Z,korba-west-bench,zone-d,PZ-401,0.13,0.17,0,0.01,0.74,18,-84,84,0.019,0.1,0.023,0.122,Normal
263,2026-01-11T23:00:00.000Z,singareni-s4,zone-d,SN-101,2.16,0.44,4.07,0.51,2.03,44,-82,66,0.268,0.122,0.95,0.324,Warning
264,2026-01-12T00:00:00.000Z,raniganj-south-slope,zone-b,EX-201,1.15,0.46,4.47,0.48,1.87,43,-61,68,0.267,0.105,0.494,0.279,Normal
265,2026-01-12T01:00:00.000Z,jharia-open-pit,zone-b,TL-301,2.01,0.15,3.14,0.34,1.93,46,-63,79,0.066,0.105,0.925,0.278,Normal
266,2026-01-12T02:00:00.000Z,korba-west-bench,zone-d,EX-201,0,0,0.67,0.24,0.73,21,-85,63,0,0.312,0,0.07,Normal
267,2026-01-12T03:00:00.000Z,raniganj-south-slope,zone-d,SN-101,0.5,0.05,0.09,0.22,0.78,22,-65,96,0.016,1.158,0.11,0.037,Normal
268,2026-01-12T04:00:00.000Z,singareni-s4,zone-c,EX-201,3.49,1.19,7.29,1.14,3.36,71,-84,96,1.476,0.154,2.478,0.648,Critical
269,2026-01-12T05:00:00.000Z,raniganj-south-slope,zone-a,SN-101,0.66,0.02,1,0,0.43,14,-84,77,0.002,0,0.092,0.083,Normal
270,2026-01-12T06:00:00.000Z,jharia-open-pit,zone-a,SN-101,0.21,0.18,0.38,0.23,0,23,-83,69,0.059,0.479,0.048,0.052,Normal
271,2026-01-12T07:00:00.000Z,korba-west-bench,zone-a,PZ-401,2.06,0.32,4.07,0.29,1.17,54,-81,100,0.125,0.07,1.112,0.352,Warning
272,2026-01-12T08:00:00.000Z,jharia-open-pit,zone-c,PZ-401,0.1,0,0.38,0.01,0,36,-75,93,0,0.021,0.036,0.064,Normal
273,2026-01-12T09:00:00.000Z,korba-west-bench,zone-b,SN-101,0.5,0.09,1.45,0.07,0.74,32,-73,92,0.015,0.045,0.16,0.071,Normal
274,2026-01-12T10:00:00.000Z,raniganj-south-slope,zone-b,SN-101,0.11,0.06,1.39,0.01,0,10,-63,86,0.007,0.007,0.011,0.092,Normal
275,2026-01-12T11:00:00.000Z,singareni-s4,zone-b,TL-301,1.06,0.29,2.53,0.32,2.43,51,-63,96,0.122,0.122,0.541,0.266,Normal
276,2026-01-12T12:00:00.000Z,korba-west-bench,zone-a,SN-101,1.35,0.37,1.44,0.82,2.04,42,-62,97,0.34,0.532,0.567,0.342,Warning
277,2026-01-12T13:00:00.000Z,jharia-open-pit,zone-d,SN-101,0.32,0.23,0.76,0.22,0.9,17,-65,95,0.074,0.256,0.054,0.117,Normal
278,2026-01-12T14:00:00.000Z,korba-west-bench,zone-b,PZ-401,0.08,0.15,1.72,0.2,0,28,-79,84,0.045,0.11,0.022,0.097,Normal
279,2026-01-12T15:00:00.000Z,korba-west-bench,zone-b,TL-301,0,0,0.71,0.09,1.11,11,-82,98,0,0.111,0,0.11,Normal
280,2026-01-12T16:00:00.000Z,korba-west-bench,zone-c,SN-101,0,0.15,0,0.06,1.24,36,-61,81,0.024,0.6,0,0.132,Normal
281,2026-01-12T17:00:00.000Z,singareni-s4,zone-b,PZ-401,0.28,0.28,0.14,0.27,0,32,-75,87,0.104,1.125,0.09,0.161,Normal
282,2026-01-12T18:00:00.000Z,jharia-open-pit,zone-d,TL-301,2.47,0.51,4.16,0.36,1.51,37,-71,85,0.235,0.085,0.914,0.397,Warning
283,2026-01-12T19:00:00.000Z,korba-west-bench,zone-c,TL-301,0.14,0.22,1.15,0.09,0.42,11,-77,96,0.042,0.072,0.015,0.052,Normal
284,2026-01-12T20:00:00.000Z,singareni-s4,zone-b,PZ-401,0.12,0.03,0.89,0.15,1.04,16,-76,92,0.007,0.152,0.019,0.084,Normal
285,2026-01-12T21:00:00.000Z,raniganj-south-slope,zone-c,PZ-401,2.14,0.31,2.81,0.66,1.82,52,-79,76,0.236,0.227,1.113,0.341,Warning
286,2026-01-12T22:00:00.000Z,korba-west-bench,zone-a,PZ-401,2.01,0.31,3.61,0.58,2.57,57,-69,89,0.211,0.156,1.146,0.365,Warning
287,2026-01-12T23:00:00.000Z,jharia-open-pit,zone-d,PZ-401,4.16,0.83,6.55,1.31,3.42,72,-67,100,1.17,0.197,2.995,0.694,Critical
288,2026-01-13T00:00:00.000Z,singareni-s4,zone-c,PZ-401,0.07,0.07,1.99,0.15,0.56,10,-84,77,0.018,0.072,0.007,0.029,Normal
289,2026-01-13T01:00:00.000Z,korba-west-bench,zone-d,EX-201,1.04,0,1.14,0.24,0.32,27,-66,68,0,0.194,0.281,0.151,Normal
290,2026-01-13T02:00:00.000Z,jharia-open-pit,zone-d,PZ-401,0.29,0.07,1.1,0.08,0.77,22,-66,84,0.013,0.067,0.064,0.121,Normal
291,2026-01-13T03:00:00.000Z,singareni-s4,zone-b,EX-201,0.72,0,1.68,0.08,1.18,27,-75,81,0,0.045,0.194,0.065,Normal
292,2026-01-13T04:00:00.000Z,korba-west-bench,zone-a,EX-201,0.18,0.12,0,0.15,1.06,22,-79,71,0.03,1.5,0.04,0.126,Normal
293,2026-01-13T05:00:00.000Z,korba-west-bench,zone-d,SN-101,0.73,0,0.07,0.05,1.32,29,-62,66,0,0.294,0.212,0.046,Normal
294,2026-01-13T06:00:00.000Z,jharia-open-pit,zone-a,SN-101,0.67,0.14,0,0.11,0.42,21,-77,64,0.029,1.1,0.141,0.098,Normal
295,2026-01-13T07:00:00.000Z,jharia-open-pit,zone-c,SN-101,1.45,0.43,3.7,0.57,1.79,45,-67,100,0.288,0.15,0.652,0.338,Warning
296,2026-01-13T08:00:00.000Z,korba-west-bench,zone-c,EX-201,0.65,0.1,1.26,0,1.25,18,-70,66,0.01,0,0.117,0.153,Normal
297,2026-01-13T09:00:00.000Z,korba-west-bench,zone-a,EX-201,2.16,0.48,3.11,0.54,2.36,67,-81,90,0.307,0.168,1.447,0.413,Warning
298,2026-01-13T10:00:00.000Z,korba-west-bench,zone-a,PZ-401,0.51,0,0.35,0.1,0.55,22,-74,70,0,0.222,0.112,0.082,Normal
299,2026-01-13T11:00:00.000Z,jharia-open-pit,zone-c,TL-301,0.35,0.05,0,0.23,0.55,18,-73,91,0.017,2.3,0.063,0.062,Normal
300,2026-01-13T12:00:00.000Z,korba-west-bench,zone-b,SN-101,1.41,0.37,4.1,0.36,1.55,39,-70,79,0.17,0.086,0.55,0.305,Warning
301,2026-01-13T13:00:00.000Z,korba-west-bench,zone-d,EX-201,0.44,0.05,1.16,0,0.46,28,-68,99,0.005,0,0.123,0.065,Normal
302,2026-01-13T14:00:00.000Z,raniganj-south-slope,zone-c,PZ-401,2.04,0.27,1.6,0.24,1.16,60,-83,91,0.092,0.141,1.224,0.305,Warning
303,2026-01-13T15:00:00.000Z,jharia-open-pit,zone-a,SN-101,1.98,0.43,4.2,0.5,1.66,56,-71,66,0.258,0.116,1.109,0.389,Warning
304,2026-01-13T16:00:00.000Z,raniganj-south-slope,zone-d,EX-201,0.8,0,0.4,0,1.19,20,-79,72,0,0,0.16,0.096,Normal
305,2026-01-13T17:00:00.000Z,korba-west-bench,zone-d,TL-301,1.54,0.42,2.55,0.13,1.96,52,-67,69,0.097,0.049,0.801,0.319,Warning
306,2026-01-13T18:00:00.000Z,singareni-s4,zone-a,TL-301,3.61,0.93,7.57,1.22,2.61,69,-81,78,1.228,0.159,2.491,0.647,Critical
307,2026-01-13T19:00:00.000Z,singareni-s4,zone-d,TL-301,0.28,0,0.91,0.14,0.2,32,-61,93,0,0.139,0.09,0.109,Normal
308,2026-01-13T20:00:00.000Z,singareni-s4,zone-c,SN-101,3.6,0.83,7.13,1.29,3.12,64,-78,81,1.154,0.178,2.304,0.633,Critical
309,2026-01-13T21:00:00.000Z,jharia-open-pit,zone-a,SN-101,0,0.07,1.14,0.17,0.27,37,-65,90,0.019,0.137,0,-0.013,Normal
310,2026-01-13T22:00:00.000Z,jharia-open-pit,zone-d,TL-301,1.75,0.44,3.23,0.59,1.59,44,-77,67,0.304,0.177,0.77,0.328,Warning
311,2026-01-13T23:00:00.000Z,raniganj-south-slope,zone-b,PZ-401,1.92,0.16,2.55,0.8,1.5,54,-79,94,0.144,0.302,1.037,0.337,Warning
312,2026-01-14T00:00:00.000Z,raniganj-south-slope,zone-b,SN-101,0.88,0.11,0.24,0,0.18,31,-76,82,0.011,0,0.273,0.063,Normal
313,2026-01-14T01:00:00.000Z,raniganj-south-slope,zone-c,PZ-401,0.47,0,1.85,0.41,0.55,21,-82,75,0,0.21,0.099,0.064,Normal
314,2026-01-14T02:00:00.000Z,jharia-open-pit,zone-d,SN-101,3.81,0.88,7.87,0.97,3.23,77,-66,90,0.942,0.122,2.934,0.694,Critical
315,2026-01-14T03:00:00.000Z,raniganj-south-slope,zone-a,TL-301,0.56,0,1.46,0.31,0.7,32,-60,81,0,0.199,0.179,0.095,Normal
316,2026-01-14T04:00:00.000Z,korba-west-bench,zone-b,EX-201,0.59,0.22,0.34,0.05,0.14,21,-66,78,0.033,0.114,0.124,0.128,Normal
317,2026-01-14T05:00:00.000Z,singareni-s4,zone-a,TL-301,0.13,0.04,0.68,0.03,0.41,17,-69,90,0.005,0.038,0.022,0.037,Normal
318,2026-01-14T06:00:00.000Z,raniganj-south-slope,zone-d,EX-201,0.65,0.14,0.96,0.32,0.1,10,-63,71,0.059,0.302,0.065,0.076,Normal
319,2026-01-14T07:00:00.000Z,korba-west-bench,zone-c,SN-101,0.01,0.04,1.57,0.04,1.08,31,-60,65,0.006,0.024,0.003,0.087,Normal
320,2026-01-14T08:00:00.000Z,singareni-s4,zone-c,SN-101,2.03,0.3,2.88,0.48,1.56,44,-65,62,0.174,0.161,0.893,0.267,Normal
321,2026-01-14T09:00:00.000Z,raniganj-south-slope,zone-b,TL-301,0.36,0.09,1.79,0,0.57,28,-76,97,0.009,0,0.101,0.077,Normal
322,2026-01-14T10:00:00.000Z,raniganj-south-slope,zone-c,TL-301,0.21,0,0,0.06,0.07,15,-76,73,0,0.6,0.032,0.046,Normal
323,2026-01-14T11:00:00.000Z,singareni-s4,zone-c,EX-201,0,0.02,0.51,0.16,0.13,38,-63,67,0.005,0.262,0,0.089,Normal
324,2026-01-14T12:00:00.000Z,singareni-s4,zone-c,PZ-401,1.64,0.51,3.92,0.25,1.48,45,-65,64,0.178,0.062,0.738,0.291,Normal
325,2026-01-14T13:00:00.000Z,korba-west-bench,zone-d,SN-101,1.57,0.24,2.09,0.56,1.64,48,-83,97,0.158,0.256,0.754,0.257,Normal
326,2026-01-14T14:00:00.000Z,raniganj-south-slope,zone-d,EX-201,0.38,0.13,1.37,0.27,0.94,10,-84,65,0.048,0.184,0.038,0.101,Normal
327,2026-01-14T15:00:00.000Z,jharia-open-pit,zone-d,EX-201,0.72,0.14,1.85,0.05,0.16,23,-73,78,0.021,0.026,0.166,0.181,Normal
328,2026-01-14T16:00:00.000Z,raniganj-south-slope,zone-b,SN-101,0.69,0.05,0.51,0,0.2,23,-67,63,0.005,0,0.159,0.126,Normal
329,2026-01-14T17:00:00.000Z,singareni-s4,zone-a,TL-301,1.44,0.26,2.88,0.37,1.05,52,-74,79,0.122,0.124,0.749,0.263,Normal
330,2026-01-14T18:00:00.000Z,jharia-open-pit,zone-c,TL-301,3.9,0.8,7.78,1.15,3.49,76,-85,100,1,0.146,2.964,0.636,Critical
331,2026-01-14T19:00:00.000Z,raniganj-south-slope,zone-c,SN-101,0.5,0.15,0.78,0.15,0.34,14,-61,70,0.037,0.17,0.07,0.147,Normal
332,2026-01-14T20:00:00.000Z,korba-west-bench,zone-d,SN-101,1.01,0,0.4,0,1.08,29,-83,82,0,0,0.293,0.108,Normal
333,2026-01-14T21:00:00.000Z,korba-west-bench,zone-c,TL-301,1.71,0.22,3.13,0.72,2.63,49,-60,80,0.18,0.223,0.838,0.359,Warning
334,2026-01-14T22:00:00.000Z,raniganj-south-slope,zone-d,EX-201,3.83,0.71,6.84,1.47,3,79,-64,60,1.115,0.212,3.026,0.636,Critical
335,2026-01-14T23:00:00.000Z,raniganj-south-slope,zone-b,EX-201,0.95,0.31,2.7,0.52,1.21,56,-66,74,0.192,0.186,0.532,0.208,Normal
336,2026-01-15T00:00:00.000Z,singareni-s4,zone-b,TL-301,2.15,0.15,1.88,0.4,0.86,54,-80,98,0.075,0.202,1.161,0.196,Normal
337,2026-01-15T01:00:00.000Z,jharia-open-pit,zone-d,EX-201,0.15,0,0.94,0.03,0.49,25,-69,71,0,0.029,0.037,0.033,Normal
338,2026-01-15T02:00:00.000Z,korba-west-bench,zone-a,EX-201,0.81,0.07,0.08,0.1,0.99,16,-85,77,0.014,0.556,0.13,0.099,Normal
339,2026-01-15T03:00:00.000Z,korba-west-bench,zone-a,EX-201,1.51,0.39,1.22,0.4,2.08,43,-75,65,0.195,0.303,0.649,0.34,Warning
340,2026-01-15T04:00:00.000Z,korba-west-bench,zone-b,PZ-401,2.37,0.46,3.03,0.24,1.61,53,-81,71,0.156,0.077,1.256,0.384,Warning
341,2026-01-15T05:00:00.000Z,korba-west-bench,zone-c,TL-301,0.53,0,0,0.16,0,23,-60,62,0,1.6,0.122,0.072,Normal
342,2026-01-15T06:00:00.000Z,raniganj-south-slope,zone-b,TL-301,0.25,0.13,0,0,0.91,33,-80,61,0.013,0,0.083,0.074,Normal
343,2026-01-15T07:00:00.000Z,korba-west-bench,zone-b,TL-301,3.69,0.88,8.58,1.32,3.35,74,-72,94,1.25,0.152,2.731,0.705,Critical
344,2026-01-15T08:00:00.000Z,jharia-open-pit,zone-a,SN-101,0.34,0.06,0.46,0.18,1.11,36,-76,84,0.017,0.321,0.122,0.059,Normal
345,2026-01-15T09:00:00.000Z,raniganj-south-slope,zone-b,EX-201,1.4,0.41,2.64,0.51,2.36,51,-72,79,0.25,0.186,0.714,0.275,Normal
346,2026-01-15T10:00:00.000Z,singareni-s4,zone-b,TL-301,1.3,0.35,3.51,0.56,1.8,47,-68,66,0.231,0.155,0.611,0.29,Normal
347,2026-01-15T11:00:00.000Z,jharia-open-pit,zone-d,SN-101,3.19,0.92,6.44,1.21,3.33,64,-77,79,1.205,0.185,2.042,0.66,Critical
348,2026-01-15T12:00:00.000Z,singareni-s4,zone-d,SN-101,0,0.25,0.18,0.08,1.58,37,-73,64,0.045,0.286,0,0.106,Normal
349,2026-01-15T13:00:00.000Z,jharia-open-pit,zone-c,EX-201,0.65,0.18,1.73,0.19,0.26,22,-74,61,0.052,0.104,0.143,0.073,Normal
350,2026-01-15T14:00:00.000Z,raniganj-south-slope,zone-d,TL-301,0.13,0.2,0,0.06,1.46,26,-75,64,0.032,0.6,0.034,0.097,Normal
351,2026-01-15T15:00:00.000Z,jharia-open-pit,zone-d,TL-301,3.5,1.02,6.89,1.21,3.88,82,-60,76,1.336,0.173,2.87,0.678,Critical
352,2026-01-15T16:00:00.000Z,jharia-open-pit,zone-d,SN-101,4.07,0.9,7.42,1.21,2.7,75,-76,84,1.179,0.161,3.053,0.7,Critical
353,2026-01-15T17:00:00.000Z,korba-west-bench,zone-d,EX-201,0.47,0.04,0.47,0,0.34,12,-68,88,0.004,0,0.056,0.1,Normal
354,2026-01-15T18:00:00.000Z,korba-west-bench,zone-c,EX-201,0.38,0.02,1.25,0.4,0.44,17,-73,94,0.01,0.296,0.065,0.054,Normal
355,2026-01-15T19:00:00.000Z,singareni-s4,zone-b,PZ-401,0.18,0.22,0.4,0.13,0.1,20,-81,80,0.051,0.26,0.036,0.082,Normal
356,2026-01-15T20:00:00.000Z,raniganj-south-slope,zone-c,PZ-401,2.05,0.25,2.48,0.37,1.29,33,-66,68,0.117,0.143,0.676,0.341,Warning
357,2026-01-15T21:00:00.000Z,korba-west-bench,zone-a,TL-301,2.08,0.29,3.41,0.2,2.27,40,-74,62,0.087,0.057,0.832,0.33,Warning
358,2026-01-15T22:00:00.000Z,singareni-s4,zone-c,PZ-401,3.81,0.82,6.49,1.47,2.16,76,-80,86,1.287,0.223,2.896,0.578,Critical
359,2026-01-15T23:00:00.000Z,korba-west-bench,zone-b,SN-101,1.38,0.29,4.43,0.42,1.74,51,-64,84,0.151,0.093,0.704,0.292,Normal
360,2026-01-16T00:00:00.000Z,jharia-open-pit,zone-b,PZ-401,0.18,0,1.22,0.22,0.5,24,-62,81,0,0.167,0.043,0.085,Normal
361,2026-01-16T01:00:00.000Z,raniganj-south-slope,zone-c,SN-101,0.67,0.16,0.76,0.13,0.76,29,-63,87,0.037,0.151,0.194,0.093,Normal
362,2026-01-16T02:00:00.000Z,raniganj-south-slope,zone-c,PZ-401,0.34,0.05,0,0,1.23,29,-76,78,0.005,0,0.099,0.027,Normal
363,2026-01-16T03:00:00.000Z,raniganj-south-slope,zone-b,TL-301,1.03,0.12,0.65,0,0.88,17,-78,73,0.012,0,0.175,0.165,Normal
364,2026-01-16T04:00:00.000Z,korba-west-bench,zone-d,PZ-401,0.9,0.07,1.44,0,0,23,-82,71,0.007,0,0.207,0.056,Normal
365,2026-01-16T05:00:00.000Z,jharia-open-pit,zone-d,SN-101,0.32,0.32,1.27,0.11,0.32,28,-73,99,0.067,0.08,0.09,0.094,Normal
366,2026-01-16T06:00:00.000Z,jharia-open-pit,zone-c,SN-101,1.32,0.45,4.85,0.29,2.09,53,-73,84,0.176,0.059,0.7,0.303,Warning
367,2026-01-16T07:00:00.000Z,raniganj-south-slope,zone-c,EX-201,0.64,0.07,0.92,0.07,0.7,27,-85,98,0.012,0.069,0.173,0.071,Normal
368,2026-01-16T08:00:00.000Z,raniganj-south-slope,zone-d,SN-101,0.77,0.19,0.8,0.06,0.22,16,-61,67,0.03,0.067,0.123,0.077,Normal
369,2026-01-16T09:00:00.000Z,jharia-open-pit,zone-c,TL-301,0.22,0,0.51,0.1,0.85,21,-84,100,0,0.164,0.046,0.081,Normal
370,2026-01-16T10:00:00.000Z,raniganj-south-slope,zone-b,SN-101,2.54,0.75,7.4,1.36,3.25,70,-77,98,1.095,0.181,1.778,0.616,Critical
371,2026-01-16T11:00:00.000Z,jharia-open-pit,zone-d,TL-301,0.51,0.29,1.55,0.07,0.65,12,-67,88,0.049,0.042,0.061,0.155,Normal
372,2026-01-16T12:00:00.000Z,singareni-s4,zone-c,TL-301,0.56,0.38,3.77,0.47,1.6,49,-67,99,0.217,0.121,0.274,0.309,Warning
373,2026-01-16T13:00:00.000Z,korba-west-bench,zone-d,SN-101,0,0.11,1.26,0,0.59,27,-60,90,0.011,0,0,0.11,Normal
374,2026-01-16T14:00:00.000Z,jharia-open-pit,zone-b,EX-201,0.59,0.04,0.13,0,1.16,30,-70,72,0.004,0,0.177,0.127,Normal
375,2026-01-16T15:00:00.000Z,raniganj-south-slope,zone-d,EX-201,4.15,0.83,7.96,1.26,2.39,66,-71,78,1.129,0.156,2.739,0.613,Critical
376,2026-01-16T16:00:00.000Z,korba-west-bench,zone-d,TL-301,1.81,0.32,2.51,0.68,1.19,35,-62,60,0.25,0.261,0.633,0.327,Warning
377,2026-01-16T17:00:00.000Z,jharia-open-pit,zone-a,TL-301,3.61,1,7.23,1.62,4.49,80,-65,97,1.72,0.221,2.888,0.781,Critical
378,2026-01-16T18:00:00.000Z,korba-west-bench,zone-a,TL-301,0.22,0,0.7,0.23,0.45,20,-78,84,0,0.288,0.044,0.047,Normal
379,2026-01-16T19:00:00.000Z,singareni-s4,zone-b,PZ-401,1.28,0.2,2.8,0.5,1.98,55,-82,62,0.12,0.172,0.704,0.297,Normal
380,2026-01-16T20:00:00.000Z,raniganj-south-slope,zone-c,PZ-401,1.19,0.27,3.65,0.52,1.75,53,-73,83,0.167,0.139,0.631,0.327,Warning
381,2026-01-16T21:00:00.000Z,raniganj-south-slope,zone-c,SN-101,0.26,0.23,0.39,0.21,0.47,24,-79,73,0.071,0.429,0.062,0.086,Normal
382,2026-01-16T22:00:00.000Z,korba-west-bench,zone-d,EX-201,3.02,0.89,8.01,1.22,3,79,-77,99,1.175,0.15,2.386,0.647,Critical
383,2026-01-16T23:00:00.000Z,korba-west-bench,zone-a,EX-201,0.31,0.09,0.8,0.12,0.47,29,-77,80,0.02,0.133,0.09,0.082,Normal
384,2026-01-17T00:00:00.000Z,raniganj-south-slope,zone-d,SN-101,1.61,0.32,3.17,0.41,2.3,51,-60,76,0.163,0.125,0.821,0.259,Normal
385,2026-01-17T01:00:00.000Z,jharia-open-pit,zone-a,SN-101,1.89,0.34,5.47,0.54,1.1,50,-62,100,0.218,0.097,0.945,0.363,Warning
386,2026-01-17T02:00:00.000Z,raniganj-south-slope,zone-a,TL-301,0.19,0.02,0,0.03,0.54,17,-74,88,0.003,0.3,0.032,0.054,Normal
387,2026-01-17T03:00:00.000Z,jharia-open-pit,zone-b,TL-301,1.7,0.42,3.31,0.85,1.56,46,-61,66,0.399,0.249,0.782,0.286,Normal
388,2026-01-17T04:00:00.000Z,singareni-s4,zone-b,PZ-401,0.37,0.01,0.75,0,0.86,29,-80,66,0.001,0,0.107,0.109,Normal
389,2026-01-17T05:00:00.000Z,jharia-open-pit,zone-a,EX-201,0.72,0.09,3.05,0.41,0,36,-81,63,0.046,0.13,0.259,0.205,Normal
390,2026-01-17T06:00:00.000Z,korba-west-bench,zone-b,TL-301,3.59,0.73,8.33,1.19,4.2,74,-64,90,0.942,0.141,2.657,0.74,Critical
391,2026-01-17T07:00:00.000Z,korba-west-bench,zone-d,PZ-401,0.99,0.01,0.85,0.04,0.49,23,-70,98,0.001,0.042,0.228,0.111,Normal
392,2026-01-17T08:00:00.000Z,singareni-s4,zone-a,SN-101,1.93,0.25,3.1,0.27,1.99,52,-76,61,0.092,0.084,1.004,0.199,Normal
393,2026-01-17T09:00:00.000Z,korba-west-bench,zone-b,EX-201,2.22,0.34,3.16,0.35,1,45,-75,73,0.153,0.107,0.999,0.315,Warning
394,2026-01-17T10:00:00.000Z,singareni-s4,zone-c,TL-301,1.12,0.39,3.89,0.49,1.84,57,-67,63,0.23,0.123,0.638,0.331,Warning
395,2026-01-17T11:00:00.000Z,singareni-s4,zone-d,SN-101,3.96,0.9,6.06,1.29,3.75,64,-69,68,1.251,0.209,2.534,0.65,Critical
396,2026-01-17T12:00:00.000Z,korba-west-bench,zone-d,SN-101,1.76,0.3,3.25,0.56,1.56,38,-77,71,0.198,0.167,0.669,0.312,Warning
397,2026-01-17T13:00:00.000Z,korba-west-bench,zone-c,EX-201,0.23,0.09,0.45,0.18,0.97,30,-71,73,0.025,0.327,0.069,0.07,Normal
398,2026-01-17T14:00:00.000Z,singareni-s4,zone-d,TL-301,0.85,0.14,1.77,0,0,10,-68,63,0.014,0,0.085,0.105,Normal
399,2026-01-17T15:00:00.000Z,singareni-s4,zone-d,EX-201,0.87,0.03,0.58,0,1.19,22,-81,75,0.003,0,0.191,0.08,Normal
400,2026-01-17T16:00:00.000Z,korba-west-bench,zone-a,EX-201,0.53,0.17,0.53,0.02,0,16,-70,72,0.02,0.032,0.085,0.023,Normal
401,2026-01-17T17:00:00.000Z,korba-west-bench,zone-a,SN-101,1.58,0.12,4.35,0.43,1.72,54,-63,89,0.064,0.097,0.853,0.24,Normal
402,2026-01-17T18:00:00.000Z,jharia-open-pit,zone-d,SN-101,3.22,0.8,7.88,1.07,3.12,63,-63,68,0.936,0.134,2.029,0.586,Critical
403,2026-01-17T19:00:00.000Z,korba-west-bench,zone-c,TL-301,0,0.02,0.46,0.05,0.77,27,-82,84,0.003,0.089,0,0.04,Normal
404,2026-01-17T20:00:00.000Z,jharia-open-pit,zone-b,TL-301,3.86,0.98,8.32,1.1,4.69,76,-61,76,1.176,0.131,2.934,0.738,Critical
405,2026-01-17T21:00:00.000Z,raniganj-south-slope,zone-c,EX-201,0.26,0.03,1.1,0.1,0.99,33,-71,95,0.006,0.083,0.086,0.102,Normal
406,2026-01-17T22:00:00.000Z,singareni-s4,zone-b,EX-201,2.36,0.26,3.05,0.41,0.69,38,-71,81,0.133,0.13,0.897,0.262,Normal
407,2026-01-17T23:00:00.000Z,singareni-s4,zone-a,TL-301,2.4,0.43,2.2,0.49,2.55,54,-73,76,0.254,0.213,1.296,0.314,Warning
408,2026-01-18T00:00:00.000Z,singareni-s4,zone-c,EX-201,0.31,0,1.4,0,0.36,26,-79,80,0,0,0.081,0.12,Normal
409,2026-01-18T01:00:00.000Z,korba-west-bench,zone-a,TL-301,0.87,0.1,0.08,0.04,0.79,33,-80,98,0.014,0.222,0.287,0.191,Normal
410,2026-01-18T02:00:00.000Z,raniganj-south-slope,zone-c,TL-301,0.05,0,0,0.06,0.92,20,-66,74,0,0.6,0.01,0.031,Normal
411,2026-01-18T03:00:00.000Z,singareni-s4,zone-b,EX-201,0.42,0.18,0.21,0,0.39,36,-79,65,0.018,0,0.151,0.092,Normal
412,2026-01-18T04:00:00.000Z,raniganj-south-slope,zone-a,PZ-401,0.33,0,0.46,0.06,0,23,-63,96,0,0.107,0.076,0.106,Normal
413,2026-01-18T05:00:00.000Z,singareni-s4,zone-c,EX-201,1.3,0.26,2.84,0.37,3.07,57,-80,61,0.122,0.126,0.741,0.25,Normal
414,2026-01-18T06:00:00.000Z,korba-west-bench,zone-a,SN-101,0.74,0.38,2.62,0.52,1.88,42,-69,94,0.236,0.191,0.311,0.275,Normal
415,2026-01-18T07:00:00.000Z,jharia-open-pit,zone-d,SN-101,0.01,0.13,0.61,0,0.5,29,-79,76,0.013,0,0.003,0.016,Normal
416,2026-01-18T08:00:00.000Z,raniganj-south-slope,zone-b,EX-201,1.6,0.53,3.65,0.64,1.46,57,-82,73,0.392,0.171,0.912,0.302,Warning
417,2026-01-18T09:00:00.000Z,jharia-open-pit,zone-b,TL-301,1.82,0.43,3.3,0.38,1.48,54,-73,76,0.206,0.112,0.983,0.291,Normal
418,2026-01-18T10:00:00.000Z,jharia-open-pit,zone-c,PZ-401,3.16,0.92,7.71,1.04,3.4,81,-67,61,1.049,0.133,2.56,0.611,Critical
419,2026-01-18T11:00:00.000Z,korba-west-bench,zone-c,EX-201,1.22,0.54,2.2,0.27,1.79,32,-80,72,0.2,0.117,0.39,0.312,Warning
420,2026-01-18T12:00:00.000Z,jharia-open-pit,zone-d,TL-301,0.92,0.22,1.64,0.14,0.7,17,-70,79,0.053,0.08,0.156,0.125,Normal
421,2026-01-18T13:00:00.000Z,jharia-open-pit,zone-b,PZ-401,1.86,0.45,2.28,0.37,2.8,49,-69,70,0.211,0.155,0.911,0.329,Warning
422,2026-01-18T14:00:00.000Z,singareni-s4,zone-d,EX-201,0.68,0.06,2.28,0.14,0.89,31,-84,71,0.014,0.059,0.211,0.114,Normal
423,2026-01-18T15:00:00.000Z,korba-west-bench,zone-b,EX-201,1.34,0.22,3.67,0.35,1.15,46,-78,82,0.099,0.093,0.616,0.239,Normal
424,2026-01-18T16:00:00.000Z,raniganj-south-slope,zone-a,SN-101,3.16,0.93,5.95,1.16,3.65,58,-65,91,1.172,0.192,1.833,0.655,Critical
425,2026-01-18T17:00:00.000Z,korba-west-bench,zone-b,SN-101,3.63,0.76,7.26,1.1,3.09,83,-69,92,0.912,0.149,3.013,0.594,Critical
426,2026-01-18T18:00:00.000Z,singareni-s4,zone-a,PZ-401,0,0,0,0.05,0.33,25,-60,68,0,0.5,0,0.013,Normal
427,2026-01-18T19:00:00.000Z,singareni-s4,zone-d,SN-101,1.75,0.24,4.22,0.31,2.02,46,-78,61,0.098,0.072,0.805,0.231,Normal
428,2026-01-18T20:00:00.000Z,raniganj-south-slope,zone-a,TL-301,2.14,0.29,4.54,0.65,1.59,44,-79,76,0.217,0.14,0.942,0.332,Warning
429,2026-01-18T21:00:00.000Z,raniganj-south-slope,zone-a,TL-301,0.39,0.05,0.12,0.14,1.47,36,-68,71,0.012,0.636,0.14,0.091,Normal
430,2026-01-18T22:00:00.000Z,singareni-s4,zone-a,EX-201,2.52,0.74,8.76,1.11,2.49,71,-70,92,0.895,0.125,1.789,0.619,Critical
431,2026-01-18T23:00:00.000Z,singareni-s4,zone-c,EX-201,0.56,0.06,2.99,0.21,0.73,19,-83,94,0.019,0.068,0.106,0.077,Normal
432,2026-01-19T00:00:00.000Z,jharia-open-pit,zone-a,EX-201,2.12,0.3,1.95,0.58,1.95,58,-84,90,0.204,0.283,1.23,0.298,Normal
433,2026-01-19T01:00:00.000Z,korba-west-bench,zone-d,EX-201,3.03,0.92,7.67,1.05,3.81,77,-77,74,1.058,0.135,2.333,0.597,Critical
434,2026-01-19T02:00:00.000Z,singareni-s4,zone-d,PZ-401,3.46,0.7,7.95,1.29,3.44,63,-78,75,0.973,0.16,2.18,0.67,Critical
435,2026-01-19T03:00:00.000Z,raniganj-south-slope,zone-a,PZ-401,3.45,1.01,7.53,1.36,3.58,61,-76,75,1.475,0.178,2.105,0.645,Critical
436,2026-01-19T04:00:00.000Z,jharia-open-pit,zone-d,PZ-401,0,0.02,1.71,0,0.83,11,-68,94,0.002,0,0,-0.024,Normal
437,2026-01-19T05:00:00.000Z,jharia-open-pit,zone-c,EX-201,1.25,0.19,3.3,0.34,1.17,71,-80,67,0.084,0.1,0.887,0.192,Normal
438,2026-01-19T06:00:00.000Z,singareni-s4,zone-d,EX-201,0.57,0.05,0,0.29,0,25,-74,90,0.02,2.9,0.142,0.201,Normal
439,2026-01-19T07:00:00.000Z,singareni-s4,zone-c,PZ-401,0.49,0.15,1.26,0.08,0.47,23,-67,84,0.027,0.059,0.113,0.077,Normal
440,2026-01-19T08:00:00.000Z,singareni-s4,zone-b,EX-201,1.57,0.25,3.16,0.47,2.08,59,-69,89,0.142,0.144,0.926,0.268,Normal
441,2026-01-19T09:00:00.000Z,jharia-open-pit,zone-a,EX-201,0,0.02,1.56,0.26,0.38,35,-80,65,0.007,0.157,0,0.091,Normal
442,2026-01-19T10:00:00.000Z,jharia-open-pit,zone-b,EX-201,0.06,0.1,0.96,0.16,0.64,24,-64,97,0.026,0.151,0.014,0.09,Normal
443,2026-01-19T11:00:00.000Z,raniganj-south-slope,zone-b,PZ-401,0.07,0,0.91,0.13,0.51,25,-66,100,0,0.129,0.018,0.112,Normal
444,2026-01-19T12:00:00.000Z,korba-west-bench,zone-a,TL-301,1.14,0.19,0.12,0.12,0.79,27,-62,88,0.042,0.545,0.308,0.178,Normal
445,2026-01-19T13:00:00.000Z,jharia-open-pit,zone-c,EX-201,0.21,0.09,0.34,0.19,1.39,32,-68,78,0.026,0.432,0.067,0.139,Normal
446,2026-01-19T14:00:00.000Z,raniganj-south-slope,zone-d,SN-101,1.86,0.39,2.72,0.62,2.15,53,-63,84,0.281,0.22,0.986,0.269,Normal
447,2026-01-19T15:00:00.000Z,jharia-open-pit,zone-d,TL-301,1.74,0.27,3.33,0.27,1.31,56,-82,92,0.1,0.079,0.974,0.277,Normal
448,2026-01-19T16:00:00.000Z,jharia-open-pit,zone-b,TL-301,3.6,0.91,6.94,1.28,3.17,88,-73,77,1.256,0.182,3.168,0.703,Critical
449,2026-01-19T17:00:00.000Z,raniganj-south-slope,zone-a,EX-201,3.26,0.64,5.72,1.02,4.42,75,-69,76,0.717,0.175,2.445,0.647,Critical
450,2026-01-19T18:00:00.000Z,jharia-open-pit,zone-b,EX-201,0.81,0.22,2.77,0.53,2.39,54,-62,83,0.139,0.185,0.437,0.305,Warning
451,2026-01-19T19:00:00.000Z,korba-west-bench,zone-a,PZ-401,3.46,0.81,8.06,1.27,3.54,67,-81,75,1.11,0.156,2.318,0.621,Critical
452,2026-01-19T20:00:00.000Z,singareni-s4,zone-b,EX-201,1.12,0.35,3.11,0.53,1.77,53,-81,78,0.22,0.165,0.594,0.218,Normal
453,2026-01-19T21:00:00.000Z,jharia-open-pit,zone-b,SN-101,0.5,0.14,1.09,0.02,0.09,32,-75,64,0.017,0.017,0.16,0.08,Normal
454,2026-01-19T22:00:00.000Z,jharia-open-pit,zone-a,TL-301,3.41,0.8,8.97,1.39,3.56,75,-79,78,1.192,0.153,2.558,0.657,Critical
455,2026-01-19T23:00:00.000Z,raniganj-south-slope,zone-d,EX-201,1.43,0.45,3.66,0.34,1.98,50,-64,77,0.198,0.09,0.715,0.272,Normal
456,2026-01-20T00:00:00.000Z,jharia-open-pit,zone-a,SN-101,1.98,0.26,3.17,0.34,2.03,47,-83,70,0.114,0.104,0.931,0.314,Warning
457,2026-01-20T01:00:00.000Z,raniganj-south-slope,zone-a,TL-301,3.02,0.89,8.82,1.03,3.89,64,-64,95,1.006,0.115,1.933,0.676,Critical
458,2026-01-20T02:00:00.000Z,singareni-s4,zone-b,TL-301,2.18,0.32,3.85,0.18,2.23,54,-81,95,0.09,0.046,1.177,0.285,Normal
459,2026-01-20T03:00:00.000Z,jharia-open-pit,zone-c,PZ-401,0.69,0,0.96,0,0.52,28,-66,82,0,0,0.193,0.09,Normal
460,2026-01-20T04:00:00.000Z,korba-west-bench,zone-b,SN-101,0.72,0.06,2.66,0.34,0,20,-75,95,0.026,0.123,0.144,0.125,Normal
461,2026-01-20T05:00:00.000Z,raniganj-south-slope,zone-a,EX-201,1.69,0.34,3.84,0.49,2.52,54,-69,74,0.201,0.124,0.913,0.345,Warning
462,2026-01-20T06:00:00.000Z,singareni-s4,zone-b,TL-301,0.12,0.24,1.09,0,0.61,25,-75,93,0.024,0,0.03,0.125,Normal
463,2026-01-20T07:00:00.000Z,singareni-s4,zone-d,TL-301,0.24,0,0.37,0,1.08,30,-76,65,0,0,0.072,0.024,Normal
464,2026-01-20T08:00:00.000Z,korba-west-bench,zone-d,SN-101,3.34,0.96,8.9,1.4,2.43,74,-74,74,1.44,0.156,2.472,0.679,Critical
465,2026-01-20T09:00:00.000Z,raniganj-south-slope,zone-b,PZ-401,0.38,0,0.49,0.05,0.62,29,-71,99,0,0.085,0.11,0.099,Normal
466,2026-01-20T10:00:00.000Z,singareni-s4,zone-d,SN-101,2.82,0.54,7.55,1.1,3.83,93,-73,71,0.648,0.144,2.623,0.509,Warning
467,2026-01-20T11:00:00.000Z,korba-west-bench,zone-d,SN-101,2.02,0.46,3.82,0.1,2.03,48,-72,85,0.092,0.026,0.97,0.357,Warning
468,2026-01-20T12:00:00.000Z,jharia-open-pit,zone-c,EX-201,0.14,0.01,1.12,0,0.06,22,-83,81,0.001,0,0.031,0.108,Normal
469,2026-01-20T13:00:00.000Z,singareni-s4,zone-a,TL-301,2.16,0.38,3.83,0.57,1.53,56,-63,88,0.255,0.145,1.21,0.286,Normal
470,2026-01-20T14:00:00.000Z,jharia-open-pit,zone-a,TL-301,0.8,0.02,0.75,0.04,0.77,30,-69,88,0.003,0.047,0.24,0.137,Normal
471,2026-01-20T15:00:00.000Z,jharia-open-pit,zone-b,SN-101,3.84,0.99,7.33,1.14,3.15,73,-65,65,1.228,0.153,2.803,0.681,Critical
472,2026-01-20T16:00:00.000Z,raniganj-south-slope,zone-c,TL-301,0.26,0.04,2.89,0.1,0.4,32,-67,78,0.008,0.033,0.083,0.113,Normal
473,2026-01-20T17:00:00.000Z,raniganj-south-slope,zone-b,PZ-401,0,0.2,1.59,0,0.37,20,-65,66,0.02,0,0,0.049,Normal
474,2026-01-20T18:00:00.000Z,raniganj-south-slope,zone-b,SN-101,3.9,0.98,8.06,1.27,3.76,72,-80,87,1.343,0.156,2.808,0.679,Critical
475,2026-01-20T19:00:00.000Z,jharia-open-pit,zone-a,EX-201,0,0,2.11,0.26,0.63,41,-62,72,0,0.118,0,0.09,Normal
476,2026-01-20T20:00:00.000Z,raniganj-south-slope,zone-c,TL-301,0.11,0.21,0,0.1,0.45,27,-78,90,0.042,1,0.03,0.108,Normal
477,2026-01-20T21:00:00.000Z,singareni-s4,zone-b,TL-301,1.78,0.33,3.97,0.55,2.04,49,-75,87,0.215,0.135,0.872,0.322,Warning
478,2026-01-20T22:00:00.000Z,singareni-s4,zone-a,EX-201,1.69,0.51,3.32,0.49,1.16,49,-65,94,0.301,0.143,0.828,0.325,Warning
479,2026-01-20T23:00:00.000Z,raniganj-south-slope,zone-c,TL-301,1.65,0.27,3.28,0.2,2.16,44,-64,88,0.081,0.059,0.726,0.253,Normal
480,2026-01-21T00:00:00.000Z,jharia-open-pit,zone-b,SN-101,0.59,0.14,0.07,0,0.54,31,-75,79,0.014,0,0.183,0.118,Normal
481,2026-01-21T01:00:00.000Z,singareni-s4,zone-a,PZ-401,0.21,0,0,0.06,0.43,26,-82,83,0,0.6,0.055,0.08,Normal
482,2026-01-21T02:00:00.000Z,raniganj-south-slope,zone-c,SN-101,1.35,0.49,2.68,0.42,1.57,52,-76,98,0.255,0.151,0.702,0.273,Normal
483,2026-01-21T03:00:00.000Z,singareni-s4,zone-c,SN-101,1.85,0.38,3.55,0.39,1.02,46,-65,89,0.186,0.107,0.851,0.355,Warning
484,2026-01-21T04:00:00.000Z,korba-west-bench,zone-d,EX-201,0.2,0.11,0.89,0.2,0.7,37,-80,62,0.033,0.202,0.074,0.076,Normal
485,2026-01-21T05:00:00.000Z,korba-west-bench,zone-a,PZ-401,1.02,0.14,1.04,0,1.33,19,-67,94,0.014,0,0.194,0.156,Normal
486,2026-01-21T06:00:00.000Z,jharia-open-pit,zone-d,PZ-401,0.31,0,0.59,0.12,0,21,-81,68,0,0.174,0.065,-0.012,Normal
487,2026-01-21T07:00:00.000Z,raniganj-south-slope,zone-b,EX-201,3.6,0.94,7.35,1.24,4.37,71,-66,66,1.26,0.166,2.556,0.69,Critical
488,2026-01-21T08:00:00.000Z,jharia-open-pit,zone-b,TL-301,2.33,0.46,3.73,0.44,1.48,36,-78,86,0.248,0.115,0.839,0.277,Normal
489,2026-01-21T09:00:00.000Z,jharia-open-pit,zone-b,PZ-401,3.16,0.88,8.64,0.95,3.76,78,-82,83,0.924,0.109,2.465,0.625,Critical
490,2026-01-21T10:00:00.000Z,singareni-s4,zone-b,EX-201,0.15,0.26,0,0,0.18,27,-63,80,0.026,0,0.041,0.064,Normal
491,2026-01-21T11:00:00.000Z,singareni-s4,zone-a,SN-101,1.31,0.52,3.88,0.45,2.23,43,-65,96,0.286,0.113,0.563,0.334,Warning
492,2026-01-21T12:00:00.000Z,raniganj-south-slope,zone-d,SN-101,0.68,0,0.2,0,1.45,28,-62,76,0,0,0.19,0.114,Normal
493,2026-01-21T13:00:00.000Z,raniganj-south-slope,zone-a,PZ-401,1.46,0.07,3.26,0.53,1.9,50,-84,66,0.044,0.158,0.73,0.217,Normal
494,2026-01-21T14:00:00.000Z,raniganj-south-slope,zone-c,TL-301,0.82,0.1,1.7,0.11,0.05,15,-79,79,0.021,0.061,0.123,0.062,Normal
495,2026-01-21T15:00:00.000Z,singareni-s4,zone-a,PZ-401,0,0.09,1.12,0.15,0.99,24,-62,93,0.022,0.123,0,0.124,Normal
496,2026-01-21T16:00:00.000Z,korba-west-bench,zone-b,PZ-401,0.66,0.29,4.24,0.34,2.55,49,-66,89,0.128,0.078,0.323,0.241,Normal
497,2026-01-21T17:00:00.000Z,raniganj-south-slope,zone-a,PZ-401,1.55,0.49,3.26,0.64,3.48,54,-65,96,0.363,0.19,0.837,0.325,Warning
498,2026-01-21T18:00:00.000Z,singareni-s4,zone-d,SN-101,1.39,0.32,2.55,0.43,1.39,57,-65,93,0.17,0.162,0.792,0.271,Normal
499,2026-01-21T19:00:00.000Z,raniganj-south-slope,zone-a,EX-201,1,0.05,1.26,0.11,0.17,43,-84,89,0.011,0.081,0.43,0.076,Normal
500,2026-01-21T20:00:00.000Z,raniganj-south-slope,zone-d,TL-301,0.2,0.05,0.74,0.18,0.42,18,-81,97,0.014,0.214,0.036,0.114,Normal
501,2026-01-21T21:00:00.000Z,korba-west-bench,zone-d,TL-301,0.19,0,2.1,0,0,19,-75,100,0,0,0.036,0.036,Normal
502,2026-01-21T22:00:00.000Z,singareni-s4,zone-a,PZ-401,1.88,0.37,4.21,0.54,2.14,37,-80,67,0.237,0.125,0.696,0.274,Normal
503,2026-01-21T23:00:00.000Z,raniganj-south-slope,zone-d,TL-301,0.28,0.16,0,0.31,0.73,37,-80,93,0.066,3.1,0.104,0.189,Normal
504,2026-01-22T00:00:00.000Z,korba-west-bench,zone-d,PZ-401,0.45,0.21,1.02,0,0.7,31,-78,71,0.021,0,0.14,0.099,Normal
505,2026-01-22T01:00:00.000Z,singareni-s4,zone-a,SN-101,1.09,0.49,3.56,0.27,1.43,43,-78,76,0.181,0.074,0.469,0.306,Warning
506,2026-01-22T02:00:00.000Z,raniganj-south-slope,zone-a,TL-301,0.57,0.31,1.83,0.61,1.89,31,-71,80,0.22,0.316,0.177,0.204,Normal
507,2026-01-22T03:00:00.000Z,jharia-open-pit,zone-d,PZ-401,4.11,0.68,6.85,1.4,4.09,78,-64,89,1.02,0.201,3.206,0.661,Critical
508,2026-01-22T04:00:00.000Z,jharia-open-pit,zone-d,EX-201,3.14,0.77,7.15,1.58,4.27,73,-61,91,1.294,0.218,2.292,0.563,Critical
509,2026-01-22T05:00:00.000Z,jharia-open-pit,zone-d,EX-201,0.45,0.02,0.51,0.25,0.6,16,-63,82,0.007,0.41,0.072,0.051,Normal
510,2026-01-22T06:00:00.000Z,jharia-open-pit,zone-c,TL-301,0.22,0.11,1.51,0.23,0.44,38,-72,61,0.036,0.143,0.084,0.104,Normal
511,2026-01-22T07:00:00.000Z,raniganj-south-slope,zone-d,SN-101,1.09,0.33,3.46,0.49,0.81,59,-80,78,0.195,0.138,0.643,0.297,Normal
512,2026-01-22T08:00:00.000Z,korba-west-bench,zone-d,TL-301,1.63,0.46,4.42,0.6,1.53,52,-83,72,0.322,0.133,0.848,0.303,Warning
513,2026-01-22T09:00:00.000Z,singareni-s4,zone-d,PZ-401,1.01,0.07,0.28,0.24,0.73,23,-61,66,0.024,0.632,0.232,0.12,Normal
514,2026-01-22T10:00:00.000Z,jharia-open-pit,zone-a,SN-101,1.75,0.48,2.32,0.57,1.48,48,-65,60,0.322,0.236,0.84,0.271,Normal
515,2026-01-22T11:00:00.000Z,jharia-open-pit,zone-a,PZ-401,0.29,0.01,1.59,0.21,1.49,25,-64,87,0.003,0.124,0.072,0.144,Normal
516,2026-01-22T12:00:00.000Z,korba-west-bench,zone-d,TL-301,0.19,0.08,1.02,0.07,0.74,23,-66,84,0.014,0.063,0.044,0.111,Normal
517,2026-01-22T13:00:00.000Z,raniganj-south-slope,zone-d,SN-101,0,0.16,1.26,0.06,0,40,-80,90,0.026,0.044,0,0.063,Normal
518,2026-01-22T14:00:00.000Z,jharia-open-pit,zone-d,TL-301,1.43,0.31,3.86,0.59,1.84,44,-77,84,0.214,0.149,0.629,0.264,Normal
519,2026-01-22T15:00:00.000Z,jharia-open-pit,zone-c,PZ-401,3.6,0.71,7.18,1.1,3.82,70,-82,97,0.852,0.151,2.52,0.561,Critical
520,2026-01-22T16:00:00.000Z,singareni-s4,zone-b,EX-201,1.29,0.15,2.67,0.19,2.09,46,-61,68,0.044,0.069,0.593,0.188,Normal
521,2026-01-22T17:00:00.000Z,korba-west-bench,zone-a,SN-101,0.11,0,0.36,0.11,1.13,25,-67,63,0,0.239,0.028,0.063,Normal
522,2026-01-22T18:00:00.000Z,singareni-s4,zone-c,TL-301,0.84,0.17,1.46,0.17,3.12,16,-63,68,0.046,0.109,0.134,0.195,Normal
523,2026-01-22T19:00:00.000Z,jharia-open-pit,zone-a,PZ-401,0.86,0,1.99,0.13,0.68,33,-82,84,0,0.062,0.284,0.132,Normal
524,2026-01-22T20:00:00.000Z,jharia-open-pit,zone-a,PZ-401,0.24,0.07,1.26,0.01,0,31,-74,68,0.008,0.007,0.074,0.044,Normal
525,2026-01-22T21:00:00.000Z,singareni-s4,zone-d,PZ-401,0.2,0.13,0.74,0.34,1.32,26,-80,76,0.057,0.405,0.052,0.105,Normal
526,2026-01-22T22:00:00.000Z,raniganj-south-slope,zone-a,PZ-401,3.91,1.01,7.2,1.32,3.33,65,-67,78,1.434,0.181,2.542,0.662,Critical
527,2026-01-22T23:00:00.000Z,jharia-open-pit,zone-b,SN-101,0.35,0.2,0,0.08,0.92,17,-80,80,0.036,0.8,0.059,0.098,Normal
528,2026-01-23T00:00:00.000Z,korba-west-bench,zone-a,TL-301,1.14,0.65,1.81,0.47,0.79,50,-78,62,0.37,0.246,0.57,0.266,Normal
529,2026-01-23T01:00:00.000Z,singareni-s4,zone-b,PZ-401,1.58,0.24,3.93,0.61,2.51,45,-76,83,0.17,0.151,0.711,0.286,Normal
530,2026-01-23T02:00:00.000Z,korba-west-bench,zone-d,SN-101,4.26,0.76,7.83,1.15,3.09,74,-77,98,0.95,0.145,3.152,0.603,Critical
531,2026-01-23T03:00:00.000Z,singareni-s4,zone-b,PZ-401,1.85,0.33,4.65,0.49,1.86,47,-69,87,0.195,0.103,0.869,0.283,Normal
532,2026-01-23T04:00:00.000Z,singareni-s4,zone-c,PZ-401,0,0.13,0.98,0.19,0.87,22,-73,99,0.038,0.176,0,0.064,Normal
533,2026-01-23T05:00:00.000Z,korba-west-bench,zone-c,EX-201,1.48,0.33,3.81,0.23,1.93,50,-80,89,0.109,0.059,0.74,0.222,Normal
534,2026-01-23T06:00:00.000Z,jharia-open-pit,zone-c,SN-101,3.27,0.86,9.43,1.04,4.1,77,-76,69,0.98,0.109,2.518,0.666,Critical
535,2026-01-23T07:00:00.000Z,jharia-open-pit,zone-c,SN-101,0.31,0,1.34,0.03,0.51,30,-74,74,0,0.021,0.093,0.071,Normal
536,2026-01-23T08:00:00.000Z,korba-west-bench,zone-b,PZ-401,0.57,0.08,0.55,0,0,25,-76,95,0.008,0,0.142,0.104,Normal
537,2026-01-23T09:00:00.000Z,singareni-s4,zone-a,EX-201,0.61,0.01,2.11,0.06,0.88,22,-77,75,0.002,0.027,0.134,0.076,Normal
538,2026-01-23T10:00:00.000Z,korba-west-bench,zone-d,SN-101,1.05,0.03,1.01,0.16,0,33,-66,99,0.008,0.144,0.347,0.142,Normal
539,2026-01-23T11:00:00.000Z,jharia-open-pit,zone-b,EX-201,0.14,0,1.23,0.06,1.39,21,-70,89,0,0.045,0.029,0.01,Normal
540,2026-01-23T12:00:00.000Z,raniganj-south-slope,zone-a,PZ-401,2.26,0.34,3.19,0.47,2.15,48,-83,73,0.194,0.143,1.085,0.31,Warning
541,2026-01-23T13:00:00.000Z,korba-west-bench,zone-c,TL-301,0.39,0.01,0,0,0,35,-83,100,0.001,0,0.136,0.032,Normal
542,2026-01-23T14:00:00.000Z,raniganj-south-slope,zone-c,PZ-401,0.79,0.18,0.75,0.08,0.25,30,-61,97,0.032,0.094,0.237,0.159,Normal
543,2026-01-23T15:00:00.000Z,singareni-s4,zone-b,SN-101,1.27,0.17,1.09,0.12,0.36,32,-70,67,0.037,0.101,0.406,0.222,Normal
544,2026-01-23T16:00:00.000Z,singareni-s4,zone-c,TL-301,1.71,0.19,3.83,0.28,1.68,49,-68,64,0.072,0.071,0.838,0.289,Normal
545,2026-01-23T17:00:00.000Z,singareni-s4,zone-b,PZ-401,0.22,0.2,0.46,0.18,0.71,23,-79,89,0.056,0.321,0.051,0.061,Normal
546,2026-01-23T18:00:00.000Z,singareni-s4,zone-d,SN-101,0.01,0.07,0.47,0,0.25,30,-63,69,0.007,0,0.003,0.051,Normal
547,2026-01-23T19:00:00.000Z,korba-west-bench,zone-c,TL-301,0.3,0.24,1.08,0,1.41,24,-85,84,0.024,0,0.072,0.149,Normal
548,2026-01-23T20:00:00.000Z,singareni-s4,zone-c,TL-301,1.49,0.46,3.59,0.28,2.67,47,-80,94,0.175,0.076,0.7,0.363,Warning
549,2026-01-23T21:00:00.000Z,singareni-s4,zone-a,EX-201,1.75,0.34,4,0.18,2.29,39,-82,72,0.095,0.044,0.682,0.324,Warning
550,2026-01-23T22:00:00.000Z,korba-west-bench,zone-b,TL-301,1.75,0.28,2.34,0.47,2.23,56,-73,96,0.16,0.193,0.98,0.344,Warning
551,2026-01-23T23:00:00.000Z,singareni-s4,zone-c,EX-201,1.31,0.45,2.47,0.64,0.63,45,-70,61,0.333,0.249,0.59,0.265,Normal
552,2026-01-24T00:00:00.000Z,korba-west-bench,zone-c,SN-101,1.03,0,0,0.07,0,34,-73,92,0,0.7,0.35,0.047,Normal
553,2026-01-24T01:00:00.000Z,jharia-open-pit,zone-d,PZ-401,0.09,0.01,0.94,0.07,0.34,19,-74,92,0.002,0.067,0.017,0.034,Normal
554,2026-01-24T02:00:00.000Z,singareni-s4,zone-a,TL-301,1.43,0.4,4.15,0.24,1.12,46,-68,82,0.136,0.056,0.658,0.279,Normal
555,2026-01-24T03:00:00.000Z,raniganj-south-slope,zone-a,SN-101,2.36,0.28,4.14,0.64,1.66,63,-80,63,0.207,0.151,1.487,0.369,Warning
556,2026-01-24T04:00:00.000Z,raniganj-south-slope,zone-d,TL-301,0,0,0.15,0,0.76,26,-64,94,0,0,0,0.065,Normal
557,2026-01-24T05:00:00.000Z,singareni-s4,zone-c,PZ-401,1.99,0.49,4.23,0.43,1.79,39,-84,61,0.26,0.099,0.776,0.338,Warning
558,2026-01-24T06:00:00.000Z,raniganj-south-slope,zone-b,TL-301,1.43,0,2.27,0,0.02,22,-76,99,0,0,0.315,0.161,Normal
559,2026-01-24T07:00:00.000Z,korba-west-bench,zone-b,TL-301,2.48,0.41,2.68,0.49,2.42,53,-83,96,0.242,0.176,1.314,0.373,Warning
560,2026-01-24T08:00:00.000Z,singareni-s4,zone-b,TL-301,3.19,0.85,8.65,1.2,2.94,71,-72,65,1.105,0.137,2.265,0.642,Critical
561,2026-01-24T09:00:00.000Z,raniganj-south-slope,zone-b,TL-301,0.25,0.24,0.39,0,0.4,21,-70,88,0.024,0,0.052,0.135,Normal
562,2026-01-24T10:00:00.000Z,raniganj-south-slope,zone-b,TL-301,2.64,1.07,7.97,0.98,3.84,81,-61,73,1.156,0.121,2.138,0.712,Critical
563,2026-01-24T11:00:00.000Z,singareni-s4,zone-c,EX-201,0.7,0.02,0.47,0,1.02,27,-81,82,0.002,0,0.189,0.048,Normal
564,2026-01-24T12:00:00.000Z,korba-west-bench,zone-b,EX-201,0,0,0.33,0.23,0.55,23,-83,61,0,0.535,0,0.034,Normal
565,2026-01-24T13:00:00.000Z,raniganj-south-slope,zone-a,PZ-401,0.37,0.11,0.74,0.39,0.18,24,-80,76,0.054,0.464,0.089,0.05,Normal
566,2026-01-24T14:00:00.000Z,jharia-open-pit,zone-b,PZ-401,0.71,0.01,1.09,0.28,0,23,-84,96,0.004,0.235,0.163,0.125,Normal
567,2026-01-24T15:00:00.000Z,korba-west-bench,zone-a,TL-301,2.19,0.52,2.94,0.55,2.31,42,-62,87,0.338,0.181,0.92,0.372,Warning
568,2026-01-24T16:00:00.000Z,raniganj-south-slope,zone-a,TL-301,1.89,0.36,5.61,0.44,1.64,58,-69,83,0.194,0.077,1.096,0.272,Normal
569,2026-01-24T17:00:00.000Z,jharia-open-pit,zone-d,SN-101,1.13,0.49,3.27,0.72,1.76,43,-77,86,0.402,0.214,0.486,0.352,Warning
570,2026-01-24T18:00:00.000Z,singareni-s4,zone-d,EX-201,1.04,0.1,0.59,0,0.69,18,-64,62,0.01,0,0.187,0.104,Normal
571,2026-01-24T19:00:00.000Z,korba-west-bench,zone-c,EX-201,0.17,0.06,1.39,0.13,0.22,16,-68,83,0.014,0.087,0.027,0.039,Normal
572,2026-01-24T20:00:00.000Z,singareni-s4,zone-d,PZ-401,1.76,0.25,4.53,0.35,1.39,58,-80,68,0.112,0.076,1.021,0.313,Warning
573,2026-01-24T21:00:00.000Z,raniganj-south-slope,zone-b,EX-201,0.89,0.43,3.37,0.53,2.24,33,-76,81,0.271,0.153,0.294,0.275,Normal
574,2026-01-24T22:00:00.000Z,jharia-open-pit,zone-c,TL-301,2.78,0.94,6.5,1.42,3.51,83,-76,96,1.429,0.215,2.307,0.597,Critical
575,2026-01-24T23:00:00.000Z,jharia-open-pit,zone-a,EX-201,0.21,0.05,0,0.07,0.18,32,-78,67,0.009,0.7,0.067,0.065,Normal
576,2026-01-25T00:00:00.000Z,jharia-open-pit,zone-b,SN-101,0.6,0.02,1.03,0.05,0,26,-78,78,0.003,0.044,0.156,0.087,Normal
577,2026-01-25T01:00:00.000Z,singareni-s4,zone-a,TL-301,0.25,0,1.28,0.18,0,23,-65,85,0,0.13,0.058,0.068,Normal
578,2026-01-25T02:00:00.000Z,singareni-s4,zone-c,TL-301,3.68,0.78,7.55,1.11,3.32,72,-85,84,0.944,0.145,2.65,0.629,Critical
579,2026-01-25T03:00:00.000Z,jharia-open-pit,zone-d,EX-201,3.18,1.16,6.76,1.24,3.37,57,-68,75,1.554,0.181,1.813,0.655,Critical
580,2026-01-25T04:00:00.000Z,korba-west-bench,zone-a,EX-201,0.29,0,1.98,0.08,1.11,36,-77,74,0,0.038,0.104,0.102,Normal
581,2026-01-25T05:00:00.000Z,jharia-open-pit,zone-b,EX-201,0.02,0.08,1.67,0.12,0.85,25,-77,77,0.018,0.068,0.005,0.099,Normal
582,2026-01-25T06:00:00.000Z,korba-west-bench,zone-b,SN-101,3.47,0.93,8.09,1.27,3.22,72,-65,68,1.274,0.155,2.498,0.651,Critical
583,2026-01-25T07:00:00.000Z,singareni-s4,zone-c,PZ-401,0.76,0.14,1.96,0.22,0.3,12,-62,79,0.045,0.107,0.091,0.123,Normal
584,2026-01-25T08:00:00.000Z,raniganj-south-slope,zone-b,TL-301,1.55,0.24,2.28,0.61,2.04,44,-83,75,0.17,0.256,0.682,0.197,Normal
585,2026-01-25T09:00:00.000Z,raniganj-south-slope,zone-d,SN-101,1.08,0,0,0.17,1.16,16,-63,61,0,1.7,0.173,0.096,Normal
586,2026-01-25T10:00:00.000Z,jharia-open-pit,zone-b,EX-201,1.81,0.27,3.05,0.52,2.04,44,-66,86,0.167,0.165,0.796,0.337,Warning
587,2026-01-25T11:00:00.000Z,korba-west-bench,zone-d,TL-301,4.17,0.81,8.34,1.27,3.02,68,-64,89,1.11,0.15,2.836,0.704,Critical
588,2026-01-25T12:00:00.000Z,raniganj-south-slope,zone-d,PZ-401,0.26,0,0.75,0,1.65,25,-72,96,0,0,0.065,0.14,Normal
589,2026-01-25T13:00:00.000Z,jharia-open-pit,zone-d,TL-301,0.8,0.35,2.74,0.36,2.61,60,-73,76,0.161,0.127,0.48,0.226,Normal
590,2026-01-25T14:00:00.000Z,korba-west-bench,zone-d,PZ-401,0.5,0,1.19,0,0.02,14,-66,77,0,0,0.07,0.04,Normal
591,2026-01-25T15:00:00.000Z,korba-west-bench,zone-c,EX-201,0.02,0,1.61,0,0.31,31,-77,100,0,0,0.006,0.077,Normal
592,2026-01-25T16:00:00.000Z,raniganj-south-slope,zone-d,PZ-401,0.79,0,0.36,0,0.57,15,-72,84,0,0,0.118,0.034,Normal
593,2026-01-25T17:00:00.000Z,raniganj-south-slope,zone-a,EX-201,0.76,0.2,1.56,0.16,1.26,19,-71,61,0.052,0.096,0.144,0.144,Normal
594,2026-01-25T18:00:00.000Z,korba-west-bench,zone-d,SN-101,1.92,0.17,4.46,0.77,2,54,-84,90,0.148,0.169,1.037,0.365,Warning
595,2026-01-25T19:00:00.000Z,singareni-s4,zone-c,TL-301,0.47,0,0.38,0.19,0,31,-72,73,0,0.396,0.146,0.057,Normal
596,2026-01-25T20:00:00.000Z,korba-west-bench,zone-c,PZ-401,3.84,0.67,6.67,1.15,2.76,72,-82,74,0.838,0.17,2.765,0.606,Critical
597,2026-01-25T21:00:00.000Z,raniganj-south-slope,zone-b,SN-101,0,0.07,0.7,0.27,0.23,21,-70,79,0.026,0.338,0,0.049,Normal
598,2026-01-25T22:00:00.000Z,korba-west-bench,zone-b,SN-101,0.29,0,0.57,0.13,0.49,25,-76,90,0,0.194,0.072,0.09,Normal
599,2026-01-25T23:00:00.000Z,korba-west-bench,zone-d,EX-201,1.48,0.49,3.31,0.5,2.15,49,-68,69,0.294,0.147,0.725,0.272,Normal
600,2026-01-26T00:00:00.000Z,raniganj-south-slope,zone-b,PZ-401,1.19,0.23,3.13,0.4,1.9,59,-71,72,0.115,0.124,0.702,0.29,Normal
601,2026-01-26T01:00:00.000Z,korba-west-bench,zone-a,SN-101,3.65,0.78,7.83,1.31,4.16,63,-63,74,1.1,0.165,2.3,0.708,Critical
602,2026-01-26T02:00:00.000Z,korba-west-bench,zone-c,PZ-401,0.5,0,1.77,0,1.04,29,-62,79,0,0,0.145,0.139,Normal
603,2026-01-26T03:00:00.000Z,jharia-open-pit,zone-b,EX-201,0.14,0.17,0.25,0.24,0.28,18,-77,84,0.058,0.686,0.025,0.028,Normal
604,2026-01-26T04:00:00.000Z,jharia-open-pit,zone-a,SN-101,3.41,0.56,8.4,1.01,3.62,75,-60,84,0.622,0.119,2.558,0.655,Critical
605,2026-01-26T05:00:00.000Z,korba-west-bench,zone-b,TL-301,1.02,0.33,1.14,0,1.36,31,-76,74,0.033,0,0.316,0.2,Normal
606,2026-01-26T06:00:00.000Z,singareni-s4,zone-a,PZ-401,0.59,0.05,0.17,0.08,0.52,29,-73,75,0.009,0.296,0.171,0.071,Normal
607,2026-01-26T07:00:00.000Z,jharia-open-pit,zone-a,SN-101,2.17,0.48,4.35,0.46,1.88,46,-80,91,0.269,0.103,0.998,0.396,Warning
608,2026-01-26T08:00:00.000Z,jharia-open-pit,zone-a,TL-301,0.55,0.11,0.04,0.34,0.27,21,-81,79,0.048,2.429,0.116,0.106,Normal
609,2026-01-26T09:00:00.000Z,korba-west-bench,zone-d,SN-101,1.19,0.06,0,0.31,0.51,27,-61,74,0.025,3.1,0.321,0.137,Normal
610,2026-01-26T10:00:00.000Z,singareni-s4,zone-b,EX-201,0.22,0,0,0.11,0.83,39,-82,96,0,1.1,0.086,0.074,Normal
611,2026-01-26T11:00:00.000Z,korba-west-bench,zone-b,SN-101,4.23,0.79,7.26,1.14,3.73,65,-77,98,0.98,0.155,2.75,0.7,Critical
612,2026-01-26T12:00:00.000Z,raniganj-south-slope,zone-d,PZ-401,0.26,0,0.83,0.03,0.65,27,-71,72,0,0.032,0.07,0.051,Normal
613,2026-01-26T13:00:00.000Z,jharia-open-pit,zone-d,TL-301,0.54,0.11,0.89,0.14,0.22,23,-82,90,0.026,0.141,0.124,0.004,Normal
614,2026-01-26T14:00:00.000Z,singareni-s4,zone-d,EX-201,0,0.2,0.65,0.13,0.38,31,-73,95,0.046,0.173,0,0.154,Normal
615,2026-01-26T15:00:00.000Z,korba-west-bench,zone-d,EX-201,0.92,0.21,0.55,0.05,0.63,33,-70,63,0.032,0.077,0.304,0.151,Normal
616,2026-01-26T16:00:00.000Z,singareni-s4,zone-a,EX-201,0.41,0.08,2.2,0.35,0.06,23,-77,92,0.036,0.152,0.094,0.067,Normal
617,2026-01-26T17:00:00.000Z,singareni-s4,zone-c,SN-101,0.54,0.14,0,0.11,0,22,-64,65,0.029,1.1,0.119,0.07,Normal
618,2026-01-26T18:00:00.000Z,korba-west-bench,zone-c,PZ-401,2.11,0.23,3.37,0.51,1.36,33,-66,79,0.14,0.147,0.696,0.306,Warning
619,2026-01-26T19:00:00.000Z,singareni-s4,zone-c,TL-301,3.14,1.01,6.35,1.43,3.43,69,-84,61,1.545,0.222,2.167,0.693,Critical
620,2026-01-26T20:00:00.000Z,singareni-s4,zone-d,EX-201,0.6,0,1.34,0.08,0.3,23,-75,90,0,0.056,0.138,0.095,Normal
621,2026-01-26T21:00:00.000Z,singareni-s4,zone-a,TL-301,3.73,0.79,6.94,1.3,2.87,59,-83,64,1.106,0.185,2.201,0.552,Critical
622,2026-01-26T22:00:00.000Z,raniganj-south-slope,zone-d,TL-301,0.95,0.5,2.47,0.68,1.19,46,-65,82,0.39,0.265,0.437,0.227,Normal
623,2026-01-26T23:00:00.000Z,raniganj-south-slope,zone-a,EX-201,0.73,0.14,0,0.09,0.36,34,-64,61,0.027,0.9,0.248,0.167,Normal
624,2026-01-27T00:00:00.000Z,singareni-s4,zone-a,EX-201,1.81,0.25,4.04,0.43,1.52,41,-72,85,0.133,0.104,0.742,0.364,Warning
625,2026-01-27T01:00:00.000Z,jharia-open-pit,zone-c,PZ-401,0.48,0.14,1.46,0.26,0.01,23,-70,75,0.05,0.167,0.11,0.029,Normal
626,2026-01-27T02:00:00.000Z,singareni-s4,zone-a,PZ-401,0.67,0.2,1.18,0.18,0.23,27,-80,64,0.056,0.141,0.181,0.152,Normal
627,2026-01-27T03:00:00.000Z,raniganj-south-slope,zone-d,SN-101,0.77,0.06,1.13,0.14,0.57,29,-62,94,0.014,0.114,0.223,0.136,Normal
628,2026-01-27T04:00:00.000Z,singareni-s4,zone-c,PZ-401,2.02,0.32,3.3,0.44,2.13,45,-62,93,0.173,0.129,0.909,0.304,Warning
629,2026-01-27T05:00:00.000Z,raniganj-south-slope,zone-c,TL-301,0.69,0,0,0,0.83,25,-85,93,0,0,0.172,0.088,Normal
630,2026-01-27T06:00:00.000Z,korba-west-bench,zone-b,TL-301,1.63,0.29,2.82,0.35,2.05,38,-63,66,0.13,0.12,0.619,0.29,Normal
631,2026-01-27T07:00:00.000Z,singareni-s4,zone-a,TL-301,3.24,0.64,7.87,1.34,3.86,58,-62,87,0.922,0.168,1.879,0.656,Critical
632,2026-01-27T08:00:00.000Z,jharia-open-pit,zone-a,PZ-401,0.32,0.2,1.26,0.21,0.54,27,-77,96,0.062,0.154,0.086,0.036,Normal
633,2026-01-27T09:00:00.000Z,korba-west-bench,zone-d,PZ-401,0.44,0.38,1.05,0,0.78,30,-81,90,0.038,0,0.132,0.141,Normal
634,2026-01-27T10:00:00.000Z,korba-west-bench,zone-a,TL-301,0.33,0.12,0.68,0,0.55,24,-74,88,0.012,0,0.079,0.145,Normal
635,2026-01-27T11:00:00.000Z,jharia-open-pit,zone-c,PZ-401,2.09,0.37,3.06,0.63,1.68,43,-82,96,0.27,0.199,0.899,0.371,Warning
636,2026-01-27T12:00:00.000Z,singareni-s4,zone-c,EX-201,0,0,0,0,0.34,21,-81,74,0,0,0,-0.006,Normal
637,2026-01-27T13:00:00.000Z,korba-west-bench,zone-b,TL-301,1.87,0.57,2.21,0.44,1.49,48,-82,99,0.308,0.19,0.898,0.346,Warning
638,2026-01-27T14:00:00.000Z,korba-west-bench,zone-a,EX-201,0.22,0.18,0.71,0.1,0.79,27,-84,85,0.036,0.123,0.059,0.152,Normal
639,2026-01-27T15:00:00.000Z,raniganj-south-slope,zone-a,TL-301,3.82,0.77,7.83,1.21,3.09,69,-74,71,1.009,0.153,2.636,0.633,Critical
640,2026-01-27T16:00:00.000Z,jharia-open-pit,zone-a,SN-101,1.09,0.41,3.4,0.62,2.41,47,-64,78,0.295,0.177,0.512,0.292,Normal
641,2026-01-27T17:00:00.000Z,jharia-open-pit,zone-d,SN-101,1.07,0.13,0.32,0.24,1.52,27,-70,76,0.044,0.571,0.289,0.202,Normal
642,2026-01-27T18:00:00.000Z,jharia-open-pit,zone-a,SN-101,0.31,0.06,1.82,0.02,1.06,24,-81,69,0.007,0.01,0.074,0.095,Normal
643,2026-01-27T19:00:00.000Z,korba-west-bench,zone-c,SN-101,3.85,0.87,8.87,1.15,3.3,69,-60,75,1.087,0.128,2.656,0.692,Critical
644,2026-01-27T20:00:00.000Z,korba-west-bench,zone-c,PZ-401,3.52,0.97,7.11,1.26,3.8,55,-72,94,1.319,0.175,1.936,0.687,Critical
645,2026-01-27T21:00:00.000Z,raniganj-south-slope,zone-a,PZ-401,0.29,0,0.36,0.1,0.69,31,-72,99,0,0.217,0.09,0.059,Normal
646,2026-01-27T22:00:00.000Z,singareni-s4,zone-b,PZ-401,1.58,0.18,4.44,0.63,1.08,55,-79,64,0.131,0.139,0.869,0.312,Warning
647,2026-01-27T23:00:00.000Z,jharia-open-pit,zone-c,EX-201,0.47,0.08,0.39,0.24,0.01,30,-78,79,0.027,0.49,0.141,0.079,Normal
648,2026-01-28T00:00:00.000Z,singareni-s4,zone-a,EX-201,0.55,0.16,0.16,0,1.82,26,-85,89,0.016,0,0.143,0.139,Normal
649,2026-01-28T01:00:00.000Z,singareni-s4,zone-c,TL-301,3.02,0.91,8,1.2,2.47,70,-80,78,1.183,0.148,2.114,0.646,Critical
650,2026-01-28T02:00:00.000Z,jharia-open-pit,zone-d,EX-201,0.16,0.08,0.66,0.03,0.64,20,-74,99,0.01,0.039,0.032,0.086,Normal
651,2026-01-28T03:00:00.000Z,raniganj-south-slope,zone-a,EX-201,0.13,0,0.78,0,0.11,17,-67,66,0,0,0.022,0.05,Normal
652,2026-01-28T04:00:00.000Z,korba-west-bench,zone-b,SN-101,0,0.05,1.76,0,1.16,10,-82,94,0.005,0,0,0.096,Normal
653,2026-01-28T05:00:00.000Z,jharia-open-pit,zone-d,PZ-401,0.59,0.24,1.7,0.2,1.27,18,-75,97,0.072,0.111,0.106,0.227,Normal
654,2026-01-28T06:00:00.000Z,korba-west-bench,zone-c,SN-101,1.86,0.45,3.85,0.54,1.48,39,-65,86,0.288,0.137,0.725,0.384,Warning
655,2026-01-28T07:00:00.000Z,korba-west-bench,zone-c,SN-101,1.91,0.23,2.7,0.54,2.14,43,-80,84,0.147,0.193,0.821,0.274,Normal
656,2026-01-28T08:00:00.000Z,korba-west-bench,zone-c,EX-201,1.58,0.63,2.88,0.29,2.74,37,-62,61,0.246,0.097,0.585,0.339,Warning
657,2026-01-28T09:00:00.000Z,singareni-s4,zone-c,TL-301,0.19,0.04,0.89,0,0.43,19,-68,84,0.004,0,0.036,0.092,Normal
658,2026-01-28T10:00:00.000Z,raniganj-south-slope,zone-a,TL-301,1.78,0.41,3.31,0.43,1.56,40,-63,95,0.217,0.126,0.712,0.324,Warning
659,2026-01-28T11:00:00.000Z,singareni-s4,zone-d,PZ-401,0.3,0,0.83,0.01,0.25,20,-64,62,0,0.011,0.06,0.06,Normal
660,2026-01-28T12:00:00.000Z,singareni-s4,zone-d,TL-301,3.06,1.1,7.18,1.59,3.58,64,-68,67,1.859,0.218,1.958,0.687,Critical
661,2026-01-28T13:00:00.000Z,korba-west-bench,zone-d,SN-101,0.49,0.02,1.72,0.19,1.35,19,-75,97,0.006,0.104,0.093,0.122,Normal
662,2026-01-28T14:00:00.000Z,raniganj-south-slope,zone-c,SN-101,0,0,1.94,0.18,0,22,-69,91,0,0.088,0,-0.001,Normal
663,2026-01-28T15:00:00.000Z,raniganj-south-slope,zone-c,EX-201,0.88,0,0.38,0,0,21,-76,65,0,0,0.185,0.059,Normal
664,2026-01-28T16:00:00.000Z,jharia-open-pit,zone-b,SN-101,0.74,0.04,1.67,0.15,0.37,26,-79,93,0.01,0.085,0.192,0.11,Normal
665,2026-01-28T17:00:00.000Z,singareni-s4,zone-d,TL-301,0.18,0.09,0.52,0.36,0.93,24,-60,96,0.041,0.581,0.043,0.172,Normal
666,2026-01-28T18:00:00.000Z,raniganj-south-slope,zone-a,SN-101,1.66,0.36,1.47,0.63,1.74,53,-70,78,0.263,0.401,0.88,0.3,Warning
667,2026-01-28T19:00:00.000Z,jharia-open-pit,zone-b,SN-101,0.55,0.2,0.86,0,0.01,27,-83,72,0.02,0,0.149,0.121,Normal
668,2026-01-28T20:00:00.000Z,korba-west-bench,zone-b,EX-201,0.49,0,1.4,0,0,35,-73,80,0,0,0.171,0.071,Normal
669,2026-01-28T21:00:00.000Z,korba-west-bench,zone-b,SN-101,0.08,0.17,1.82,0,0,31,-73,60,0.017,0,0.025,0.092,Normal
670,2026-01-28T22:00:00.000Z,korba-west-bench,zone-d,EX-201,1.93,0.34,3.37,0.52,1.43,40,-82,76,0.211,0.15,0.772,0.355,Warning
671,2026-01-28T23:00:00.000Z,raniganj-south-slope,zone-b,PZ-401,2.87,0.79,7.36,1.17,3.2,68,-66,100,1.003,0.157,1.952,0.653,Critical
672,2026-01-29T00:00:00.000Z,raniganj-south-slope,zone-b,EX-201,3.75,0.81,7.61,1.32,2.22,60,-74,90,1.15,0.171,2.25,0.642,Critical
673,2026-01-29T01:00:00.000Z,singareni-s4,zone-d,TL-301,0.27,0,1.26,0,1.32,24,-81,71,0,0,0.065,-0.016,Normal
674,2026-01-29T02:00:00.000Z,korba-west-bench,zone-a,PZ-401,0.87,0.18,0,0.28,0,20,-81,69,0.068,2.8,0.174,0.116,Normal
675,2026-01-29T03:00:00.000Z,raniganj-south-slope,zone-b,PZ-401,0.57,0.13,1.87,0,0.89,28,-65,80,0.013,0,0.16,0.1,Normal
676,2026-01-29T04:00:00.000Z,raniganj-south-slope,zone-b,SN-101,0.1,0.15,0,0.06,1.17,31,-76,78,0.024,0.6,0.031,0.111,Normal
677,2026-01-29T05:00:00.000Z,singareni-s4,zone-d,TL-301,0,0.4,0,0.2,0.72,43,-73,75,0.12,2,0,0.12,Normal
678,2026-01-29T06:00:00.000Z,jharia-open-pit,zone-a,SN-101,0.13,0.03,0,0.29,0.99,10,-84,88,0.012,2.9,0.013,0.095,Normal
679,2026-01-29T07:00:00.000Z,jharia-open-pit,zone-a,PZ-401,0.09,0.25,1.32,0.09,0,36,-85,82,0.048,0.063,0.032,0.133,Normal
680,2026-01-29T08:00:00.000Z,korba-west-bench,zone-d,SN-101,0.48,0.34,0,0,1.08,22,-80,88,0.034,0,0.106,0.141,Normal
681,2026-01-29T09:00:00.000Z,raniganj-south-slope,zone-a,EX-201,0.34,0,1.17,0.25,0.55,24,-69,64,0,0.197,0.082,0.117,Normal
682,2026-01-29T10:00:00.000Z,korba-west-bench,zone-b,EX-201,4.29,0.76,6.93,1.38,3.4,84,-72,83,1.125,0.196,3.604,0.731,Critical
683,2026-01-29T11:00:00.000Z,singareni-s4,zone-b,SN-101,3.14,0.77,8.34,1.23,3.64,57,-85,85,1.024,0.146,1.79,0.706,Critical
684,2026-01-29T12:00:00.000Z,raniganj-south-slope,zone-a,EX-201,1.24,0.29,3.44,0.55,1.49,35,-77,82,0.189,0.155,0.434,0.252,Normal
685,2026-01-29T13:00:00.000Z,jharia-open-pit,zone-c,PZ-401,3.72,0.92,6.55,1.22,3.26,76,-77,84,1.214,0.183,2.827,0.651,Critical
686,2026-01-29T14:00:00.000Z,singareni-s4,zone-a,SN-101,0.41,0.09,0,0.11,0.8,41,-73,61,0.019,1.1,0.168,0.022,Normal
687,2026-01-29T15:00:00.000Z,jharia-open-pit,zone-d,PZ-401,0.72,0,0.15,0.06,0.42,25,-76,94,0,0.24,0.18,0.027,Normal
688,2026-01-29T16:00:00.000Z,raniganj-south-slope,zone-b,PZ-401,1.94,0.23,3.14,0.47,1.5,45,-65,61,0.131,0.145,0.873,0.268,Normal
689,2026-01-29T17:00:00.000Z,korba-west-bench,zone-c,PZ-401,1.14,0.03,0.43,0.34,0.75,19,-73,73,0.013,0.642,0.217,0.133,Normal
690,2026-01-29T18:00:00.000Z,jharia-open-pit,zone-c,TL-301,3.6,0.87,7,0.91,2.77,83,-64,67,0.879,0.128,2.988,0.635,Critical
691,2026-01-29T19:00:00.000Z,raniganj-south-slope,zone-d,SN-101,0.65,0.06,0.7,0.3,1.72,33,-67,69,0.024,0.375,0.215,0.126,Normal
692,2026-01-29T20:00:00.000Z,raniganj-south-slope,zone-a,TL-301,0.67,0.04,1.7,0.18,0.47,27,-67,72,0.011,0.1,0.181,0.134,Normal
693,2026-01-29T21:00:00.000Z,raniganj-south-slope,zone-d,PZ-401,2.91,1.05,6.76,1.18,3.66,73,-85,63,1.344,0.172,2.124,0.654,Critical
694,2026-01-29T22:00:00.000Z,singareni-s4,zone-c,EX-201,1.93,0.5,2.19,0.15,2.41,47,-80,70,0.125,0.066,0.907,0.236,Normal
695,2026-01-29T23:00:00.000Z,korba-west-bench,zone-b,SN-101,1.12,0,1.66,0.09,0.29,24,-69,79,0,0.051,0.269,0.135,Normal
696,2026-01-30T00:00:00.000Z,korba-west-bench,zone-a,EX-201,0.09,0,0.53,0.37,0.1,23,-72,68,0,0.587,0.021,0.055,Normal
697,2026-01-30T01:00:00.000Z,korba-west-bench,zone-b,TL-301,1.4,0.3,1.77,0.41,1.63,52,-79,64,0.153,0.219,0.728,0.274,Normal
698,2026-01-30T02:00:00.000Z,raniganj-south-slope,zone-c,PZ-401,3.26,0.93,7.41,1.35,2.63,73,-84,94,1.349,0.18,2.38,0.664,Critical
699,2026-01-30T03:00:00.000Z,singareni-s4,zone-b,TL-301,3.52,0.92,7.18,1.22,3.58,75,-64,85,1.214,0.168,2.64,0.642,Critical
700,2026-01-30T04:00:00.000Z,raniganj-south-slope,zone-c,TL-301,0,0.1,1.67,0.14,0,37,-69,86,0.024,0.079,0,0.07,Normal
701,2026-01-30T05:00:00.000Z,raniganj-south-slope,zone-b,EX-201,1.52,0.2,2.89,0.62,1.71,66,-68,75,0.144,0.207,1.003,0.343,Warning
702,2026-01-30T06:00:00.000Z,raniganj-south-slope,zone-d,EX-201,3.31,0.61,6.95,1.39,3.02,70,-78,69,0.909,0.197,2.317,0.551,Critical
703,2026-01-30T07:00:00.000Z,singareni-s4,zone-d,PZ-401,1.58,0.41,4.5,0.72,2.31,49,-85,64,0.336,0.157,0.774,0.382,Warning
704,2026-01-30T08:00:00.000Z,jharia-open-pit,zone-a,EX-201,0.66,0.13,0.86,0,0.44,30,-76,68,0.013,0,0.198,0.078,Normal
705,2026-01-30T09:00:00.000Z,singareni-s4,zone-c,PZ-401,1.15,0.55,3.23,0.32,1.62,44,-68,93,0.231,0.096,0.506,0.216,Normal
706,2026-01-30T10:00:00.000Z,singareni-s4,zone-d,TL-301,0.46,0.26,1.7,0.33,0.55,19,-81,91,0.112,0.183,0.087,0.166,Normal
707,2026-01-30T11:00:00.000Z,jharia-open-pit,zone-d,TL-301,3.9,0.75,6.38,1.04,3.3,66,-82,71,0.855,0.16,2.574,0.622,Critical
708,2026-01-30T12:00:00.000Z,raniganj-south-slope,zone-c,EX-201,0.53,0,1.04,0,1.95,28,-79,62,0,0,0.148,0.112,Normal
709,2026-01-30T13:00:00.000Z,korba-west-bench,zone-d,SN-101,0.26,0.04,1.21,0,0.23,38,-80,82,0.004,0,0.099,0.09,Normal
710,2026-01-30T14:00:00.000Z,raniganj-south-slope,zone-a,TL-301,3.63,0.98,6.95,1.42,4.07,55,-79,99,1.49,0.201,1.997,0.657,Critical
711,2026-01-30T15:00:00.000Z,korba-west-bench,zone-a,SN-101,3.18,0.95,5.77,1.15,3.07,89,-76,71,1.188,0.196,2.83,0.628,Critical
712,2026-01-30T16:00:00.000Z,jharia-open-pit,zone-d,SN-101,1.09,0.14,0.51,0.04,0.69,30,-75,89,0.02,0.066,0.327,0.15,Normal
713,2026-01-30T17:00:00.000Z,singareni-s4,zone-d,SN-101,0,0.07,1.85,0,0.43,28,-69,95,0.007,0,0,0.149,Normal
714,2026-01-30T18:00:00.000Z,singareni-s4,zone-b,SN-101,0.78,0.1,2.21,0.12,0.7,14,-66,83,0.022,0.052,0.109,0.066,Normal
715,2026-01-30T19:00:00.000Z,jharia-open-pit,zone-a,EX-201,0.49,0.2,0.24,0.15,0.81,23,-68,67,0.05,0.441,0.113,0.123,Normal
716,2026-01-30T20:00:00.000Z,jharia-open-pit,zone-d,SN-101,1,0.13,0.87,0.06,0.67,25,-69,62,0.021,0.062,0.25,0.157,Normal
717,2026-01-30T21:00:00.000Z,raniganj-south-slope,zone-c,SN-101,0.83,0.07,0.79,0.16,0,33,-80,61,0.018,0.18,0.274,0.145,Normal
718,2026-01-30T22:00:00.000Z,korba-west-bench,zone-d,TL-301,0.23,0.27,0,0,0.33,33,-77,81,0.027,0,0.076,0.069,Normal
719,2026-01-30T23:00:00.000Z,jharia-open-pit,zone-b,SN-101,2.08,0.32,3.48,0.24,1.56,54,-79,94,0.109,0.067,1.123,0.344,Warning
720,2026-01-31T00:00:00.000Z,singareni-s4,zone-c,EX-201,1.66,0.41,2.46,0.72,1.61,62,-76,73,0.336,0.281,1.029,0.4,Warning
721,2026-01-31T01:00:00.000Z,jharia-open-pit,zone-d,EX-201,0.28,0,1.84,0.17,0.83,32,-81,83,0,0.088,0.09,0.146,Normal
722,2026-01-31T02:00:00.000Z,singareni-s4,zone-b,SN-101,0,0,0,0.06,0.28,29,-81,98,0,0.6,0,-0.04,Normal
723,2026-01-31T03:00:00.000Z,raniganj-south-slope,zone-a,PZ-401,3.06,0.81,8.47,1.2,3.62,75,-62,71,1.053,0.14,2.295,0.597,Critical
724,2026-01-31T04:00:00.000Z,singareni-s4,zone-c,TL-301,1.4,0.27,1.94,0.23,0.75,20,-60,86,0.089,0.113,0.28,0.151,Normal
725,2026-01-31T05:00:00.000Z,raniganj-south-slope,zone-b,EX-201,0.41,0.1,0.75,0.15,0.29,27,-68,93,0.025,0.176,0.111,0.086,Normal
726,2026-01-31T06:00:00.000Z,jharia-open-pit,zone-a,TL-301,0,0.1,0.51,0.06,1.03,19,-77,93,0.016,0.098,0,0.105,Normal
727,2026-01-31T07:00:00.000Z,singareni-s4,zone-b,TL-301,0.32,0,1.25,0,1.36,13,-61,61,0,0,0.042,0.104,Normal
728,2026-01-31T08:00:00.000Z,singareni-s4,zone-c,SN-101,0.55,0.37,0.98,0,0,21,-70,83,0.037,0,0.116,0.16,Normal
729,2026-01-31T09:00:00.000Z,raniganj-south-slope,zone-b,PZ-401,1.21,0.29,2.26,0.45,2.06,46,-61,61,0.16,0.191,0.557,0.268,Normal
730,2026-01-31T10:00:00.000Z,singareni-s4,zone-d,TL-301,0.59,0.19,0.86,0.41,1.23,19,-80,68,0.097,0.427,0.112,0.156,Normal
731,2026-01-31T11:00:00.000Z,singareni-s4,zone-c,TL-301,3.77,1.03,7.47,0.94,3.31,75,-63,99,1.071,0.124,2.828,0.704,Critical
732,2026-01-31T12:00:00.000Z,korba-west-bench,zone-a,SN-101,0.48,0.11,1.44,0.22,0,31,-83,77,0.035,0.143,0.149,0.155,Normal
733,2026-01-31T13:00:00.000Z,jharia-open-pit,zone-d,SN-101,0,0,1.23,0.28,0.54,27,-60,83,0,0.211,0,0.114,Normal
734,2026-01-31T14:00:00.000Z,singareni-s4,zone-b,SN-101,3.52,0.77,7.12,1.14,2.52,82,-81,86,0.955,0.158,2.886,0.622,Critical
735,2026-01-31T15:00:00.000Z,singareni-s4,zone-d,PZ-401,1.23,0.16,4.21,0.48,1.05,54,-62,86,0.093,0.111,0.664,0.273,Normal
736,2026-01-31T16:00:00.000Z,jharia-open-pit,zone-c,PZ-401,1.46,0.49,2.16,0.67,2.25,39,-62,61,0.377,0.296,0.569,0.298,Normal
737,2026-01-31T17:00:00.000Z,korba-west-bench,zone-c,PZ-401,3.25,1.11,7.18,1.16,3.17,75,-68,83,1.399,0.159,2.438,0.679,Critical
738,2026-01-31T18:00:00.000Z,singareni-s4,zone-b,EX-201,1.32,0.34,3.34,0.4,2.13,48,-85,70,0.17,0.116,0.634,0.325,Warning
739,2026-01-31T19:00:00.000Z,korba-west-bench,zone-c,TL-301,0.14,0.04,0.65,0.05,0.74,32,-76,81,0.006,0.067,0.045,0.073,Normal
740,2026-01-31T20:00:00.000Z,korba-west-bench,zone-c,EX-201,0.32,0.04,1.74,0.22,1.2,34,-69,70,0.013,0.12,0.109,0.112,Normal
741,2026-01-31T21:00:00.000Z,jharia-open-pit,zone-d,EX-201,1,0.01,0.17,0,0.59,27,-71,84,0.001,0,0.27,0.103,Normal
742,2026-01-31T22:00:00.000Z,korba-west-bench,zone-b,SN-101,2.81,0.88,6.88,1.25,2.71,75,-61,88,1.188,0.179,2.107,0.604,Critical
743,2026-01-31T23:00:00.000Z,singareni-s4,zone-c,TL-301,1.89,0.36,2.97,0.48,1.98,49,-60,66,0.209,0.156,0.926,0.286,Normal
744,2026-02-01T00:00:00.000Z,jharia-open-pit,zone-a,EX-201,3.47,0.69,7.46,0.97,3.99,84,-75,63,0.738,0.128,2.915,0.647,Critical
745,2026-02-01T01:00:00.000Z,raniganj-south-slope,zone-d,EX-201,0.36,0.17,0.41,0.31,0,13,-60,93,0.07,0.608,0.047,0.106,Normal
746,2026-02-01T02:00:00.000Z,jharia-open-pit,zone-d,PZ-401,2.08,0.4,4.25,0.4,2.14,49,-71,75,0.2,0.092,1.019,0.337,Warning
747,2026-02-01T03:00:00.000Z,singareni-s4,zone-a,TL-301,1.45,0.23,3.64,0.42,1.8,55,-76,82,0.12,0.112,0.797,0.382,Warning
748,2026-02-01T04:00:00.000Z,raniganj-south-slope,zone-c,EX-201,1.68,0.29,2.61,0.44,2.2,56,-72,76,0.157,0.162,0.941,0.284,Normal
749,2026-02-01T05:00:00.000Z,singareni-s4,zone-a,EX-201,0,0.14,0.81,0.12,0.31,11,-63,84,0.031,0.132,0,0.094,Normal
750,2026-02-01T06:00:00.000Z,jharia-open-pit,zone-b,PZ-401,0.53,0.18,1.28,0.11,0.68,15,-63,86,0.038,0.08,0.08,0.135,Normal
751,2026-02-01T07:00:00.000Z,korba-west-bench,zone-d,SN-101,0.44,0,0.61,0.24,0.22,22,-74,62,0,0.338,0.097,0.049,Normal
752,2026-02-01T08:00:00.000Z,korba-west-bench,zone-a,EX-201,0.45,0,1.95,0.24,0.93,27,-81,72,0,0.117,0.122,0.057,Normal
753,2026-02-01T09:00:00.000Z,jharia-open-pit,zone-c,TL-301,1.21,0,0,0.27,0,27,-67,68,0,2.7,0.327,0.132,Normal
754,2026-02-01T10:00:00.000Z,jharia-open-pit,zone-c,SN-101,1.17,0.27,4.55,0.55,1.43,45,-73,97,0.176,0.118,0.526,0.254,Normal
755,2026-02-01T11:00:00.000Z,jharia-open-pit,zone-a,SN-101,0,0,1.17,0.24,0.44,38,-73,75,0,0.189,0,0.162,Normal
756,2026-02-01T12:00:00.000Z,korba-west-bench,zone-a,EX-201,1.62,0.35,1.52,0.93,0.5,49,-80,73,0.36,0.574,0.794,0.256,Normal
757,2026-02-01T13:00:00.000Z,korba-west-bench,zone-b,PZ-401,3.09,0.76,7.18,1.43,3.74,73,-75,99,1.163,0.196,2.256,0.589,Critical
758,2026-02-01T14:00:00.000Z,korba-west-bench,zone-d,EX-201,1.13,0.31,3.31,0.27,1.46,31,-75,96,0.115,0.079,0.35,0.185,Normal
759,2026-02-01T15:00:00.000Z,korba-west-bench,zone-a,PZ-401,1.31,0.53,4.19,0.33,2.35,34,-66,98,0.228,0.077,0.445,0.289,Normal
760,2026-02-01T16:00:00.000Z,jharia-open-pit,zone-c,SN-101,0.64,0.16,1.08,0.09,0.52,29,-80,68,0.03,0.076,0.186,0.114,Normal
761,2026-02-01T17:00:00.000Z,jharia-open-pit,zone-c,PZ-401,4.04,0.63,7.65,1.25,2.33,67,-68,74,0.851,0.161,2.707,0.595,Critical
762,2026-02-01T18:00:00.000Z,raniganj-south-slope,zone-c,SN-101,0.7,0.14,0.52,0.2,0.1,32,-84,87,0.042,0.323,0.224,0.054,Normal
763,2026-02-01T19:00:00.000Z,korba-west-bench,zone-d,TL-301,0.68,0.05,2.04,0.04,1.29,19,-77,81,0.007,0.019,0.129,0.075,Normal
764,2026-02-01T20:00:00.000Z,korba-west-bench,zone-a,SN-101,0.33,0.35,0.05,0,1.27,39,-80,84,0.035,0,0.129,0.281,Normal
765,2026-02-01T21:00:00.000Z,korba-west-bench,zone-d,TL-301,1.35,0.46,2.35,0.18,2.62,35,-71,79,0.129,0.073,0.472,0.29,Normal
766,2026-02-01T22:00:00.000Z,jharia-open-pit,zone-b,PZ-401,1.93,0.38,3.22,0.46,1.47,52,-67,73,0.213,0.139,1.004,0.286,Normal
767,2026-02-01T23:00:00.000Z,raniganj-south-slope,zone-c,TL-301,0.6,0,0,0.22,0.19,23,-75,61,0,2.2,0.138,0.07,Normal
768,2026-02-02T00:00:00.000Z,raniganj-south-slope,zone-c,TL-301,0,0.16,0.57,0,0.95,30,-79,65,0.016,0,0,0.083,Normal
769,2026-02-02T01:00:00.000Z,raniganj-south-slope,zone-b,TL-301,2.75,0.46,3.47,0.47,1.57,39,-81,95,0.262,0.132,1.073,0.384,Warning
770,2026-02-02T02:00:00.000Z,raniganj-south-slope,zone-a,TL-301,0,0,0,0.03,0,33,-67,77,0,0.3,0,0.009,Normal
771,2026-02-02T03:00:00.000Z,raniganj-south-slope,zone-c,PZ-401,0,0.16,0.2,0.48,0.98,27,-79,79,0.093,1.6,0,0.107,Normal
772,2026-02-02T04:00:00.000Z,raniganj-south-slope,zone-b,EX-201,1.36,0.22,3.96,0.17,0.96,42,-73,85,0.059,0.042,0.571,0.224,Normal
773,2026-02-02T05:00:00.000Z,raniganj-south-slope,zone-c,EX-201,3.37,0.71,6.54,1.16,3.6,76,-68,92,0.895,0.175,2.561,0.585,Critical
774,2026-02-02T06:00:00.000Z,korba-west-bench,zone-d,SN-101,3.52,0.85,9.2,1.45,3.76,65,-67,73,1.317,0.156,2.288,0.662,Critical
775,2026-02-02T07:00:00.000Z,jharia-open-pit,zone-b,TL-301,0.33,0.16,0.74,0,0.26,21,-72,85,0.016,0,0.069,0.035,Normal
776,2026-02-02T08:00:00.000Z,jharia-open-pit,zone-b,PZ-401,0.11,0,0.9,0.01,0.3,20,-62,99,0,0.01,0.022,0.053,Normal
777,2026-02-02T09:00:00.000Z,korba-west-bench,zone-d,SN-101,0.14,0.12,0.86,0.39,0,19,-81,86,0.059,0.406,0.027,0.118,Normal
778,2026-02-02T10:00:00.000Z,jharia-open-pit,zone-b,PZ-401,1.47,0.47,3.57,0.55,1.39,42,-84,68,0.305,0.15,0.617,0.357,Warning
779,2026-02-02T11:00:00.000Z,singareni-s4,zone-c,EX-201,2.97,0.96,9.21,1.12,3.38,78,-76,65,1.171,0.12,2.317,0.655,Critical
780,2026-02-02T12:00:00.000Z,korba-west-bench,zone-d,SN-101,0.66,0,0,0.23,0,14,-77,80,0,2.3,0.092,0.089,Normal
781,2026-02-02T13:00:00.000Z,raniganj-south-slope,zone-a,TL-301,0.6,0,0,0,0.45,22,-83,87,0,0,0.132,0.038,Normal
782,2026-02-02T14:00:00.000Z,raniganj-south-slope,zone-a,SN-101,3.52,0.92,8.45,1.1,3.86,65,-62,63,1.104,0.129,2.288,0.741,Critical
783,2026-02-02T15:00:00.000Z,korba-west-bench,zone-c,PZ-401,1.1,0.13,0,0,0.34,10,-80,62,0.013,0,0.11,0.079,Normal
784,2026-02-02T16:00:00.000Z,raniganj-south-slope,zone-c,PZ-401,0.23,0,1.46,0,0.56,36,-81,80,0,0,0.083,0.023,Normal
785,2026-02-02T17:00:00.000Z,korba-west-bench,zone-a,EX-201,1.87,0.43,4.64,0.52,2.9,49,-71,91,0.267,0.11,0.916,0.382,Warning
786,2026-02-02T18:00:00.000Z,singareni-s4,zone-b,PZ-401,0,0.14,0.46,0.13,0.54,26,-64,80,0.032,0.232,0,0.045,Normal
787,2026-02-02T19:00:00.000Z,raniganj-south-slope,zone-c,EX-201,3.81,0.9,7.78,1.07,3.44,66,-65,65,1.053,0.136,2.515,0.652,Critical
788,2026-02-02T20:00:00.000Z,raniganj-south-slope,zone-c,TL-301,0,0.21,0.49,0.2,0.27,33,-81,97,0.063,0.339,0,0.145,Normal
789,2026-02-02T21:00:00.000Z,raniganj-south-slope,zone-b,TL-301,3.85,0.67,7.72,1.41,3.44,79,-77,83,1.012,0.18,3.042,0.626,Critical
790,2026-02-02T22:00:00.000Z,jharia-open-pit,zone-b,SN-101,0.61,0,1.39,0.14,0.65,35,-74,99,0,0.094,0.213,0.159,Normal
791,2026-02-02T23:00:00.000Z,singareni-s4,zone-c,EX-201,1.87,0.41,3.01,0.2,2.66,39,-72,68,0.123,0.064,0.729,0.314,Warning
792,2026-02-03T00:00:00.000Z,korba-west-bench,zone-a,TL-301,0,0.12,2.12,0.19,0,30,-63,66,0.035,0.086,0,0.136,Normal
793,2026-02-03T01:00:00.000Z,jharia-open-pit,zone-b,SN-101,0,0,0.95,0.23,1.25,24,-70,90,0,0.219,0,0.136,Normal
794,2026-02-03T02:00:00.000Z,raniganj-south-slope,zone-a,TL-301,1.31,0.31,4.13,0.73,1.18,50,-67,88,0.257,0.173,0.655,0.267,Normal
795,2026-02-03T03:00:00.000Z,raniganj-south-slope,zone-a,TL-301,0.8,0.24,2.08,0.27,0.14,26,-71,75,0.089,0.124,0.208,0.172,Normal
796,2026-02-03T04:00:00.000Z,jharia-open-pit,zone-a,PZ-401,0,0,0.15,0.12,0.31,28,-72,100,0,0.48,0,-0.027,Normal
797,2026-02-03T05:00:00.000Z,jharia-open-pit,zone-c,EX-201,0.79,0.33,1.59,0,1.1,18,-74,62,0.033,0,0.142,0.202,Normal
798,2026-02-03T06:00:00.000Z,raniganj-south-slope,zone-a,PZ-401,3.22,0.93,7.88,1.07,3.6,60,-60,62,1.088,0.134,1.932,0.645,Critical
799,2026-02-03T07:00:00.000Z,singareni-s4,zone-d,EX-201,0.38,0.16,0.67,0.01,0.12,28,-72,82,0.018,0.013,0.106,0.124,Normal
800,2026-02-03T08:00:00.000Z,singareni-s4,zone-c,PZ-401,0,0.13,0.23,0.16,1.45,27,-84,67,0.034,0.485,0,0.177,Normal
801,2026-02-03T09:00:00.000Z,singareni-s4,zone-d,TL-301,1.99,0.43,2.98,0.56,0.79,52,-72,74,0.284,0.182,1.035,0.309,Warning
802,2026-02-03T10:00:00.000Z,singareni-s4,zone-c,TL-301,4.02,0.83,8.84,1.4,2.8,61,-83,91,1.245,0.157,2.452,0.735,Critical
803,2026-02-03T11:00:00.000Z,raniganj-south-slope,zone-b,SN-101,0.48,0.14,0.42,0.12,0.79,34,-67,96,0.031,0.231,0.163,0.118,Normal
804,2026-02-03T12:00:00.000Z,korba-west-bench,zone-a,SN-101,0,0,0.31,0.22,1.19,24,-77,75,0,0.537,0,0.059,Normal
805,2026-02-03T13:00:00.000Z,jharia-open-pit,zone-a,TL-301,1.26,0.28,2.87,0.57,1.53,59,-61,67,0.188,0.192,0.743,0.305,Warning
806,2026-02-03T14:00:00.000Z,korba-west-bench,zone-b,PZ-401,0.1,0,2.01,0.49,0,30,-69,78,0,0.232,0.03,0.074,Normal
807,2026-02-03T15:00:00.000Z,korba-west-bench,zone-b,EX-201,0.86,0.31,0.57,0.28,1.17,12,-63,67,0.118,0.418,0.103,0.121,Normal
808,2026-02-03T16:00:00.000Z,korba-west-bench,zone-a,TL-301,0.46,0.08,1.09,0,0.25,27,-66,88,0.008,0,0.124,0.209,Normal
809,2026-02-03T17:00:00.000Z,raniganj-south-slope,zone-a,TL-301,0,0.23,0.53,0.18,1.08,24,-61,69,0.064,0.286,0,0.142,Normal
810,2026-02-03T18:00:00.000Z,korba-west-bench,zone-c,PZ-401,1.91,0.58,4.03,0.57,1.97,34,-79,82,0.389,0.138,0.649,0.366,Warning
811,2026-02-03T19:00:00.000Z,raniganj-south-slope,zone-c,EX-201,4.07,0.98,7.42,0.93,3.63,71,-66,80,1.009,0.124,2.89,0.662,Critical
812,2026-02-03T20:00:00.000Z,jharia-open-pit,zone-d,EX-201,0.91,0,1.93,0,0.93,39,-61,91,0,0,0.355,0.11,Normal
813,2026-02-03T21:00:00.000Z,korba-west-bench,zone-c,SN-101,2.91,0.94,7.08,0.86,3.69,74,-81,77,0.902,0.12,2.153,0.562,Critical
814,2026-02-03T22:00:00.000Z,singareni-s4,zone-a,TL-301,1.85,0.41,2.72,0.45,1.73,55,-71,82,0.226,0.16,1.018,0.313,Warning
815,2026-02-03T23:00:00.000Z,raniganj-south-slope,zone-a,EX-201,0.23,0,0.33,0.02,0.56,23,-69,95,0,0.047,0.053,0.054,Normal
816,2026-02-04T00:00:00.000Z,raniganj-south-slope,zone-b,PZ-401,1.38,0.4,2.62,0.68,1.3,50,-65,78,0.312,0.25,0.69,0.319,Warning
817,2026-02-04T01:00:00.000Z,raniganj-south-slope,zone-a,TL-301,3.44,0.71,8.3,1.21,3.77,71,-76,71,0.93,0.144,2.442,0.66,Critical
818,2026-02-04T02:00:00.000Z,jharia-open-pit,zone-d,SN-101,0.59,0,1.13,0.21,0.42,32,-76,86,0,0.171,0.189,0.141,Normal
819,2026-02-04T03:00:00.000Z,korba-west-bench,zone-a,SN-101,3.72,0.83,8.13,1.02,4.08,72,-72,77,0.93,0.124,2.678,0.657,Critical
820,2026-02-04T04:00:00.000Z,raniganj-south-slope,zone-d,TL-301,3.44,0.88,7.8,1.07,3.59,62,-67,80,1.03,0.135,2.133,0.671,Critical
821,2026-02-04T05:00:00.000Z,jharia-open-pit,zone-b,SN-101,0.74,0.06,0,0.21,1.47,24,-67,90,0.019,2.1,0.178,0.117,Normal
822,2026-02-04T06:00:00.000Z,korba-west-bench,zone-d,SN-101,0.26,0,1.34,0.18,0.67,21,-69,76,0,0.125,0.055,0.035,Normal
823,2026-02-04T07:00:00.000Z,korba-west-bench,zone-a,EX-201,0.53,0.05,0,0,0.67,29,-68,80,0.005,0,0.154,0.119,Normal
824,2026-02-04T08:00:00.000Z,singareni-s4,zone-c,TL-301,1.21,0,0,0,0.08,11,-62,93,0,0,0.133,0.033,Normal
825,2026-02-04T09:00:00.000Z,korba-west-bench,zone-a,EX-201,1.4,0.28,4.69,0.58,1.66,49,-62,70,0.19,0.121,0.686,0.333,Warning
826,2026-02-04T10:00:00.000Z,singareni-s4,zone-b,PZ-401,0.19,0,1.28,0.25,0.69,28,-69,68,0,0.181,0.053,0.073,Normal
827,2026-02-04T11:00:00.000Z,raniganj-south-slope,zone-d,PZ-401,0,0,0.54,0.47,0.24,35,-84,62,0,0.734,0,0.065,Normal
828,2026-02-04T12:00:00.000Z,raniganj-south-slope,zone-c,PZ-401,0,0.27,0.57,0.28,1.03,28,-78,98,0.103,0.418,0,0.177,Normal
829,2026-02-04T13:00:00.000Z,korba-west-bench,zone-c,SN-101,0.82,0.19,0.82,0,0.54,17,-73,99,0.019,0,0.139,0.067,Normal
830,2026-02-04T14:00:00.000Z,korba-west-bench,zone-d,TL-301,3.3,0.63,7.61,1.47,3.58,69,-67,94,0.989,0.191,2.277,0.592,Critical
831,2026-02-04T15:00:00.000Z,jharia-open-pit,zone-c,SN-101,0.08,0.08,0,0,0.38,31,-62,63,0.008,0,0.025,0.048,Normal
832,2026-02-04T16:00:00.000Z,jharia-open-pit,zone-c,PZ-401,3.47,0.82,8.06,1.15,3.69,82,-73,81,1.025,0.141,2.845,0.615,Critical
833,2026-02-04T17:00:00.000Z,raniganj-south-slope,zone-c,SN-101,0.75,0.09,0,0,0.81,23,-77,65,0.009,0,0.173,0.058,Normal
834,2026-02-04T18:00:00.000Z,jharia-open-pit,zone-d,PZ-401,0.65,0,0.14,0,0.87,34,-61,89,0,0,0.221,0.147,Normal
835,2026-02-04T19:00:00.000Z,jharia-open-pit,zone-b,TL-301,1.06,0.11,0.03,0.03,0.99,26,-75,65,0.014,0.231,0.276,0.137,Normal
836,2026-02-04T20:00:00.000Z,raniganj-south-slope,zone-b,PZ-401,0.13,0.08,0.11,0,0.42,10,-62,88,0.008,0,0.013,0.01,Normal
837,2026-02-04T21:00:00.000Z,raniganj-south-slope,zone-c,EX-201,0.19,0.18,0,0.14,0.24,26,-64,66,0.043,1.4,0.049,-0.008,Normal
838,2026-02-04T22:00:00.000Z,singareni-s4,zone-a,SN-101,1.52,0.4,2.25,0.34,1.48,46,-77,94,0.176,0.145,0.699,0.294,Normal
839,2026-02-04T23:00:00.000Z,singareni-s4,zone-d,EX-201,1.53,0.19,3.55,0.36,2.38,55,-79,66,0.087,0.099,0.842,0.207,Normal
840,2026-02-05T00:00:00.000Z,singareni-s4,zone-b,EX-201,0,0.08,0.7,0.08,0.58,11,-79,95,0.014,0.1,0,0.066,Normal
841,2026-02-05T01:00:00.000Z,raniganj-south-slope,zone-a,TL-301,0.07,0.23,0.8,0.11,0.09,27,-70,69,0.048,0.122,0.019,0.059,Normal
842,2026-02-05T02:00:00.000Z,singareni-s4,zone-c,PZ-401,1.2,0.45,3.48,0.49,0.89,42,-63,73,0.266,0.137,0.504,0.31,Warning
843,2026-02-05T03:00:00.000Z,raniganj-south-slope,zone-b,EX-201,0.13,0.08,1.3,0.16,0.52,33,-78,95,0.021,0.114,0.043,0,Normal
844,2026-02-05T04:00:00.000Z,korba-west-bench,zone-b,SN-101,3.44,0.85,6.84,1.09,2.42,84,-83,74,1.012,0.157,2.89,0.642,Critical
845,2026-02-05T05:00:00.000Z,jharia-open-pit,zone-c,SN-101,0.43,0.06,2.22,0.14,0.8,42,-74,81,0.014,0.06,0.181,0.13,Normal
846,2026-02-05T06:00:00.000Z,singareni-s4,zone-c,SN-101,0,0.18,0.78,0.08,0.33,10,-67,62,0.032,0.091,0,0.103,Normal
847,2026-02-05T07:00:00.000Z,raniganj-south-slope,zone-d,SN-101,0.63,0,1.79,0.08,0.26,22,-80,65,0,0.042,0.139,0.086,Normal
848,2026-02-05T08:00:00.000Z,jharia-open-pit,zone-a,TL-301,3.38,0.71,6.11,1.62,2.48,68,-80,81,1.221,0.261,2.298,0.609,Critical
849,2026-02-05T09:00:00.000Z,korba-west-bench,zone-c,SN-101,0.86,0.09,2.25,0.17,0.52,21,-85,66,0.024,0.072,0.181,0.193,Normal
850,2026-02-05T10:00:00.000Z,jharia-open-pit,zone-d,SN-101,0,0.08,0.48,0.22,0.19,36,-73,68,0.026,0.379,0,0.062,Normal
851,2026-02-05T11:00:00.000Z,korba-west-bench,zone-c,PZ-401,0.23,0.04,1.42,0.18,0.66,22,-73,78,0.011,0.118,0.051,0.116,Normal
852,2026-02-05T12:00:00.000Z,raniganj-south-slope,zone-d,TL-301,0.13,0.06,0.81,0.34,0.51,39,-63,75,0.026,0.374,0.051,0.09,Normal
853,2026-02-05T13:00:00.000Z,raniganj-south-slope,zone-b,SN-101,3.84,0.81,7.51,1.08,3.48,67,-74,95,0.956,0.142,2.573,0.624,Critical
854,2026-02-05T14:00:00.000Z,korba-west-bench,zone-c,TL-301,1.09,0.09,0.44,0.41,0.04,30,-85,76,0.046,0.759,0.327,0.112,Normal
855,2026-02-05T15:00:00.000Z,raniganj-south-slope,zone-b,PZ-401,0.55,0,0.8,0.03,1.57,21,-69,66,0,0.033,0.116,0.097,Normal
856,2026-02-05T16:00:00.000Z,singareni-s4,zone-a,TL-301,3.6,0.96,8.98,1.3,4.3,70,-76,99,1.344,0.143,2.52,0.742,Critical
857,2026-02-05T17:00:00.000Z,raniganj-south-slope,zone-d,EX-201,0.83,0.02,0,0.12,0.27,30,-60,93,0.004,1.2,0.249,0.03,Normal
858,2026-02-05T18:00:00.000Z,jharia-open-pit,zone-a,TL-301,0.22,0,2.83,0,0.61,16,-61,68,0,0,0.035,0.034,Normal
859,2026-02-05T19:00:00.000Z,korba-west-bench,zone-d,SN-101,1.66,0.38,4.08,0.53,1.77,56,-81,94,0.239,0.127,0.93,0.387,Warning
860,2026-02-05T20:00:00.000Z,raniganj-south-slope,zone-c,PZ-401,1.64,0.45,4.56,0.5,1.88,47,-77,84,0.27,0.107,0.771,0.306,Warning
861,2026-02-05T21:00:00.000Z,korba-west-bench,zone-b,PZ-401,0,0.27,0,0.34,1.05,34,-68,63,0.119,3.4,0,0.186,Normal
862,2026-02-05T22:00:00.000Z,singareni-s4,zone-b,SN-101,1.49,0.18,4.19,0.63,2.29,51,-67,63,0.131,0.147,0.76,0.313,Warning
863,2026-02-05T23:00:00.000Z,korba-west-bench,zone-a,TL-301,0.06,0.21,0.78,0,1.52,26,-69,90,0.021,0,0.016,0.101,Normal
864,2026-02-06T00:00:00.000Z,korba-west-bench,zone-c,SN-101,2.99,0.67,7.9,1.45,3.52,69,-85,82,1.039,0.181,2.063,0.584,Critical
865,2026-02-06T01:00:00.000Z,singareni-s4,zone-d,EX-201,1.52,0,4.03,0.43,0.75,42,-72,65,0,0.104,0.638,0.214,Normal
866,2026-02-06T02:00:00.000Z,jharia-open-pit,zone-c,EX-201,0.35,0.14,2.08,0.3,0.49,45,-81,65,0.056,0.138,0.158,0.148,Normal
867,2026-02-06T03:00:00.000Z,raniganj-south-slope,zone-d,SN-101,2.92,0.77,6.57,1.2,3.16,67,-75,67,1.001,0.18,1.956,0.594,Critical
868,2026-02-06T04:00:00.000Z,singareni-s4,zone-a,PZ-401,0.37,0.13,1.59,0,1.12,18,-72,71,0.013,0,0.067,0.112,Normal
869,2026-02-06T05:00:00.000Z,jharia-open-pit,zone-d,SN-101,0.6,0.07,1.19,0.12,0.21,13,-84,62,0.015,0.093,0.078,0.044,Normal
870,2026-02-06T06:00:00.000Z,raniganj-south-slope,zone-a,PZ-401,1.57,0.26,3.64,0.53,1.85,56,-74,80,0.164,0.142,0.879,0.342,Warning
871,2026-02-06T07:00:00.000Z,singareni-s4,zone-d,SN-101,0.61,0.07,1.4,0.04,0.95,33,-82,73,0.01,0.027,0.201,0.179,Normal
872,2026-02-06T08:00:00.000Z,singareni-s4,zone-d,TL-301,1.81,0.25,3.67,0.38,2.13,62,-64,80,0.12,0.101,1.122,0.283,Normal
873,2026-02-06T09:00:00.000Z,raniganj-south-slope,zone-c,TL-301,3.67,0.7,7.68,1.05,3.55,79,-78,83,0.805,0.135,2.899,0.633,Critical
874,2026-02-06T10:00:00.000Z,raniganj-south-slope,zone-b,EX-201,0.47,0.09,0,0,0.21,25,-76,76,0.009,0,0.117,-0.009,Normal
875,2026-02-06T11:00:00.000Z,raniganj-south-slope,zone-a,PZ-401,2.7,0.74,6.74,1.18,4.16,72,-68,67,0.947,0.173,1.944,0.651,Critical
876,2026-02-06T12:00:00.000Z,korba-west-bench,zone-d,EX-201,1.38,0.29,2.93,0.68,2.69,49,-66,87,0.226,0.224,0.676,0.28,Normal
877,2026-02-06T13:00:00.000Z,jharia-open-pit,zone-d,TL-301,0.11,0.29,0.89,0.39,0.45,26,-77,71,0.142,0.394,0.029,0.156,Normal
878,2026-02-06T14:00:00.000Z,singareni-s4,zone-a,TL-301,4.03,0.84,8.13,1.35,4.06,64,-65,73,1.218,0.164,2.579,0.688,Critical
879,2026-02-06T15:00:00.000Z,jharia-open-pit,zone-c,EX-201,0.05,0,2.1,0.04,0.15,26,-64,92,0,0.018,0.013,0.098,Normal
880,2026-02-06T16:00:00.000Z,korba-west-bench,zone-d,TL-301,1.55,0.29,2.12,0.79,1.67,46,-63,67,0.258,0.356,0.713,0.311,Warning
881,2026-02-06T17:00:00.000Z,korba-west-bench,zone-d,SN-101,1.35,0.41,1.69,0.53,2.27,47,-82,83,0.258,0.296,0.634,0.356,Warning
882,2026-02-06T18:00:00.000Z,raniganj-south-slope,zone-d,EX-201,1.8,0.33,0.66,0.56,1.44,39,-62,90,0.218,0.737,0.702,0.242,Normal
883,2026-02-06T19:00:00.000Z,jharia-open-pit,zone-c,SN-101,0.47,0.03,0,0.12,0,24,-75,98,0.007,1.2,0.113,0.037,Normal
884,2026-02-06T20:00:00.000Z,jharia-open-pit,zone-c,SN-101,0.02,0.17,1.36,0.34,1.02,12,-76,65,0.075,0.233,0.002,0.098,Normal
885,2026-02-06T21:00:00.000Z,jharia-open-pit,zone-b,PZ-401,1.71,0.46,2.72,0.31,1.55,51,-82,98,0.189,0.11,0.872,0.37,Warning
886,2026-02-06T22:00:00.000Z,jharia-open-pit,zone-b,SN-101,0.1,0.07,0,0.21,0.23,20,-62,87,0.022,2.1,0.02,0.015,Normal
887,2026-02-06T23:00:00.000Z,singareni-s4,zone-a,TL-301,2.34,0.6,2.62,0.68,1.91,55,-69,63,0.468,0.25,1.287,0.365,Warning
888,2026-02-07T00:00:00.000Z,jharia-open-pit,zone-c,EX-201,0,0.12,0.82,0.12,0.97,22,-81,67,0.026,0.13,0,-0.031,Normal
889,2026-02-07T01:00:00.000Z,korba-west-bench,zone-c,EX-201,0,0.03,0.58,0.27,0.18,31,-76,91,0.011,0.397,0,0.066,Normal
890,2026-02-07T02:00:00.000Z,korba-west-bench,zone-d,PZ-401,0.25,0.23,2.46,0.33,1.48,20,-71,77,0.099,0.129,0.05,0.165,Normal
891,2026-02-07T03:00:00.000Z,raniganj-south-slope,zone-d,TL-301,0.46,0,0,0.06,1.27,21,-72,76,0,0.6,0.097,0.11,Normal
892,2026-02-07T04:00:00.000Z,jharia-open-pit,zone-c,EX-201,0,0,1.22,0,0.79,31,-71,94,0,0,0,0.097,Normal
893,2026-02-07T05:00:00.000Z,korba-west-bench,zone-d,SN-101,0.01,0.21,1.05,0,1.08,28,-63,90,0.021,0,0.003,0.06,Normal
894,2026-02-07T06:00:00.000Z,jharia-open-pit,zone-d,EX-201,0.55,0.08,0.81,0.07,0,14,-80,88,0.014,0.077,0.077,0.075,Normal
895,2026-02-07T07:00:00.000Z,singareni-s4,zone-c,PZ-401,1.18,0.04,0,0.11,0.82,29,-82,78,0.008,1.1,0.342,0.112,Normal
896,2026-02-07T08:00:00.000Z,raniganj-south-slope,zone-b,TL-301,0.81,0.03,2.08,0.23,1.29,34,-75,82,0.01,0.106,0.275,0.146,Normal
897,2026-02-07T09:00:00.000Z,korba-west-bench,zone-c,TL-301,1.48,0.3,3.74,0.58,2.22,38,-65,60,0.204,0.151,0.562,0.248,Normal
898,2026-02-07T10:00:00.000Z,singareni-s4,zone-b,SN-101,0.97,0,0.85,0.36,0.75,29,-62,91,0,0.379,0.281,0.167,Normal
899,2026-02-07T11:00:00.000Z,jharia-open-pit,zone-a,TL-301,1.79,0,3.59,0.51,2.23,52,-80,96,0,0.138,0.931,0.292,Normal
900,2026-02-07T12:00:00.000Z,raniganj-south-slope,zone-b,TL-301,0.14,0.17,0,0.07,1.21,26,-72,61,0.029,0.7,0.036,0.052,Normal
901,2026-02-07T13:00:00.000Z,jharia-open-pit,zone-c,TL-301,0.82,0.11,0.34,0.01,0.84,28,-68,90,0.012,0.023,0.23,0.08,Normal
902,2026-02-07T14:00:00.000Z,jharia-open-pit,zone-c,EX-201,1.21,0.31,4.35,0.36,2.09,51,-69,97,0.143,0.081,0.617,0.178,Normal
903,2026-02-07T15:00:00.000Z,jharia-open-pit,zone-d,PZ-401,2.71,0.85,6.99,1.21,4.25,56,-78,87,1.113,0.171,1.518,0.575,Critical
904,2026-02-07T16:00:00.000Z,raniganj-south-slope,zone-b,PZ-401,0.79,0,1.2,0.05,0.59,15,-69,83,0,0.038,0.118,0.098,Normal
905,2026-02-07T17:00:00.000Z,singareni-s4,zone-c,PZ-401,0.6,0,0.55,0,0,14,-71,97,0,0,0.084,0.039,Normal
906,2026-02-07T18:00:00.000Z,singareni-s4,zone-b,PZ-401,0.45,0.14,0,0.19,0.45,15,-70,86,0.041,1.9,0.068,0.059,Normal
907,2026-02-07T19:00:00.000Z,singareni-s4,zone-d,SN-101,0,0,0.28,0,0.45,25,-78,97,0,0,0,0.079,Normal
908,2026-02-07T20:00:00.000Z,korba-west-bench,zone-d,SN-101,1.29,0.36,1.88,0.52,1.42,44,-62,100,0.223,0.263,0.568,0.269,Normal
909,2026-02-07T21:00:00.000Z,singareni-s4,zone-c,EX-201,0.75,0.14,0.97,0,0.37,24,-80,87,0.014,0,0.18,0.138,Normal
910,2026-02-07T22:00:00.000Z,korba-west-bench,zone-a,SN-101,0.93,0.14,1.65,0.09,0.72,33,-79,67,0.027,0.051,0.307,0.082,Normal
911,2026-02-07T23:00:00.000Z,singareni-s4,zone-a,PZ-401,0.94,0,0.9,0,1.4,22,-76,95,0,0,0.207,0.121,Normal
912,2026-02-08T00:00:00.000Z,raniganj-south-slope,zone-d,EX-201,0.5,0,1.46,0.01,1.93,23,-72,61,0,0.006,0.115,0.071,Normal
913,2026-02-08T01:00:00.000Z,singareni-s4,zone-c,PZ-401,1.73,0.25,1.92,0.33,2.15,47,-72,66,0.108,0.163,0.813,0.338,Warning
914,2026-02-08T02:00:00.000Z,singareni-s4,zone-b,EX-201,0.32,0.23,0.81,0,0.98,23,-83,65,0.023,0,0.074,0.071,Normal
915,2026-02-08T03:00:00.000Z,korba-west-bench,zone-a,SN-101,3.49,0.96,7.55,1.05,4,67,-73,96,1.104,0.137,2.338,0.664,Critical
916,2026-02-08T04:00:00.000Z,raniganj-south-slope,zone-b,EX-201,0.72,0.04,0.81,0,0,20,-82,89,0.004,0,0.144,0.091,Normal
917,2026-02-08T05:00:00.000Z,raniganj-south-slope,zone-d,TL-301,1.65,0.46,1.82,0.56,1.74,43,-63,79,0.304,0.292,0.709,0.336,Warning
918,2026-02-08T06:00:00.000Z,jharia-open-pit,zone-b,EX-201,4.1,0.96,8.46,1.27,3.15,74,-74,71,1.315,0.148,3.034,0.692,Critical
919,2026-02-08T07:00:00.000Z,singareni-s4,zone-b,EX-201,0.97,0,0.99,0.17,0,23,-79,76,0,0.156,0.223,0.034,Normal
920,2026-02-08T08:00:00.000Z,raniganj-south-slope,zone-a,EX-201,0.3,0.05,1.01,0.05,0.74,25,-61,63,0.008,0.045,0.075,0.122,Normal
921,2026-02-08T09:00:00.000Z,korba-west-bench,zone-d,PZ-401,0.5,0,0.45,0.25,0.86,40,-70,71,0,0.455,0.2,0.089,Normal
922,2026-02-08T10:00:00.000Z,korba-west-bench,zone-c,TL-301,0.99,0.2,0.24,0,1.35,33,-70,75,0.02,0,0.327,0.171,Normal
923,2026-02-08T11:00:00.000Z,korba-west-bench,zone-d,TL-301,0,0.29,1.31,0.07,0.9,34,-67,63,0.049,0.05,0,0.131,Normal
924,2026-02-08T12:00:00.000Z,singareni-s4,zone-b,EX-201,4.01,0.64,6.9,1.39,2.66,79,-61,88,0.954,0.199,3.168,0.605,Critical
925,2026-02-08T13:00:00.000Z,raniganj-south-slope,zone-c,TL-301,1.06,0.05,1.11,0.07,0.61,27,-65,89,0.009,0.058,0.286,0.092,Normal
926,2026-02-08T14:00:00.000Z,korba-west-bench,zone-d,TL-301,0.71,0,0.12,0.06,0,17,-82,92,0,0.273,0.121,0.084,Normal
927,2026-02-08T15:00:00.000Z,korba-west-bench,zone-d,PZ-401,0.56,0.17,2.33,0.19,1.24,21,-81,66,0.049,0.078,0.118,0.125,Normal
928,2026-02-08T16:00:00.000Z,raniganj-south-slope,zone-a,PZ-401,1.7,0.33,2.99,0.45,1.3,58,-82,66,0.182,0.146,0.986,0.283,Normal
929,2026-02-08T17:00:00.000Z,raniganj-south-slope,zone-d,TL-301,0.02,0.21,2.12,0,0.58,15,-82,71,0.021,0,0.003,0.146,Normal
930,2026-02-08T18:00:00.000Z,jharia-open-pit,zone-a,TL-301,0.46,0.04,0,0.08,1.33,32,-82,91,0.007,0.8,0.147,0.143,Normal
931,2026-02-08T19:00:00.000Z,singareni-s4,zone-d,SN-101,0,0.08,0.98,0,1.59,23,-77,86,0.008,0,0,0.057,Normal
932,2026-02-08T20:00:00.000Z,korba-west-bench,zone-b,PZ-401,1.49,0.38,3.7,0.48,0.65,47,-63,68,0.22,0.126,0.7,0.346,Warning
933,2026-02-08T21:00:00.000Z,singareni-s4,zone-b,SN-101,0.96,0.21,3.2,0.38,1.77,48,-63,98,0.101,0.115,0.461,0.218,Normal
934,2026-02-08T22:00:00.000Z,korba-west-bench,zone-a,TL-301,0.3,0,0.31,0.05,0.52,23,-76,74,0,0.122,0.069,0.05,Normal
935,2026-02-08T23:00:00.000Z,raniganj-south-slope,zone-c,SN-101,3.07,0.68,6.24,1.29,2.75,79,-74,74,0.945,0.203,2.425,0.588,Critical
936,2026-02-09T00:00:00.000Z,jharia-open-pit,zone-c,SN-101,0.53,0,1.5,0.04,0.58,21,-77,82,0,0.025,0.111,0.103,Normal
937,2026-02-09T01:00:00.000Z,singareni-s4,zone-b,SN-101,1.4,0.29,4.32,0.68,2.03,59,-66,94,0.226,0.154,0.826,0.319,Warning
938,2026-02-09T02:00:00.000Z,singareni-s4,zone-c,EX-201,0.29,0,0,0,0.43,19,-78,74,0,0,0.055,0.05,Normal
939,2026-02-09T03:00:00.000Z,raniganj-south-slope,zone-b,TL-301,1.5,0.34,3.43,0.28,2.29,40,-69,80,0.129,0.079,0.6,0.262,Normal
940,2026-02-09T04:00:00.000Z,singareni-s4,zone-c,SN-101,1.09,0.15,0,0.15,0,15,-83,63,0.037,1.5,0.164,0.068,Normal
941,2026-02-09T05:00:00.000Z,raniganj-south-slope,zone-a,SN-101,0.53,0.02,0,0.22,1.92,34,-76,79,0.006,2.2,0.18,0.163,Normal
942,2026-02-09T06:00:00.000Z,jharia-open-pit,zone-d,SN-101,0.95,0.27,1.83,0.15,0.3,31,-80,79,0.068,0.078,0.294,0.213,Normal
943,2026-02-09T07:00:00.000Z,singareni-s4,zone-d,EX-201,0.13,0,0.7,0.04,0.03,31,-81,86,0,0.05,0.04,0.027,Normal
944,2026-02-09T08:00:00.000Z,raniganj-south-slope,zone-c,TL-301,3.23,0.72,6.78,1.3,4.67,70,-73,74,1.008,0.189,2.261,0.605,Critical
945,2026-02-09T09:00:00.000Z,raniganj-south-slope,zone-c,EX-201,0.47,0,0,0.04,1.15,18,-85,96,0,0.4,0.085,0.06,Normal
946,2026-02-09T10:00:00.000Z,jharia-open-pit,zone-b,PZ-401,0.16,0.26,2.88,0.34,1.62,48,-60,98,0.114,0.114,0.077,0.161,Normal
947,2026-02-09T11:00:00.000Z,raniganj-south-slope,zone-c,PZ-401,0.49,0.04,0.61,0.26,0.77,24,-70,68,0.014,0.366,0.118,-0.023,Normal
948,2026-02-09T12:00:00.000Z,raniganj-south-slope,zone-b,EX-201,0.7,0.11,1.08,0.32,0.95,23,-85,63,0.046,0.271,0.161,0.11,Normal
949,2026-02-09T13:00:00.000Z,jharia-open-pit,zone-d,SN-101,0.2,0,1.2,0.22,1.33,28,-66,79,0,0.169,0.056,0.133,Normal
950,2026-02-09T14:00:00.000Z,singareni-s4,zone-b,PZ-401,1.09,0.08,1.01,0.14,0.04,27,-62,97,0.019,0.126,0.294,0.079,Normal
951,2026-02-09T15:00:00.000Z,jharia-open-pit,zone-d,PZ-401,1.18,0.19,1,0.17,0.31,22,-64,65,0.051,0.155,0.26,0.13,Normal
952,2026-02-09T16:00:00.000Z,korba-west-bench,zone-d,EX-201,3.58,0.79,8.01,0.97,3.25,76,-60,84,0.845,0.12,2.721,0.703,Critical
953,2026-02-09T17:00:00.000Z,raniganj-south-slope,zone-d,EX-201,1.75,0.3,2.64,0.44,1.78,36,-83,60,0.162,0.161,0.63,0.254,Normal
954,2026-02-09T18:00:00.000Z,singareni-s4,zone-c,SN-101,0,0.15,0.95,0.26,1.12,21,-64,65,0.054,0.248,0,0.138,Normal
955,2026-02-09T19:00:00.000Z,jharia-open-pit,zone-c,EX-201,0.28,0.12,0.9,0,0.62,34,-71,94,0.012,0,0.095,0.102,Normal
956,2026-02-09T20:00:00.000Z,korba-west-bench,zone-c,PZ-401,1.51,0.5,3.01,0.32,2.43,35,-68,74,0.21,0.103,0.528,0.263,Normal
957,2026-02-09T21:00:00.000Z,raniganj-south-slope,zone-c,PZ-401,0,0.12,0,0.33,0,32,-81,79,0.052,3.3,0,0.1,Normal
958,2026-02-09T22:00:00.000Z,jharia-open-pit,zone-d,SN-101,0.85,0.21,0.45,0.31,1.29,32,-73,88,0.086,0.564,0.272,0.093,Normal
959,2026-02-09T23:00:00.000Z,raniganj-south-slope,zone-d,SN-101,0.23,0.29,0.62,0.38,0.95,22,-61,62,0.139,0.528,0.051,0.162,Normal
960,2026-02-10T00:00:00.000Z,raniganj-south-slope,zone-c,PZ-401,1.25,0.43,3.51,0.63,1.21,54,-76,95,0.314,0.175,0.675,0.282,Normal
961,2026-02-10T01:00:00.000Z,jharia-open-pit,zone-b,TL-301,0.83,0,0.7,0.1,1.55,19,-71,78,0,0.125,0.158,0.126,Normal
962,2026-02-10T02:00:00.000Z,korba-west-bench,zone-d,PZ-401,0.97,0.13,1.02,0.11,0,26,-76,72,0.027,0.098,0.252,0.155,Normal
963,2026-02-10T03:00:00.000Z,jharia-open-pit,zone-c,EX-201,1.96,0.35,3.88,0.58,1.23,41,-75,97,0.238,0.146,0.804,0.308,Warning
964,2026-02-10T04:00:00.000Z,korba-west-bench,zone-c,SN-101,2.88,0.81,7.08,1.27,2.68,82,-83,65,1.11,0.177,2.362,0.583,Critical
965,2026-02-10T05:00:00.000Z,singareni-s4,zone-d,EX-201,0.51,0.18,1.4,0.07,0.7,38,-66,96,0.031,0.047,0.194,0.101,Normal
966,2026-02-10T06:00:00.000Z,raniganj-south-slope,zone-d,SN-101,1.13,0.1,0,0.23,1.01,32,-77,62,0.033,2.3,0.362,0.161,Normal
967,2026-02-10T07:00:00.000Z,singareni-s4,zone-d,TL-301,0.63,0.04,1.6,0.2,0.32,31,-64,95,0.012,0.118,0.195,0.07,Normal
968,2026-02-10T08:00:00.000Z,singareni-s4,zone-d,EX-201,0.59,0.08,1.35,0.18,1.5,27,-60,93,0.022,0.124,0.159,0.156,Normal
969,2026-02-10T09:00:00.000Z,singareni-s4,zone-d,TL-301,0.05,0,1.58,0.23,1.14,25,-66,80,0,0.137,0.013,0.153,Normal
970,2026-02-10T10:00:00.000Z,raniganj-south-slope,zone-b,EX-201,1.07,0.14,1.86,0.09,0.94,28,-83,94,0.027,0.046,0.3,0.114,Normal
971,2026-02-10T11:00:00.000Z,raniganj-south-slope,zone-a,SN-101,3.55,0.83,8.37,1.23,3.59,81,-70,63,1.104,0.145,2.876,0.641,Critical
972,2026-02-10T12:00:00.000Z,jharia-open-pit,zone-b,EX-201,0.4,0.07,0,0.25,0.46,27,-69,86,0.025,2.5,0.108,0.063,Normal
973,2026-02-10T13:00:00.000Z,jharia-open-pit,zone-c,EX-201,0.33,0.11,0.1,0.16,0.51,20,-75,92,0.029,0.8,0.066,0.011,Normal
974,2026-02-10T14:00:00.000Z,korba-west-bench,zone-d,PZ-401,3.34,0.94,6.9,1.27,3.38,76,-82,94,1.288,0.181,2.538,0.632,Critical
975,2026-02-10T15:00:00.000Z,raniganj-south-slope,zone-b,PZ-401,0.83,0,1.99,0.19,0.51,23,-61,61,0,0.091,0.191,0.138,Normal
976,2026-02-10T16:00:00.000Z,raniganj-south-slope,zone-c,PZ-401,0.51,0,0.76,0.2,0.16,38,-81,65,0,0.233,0.194,0.117,Normal
977,2026-02-10T17:00:00.000Z,singareni-s4,zone-c,SN-101,0.49,0.16,0.77,0.18,0.21,19,-65,67,0.045,0.207,0.093,0.035,Normal
978,2026-02-10T18:00:00.000Z,jharia-open-pit,zone-b,SN-101,0.37,0,0.44,0,0.45,29,-69,66,0,0,0.107,0.011,Normal
979,2026-02-10T19:00:00.000Z,singareni-s4,zone-a,PZ-401,0.57,0.1,0.49,0.21,0.19,11,-85,93,0.031,0.356,0.063,0.14,Normal
980,2026-02-10T20:00:00.000Z,jharia-open-pit,zone-b,TL-301,0.17,0.1,1.74,0.02,0.49,24,-82,80,0.012,0.011,0.041,0.097,Normal
981,2026-02-10T21:00:00.000Z,raniganj-south-slope,zone-b,PZ-401,1.66,0.25,3.05,0.6,1.16,58,-79,67,0.175,0.19,0.963,0.29,Normal
982,2026-02-10T22:00:00.000Z,singareni-s4,zone-d,TL-301,0,0.01,0.85,0.26,0.91,34,-74,95,0.004,0.274,0,0.092,Normal
983,2026-02-10T23:00:00.000Z,korba-west-bench,zone-d,EX-201,1.17,0.09,1.52,0.27,0.85,18,-75,93,0.033,0.167,0.211,0.108,Normal
984,2026-02-11T00:00:00.000Z,singareni-s4,zone-c,SN-101,3.97,0.78,8.28,1.19,3.29,88,-82,99,1.006,0.142,3.494,0.689,Critical
985,2026-02-11T01:00:00.000Z,singareni-s4,zone-b,EX-201,0.63,0.28,0,0.26,1.23,27,-63,75,0.101,2.6,0.17,0.156,Normal
986,2026-02-11T02:00:00.000Z,jharia-open-pit,zone-d,PZ-401,3.54,1,8.11,1.24,3.08,66,-63,78,1.34,0.151,2.336,0.609,Critical
987,2026-02-11T03:00:00.000Z,jharia-open-pit,zone-a,EX-201,1.93,0.28,2.97,0.43,1.3,55,-64,97,0.148,0.14,1.062,0.23,Normal
988,2026-02-11T04:00:00.000Z,korba-west-bench,zone-a,PZ-401,4.16,0.96,6.05,1.38,3.54,73,-83,96,1.421,0.224,3.037,0.693,Critical
989,2026-02-11T05:00:00.000Z,korba-west-bench,zone-d,TL-301,1.63,0.43,4.18,0.63,1.76,54,-67,77,0.314,0.147,0.88,0.39,Warning
990,2026-02-11T06:00:00.000Z,raniganj-south-slope,zone-c,PZ-401,1.52,0.29,3.52,0.53,1.37,48,-79,71,0.183,0.146,0.73,0.266,Normal
991,2026-02-11T07:00:00.000Z,singareni-s4,zone-c,TL-301,0.29,0.15,0,0,0.87,29,-62,60,0.015,0,0.084,0.082,Normal
992,2026-02-11T08:00:00.000Z,raniganj-south-slope,zone-a,PZ-401,2.07,0.39,4.21,0.59,2.35,77,-67,74,0.269,0.137,1.594,0.374,Warning
993,2026-02-11T09:00:00.000Z,raniganj-south-slope,zone-c,EX-201,3.48,0.91,7.22,1.21,3.57,70,-66,73,1.192,0.165,2.436,0.661,Critical
994,2026-02-11T10:00:00.000Z,korba-west-bench,zone-d,TL-301,0.15,0.02,1.32,0,0.69,25,-72,91,0.002,0,0.037,0.104,Normal
995,2026-02-11T11:00:00.000Z,singareni-s4,zone-b,EX-201,0.84,0.02,1.4,0.25,1.03,24,-73,80,0.007,0.167,0.202,0.156,Normal
996,2026-02-11T12:00:00.000Z,singareni-s4,zone-c,EX-201,4.12,0.8,8.06,1.19,4.59,66,-70,62,1.032,0.146,2.719,0.712,Critical
997,2026-02-11T13:00:00.000Z,jharia-open-pit,zone-c,EX-201,1.89,0.1,2.11,0.5,1.75,46,-70,78,0.06,0.226,0.869,0.242,Normal
998,2026-02-11T14:00:00.000Z,singareni-s4,zone-c,SN-101,1.37,0.36,4.77,0.5,2.1,57,-62,74,0.216,0.103,0.781,0.364,Warning
999,2026-02-11T15:00:00.000Z,korba-west-bench,zone-c,EX-201,3.36,0.77,7.96,1.19,2.89,86,-78,79,0.993,0.148,2.89,0.66,Critical
1000,2026-02-11T16:00:00.000Z,jharia-open-pit,zone-c,PZ-401,1.23,0.32,3.78,0.41,1.75,40,-78,74,0.163,0.106,0.492,0.28,Normal
1001,2026-02-11T17:00:00.000Z,singareni-s4,zone-b,SN-101,0.03,0,0.86,0,1.42,32,-83,87,0,0,0.01,0.102,Normal
1002,2026-02-11T18:00:00.000Z,singareni-s4,zone-a,EX-201,0.9,0.05,0,0.21,1.19,18,-77,87,0.015,2.1,0.162,0.1,Normal
1003,2026-02-11T19:00:00.000Z,raniganj-south-slope,zone-c,TL-301,0.4,0,0.35,0,0.88,23,-82,73,0,0,0.092,0.125,Normal
1004,2026-02-11T20:00:00.000Z,raniganj-south-slope,zone-b,PZ-401,1.06,0.1,0,0.09,0,15,-84,93,0.019,0.9,0.159,0.033,Normal
1005,2026-02-11T21:00:00.000Z,korba-west-bench,zone-a,TL-301,0.48,0,0.33,0.42,0.71,19,-82,98,0,0.977,0.091,0.067,Normal
1006,2026-02-11T22:00:00.000Z,singareni-s4,zone-d,SN-101,1.33,0.19,1.83,0.35,1.8,40,-63,66,0.085,0.181,0.532,0.233,Normal
1007,2026-02-11T23:00:00.000Z,korba-west-bench,zone-c,PZ-401,0.68,0,1.34,0.11,0.89,36,-82,99,0,0.076,0.245,0.146,Normal
1008,2026-02-12T00:00:00.000Z,raniganj-south-slope,zone-d,PZ-401,2.65,0.66,8.29,1.46,3.91,68,-76,83,1.03,0.174,1.802,0.672,Critical
1009,2026-02-12T01:00:00.000Z,korba-west-bench,zone-c,TL-301,1.85,0.38,2.83,0.24,0.28,54,-82,81,0.129,0.082,0.999,0.249,Normal
1010,2026-02-12T02:00:00.000Z,korba-west-bench,zone-d,SN-101,3.87,0.72,7.19,1.19,3.8,63,-66,89,0.929,0.163,2.438,0.618,Critical
1011,2026-02-12T03:00:00.000Z,korba-west-bench,zone-b,EX-201,0.32,0.07,0,0.24,0.06,16,-82,63,0.024,2.4,0.051,0.098,Normal
1012,2026-02-12T04:00:00.000Z,korba-west-bench,zone-b,TL-301,0.13,0.07,1.02,0.08,1.31,28,-78,78,0.013,0.071,0.036,0.095,Normal
1013,2026-02-12T05:00:00.000Z,jharia-open-pit,zone-a,EX-201,3.44,0.69,7.62,1.02,3.07,71,-78,85,0.773,0.132,2.442,0.632,Critical
1014,2026-02-12T06:00:00.000Z,singareni-s4,zone-d,EX-201,0,0.09,1.1,0.06,1.5,21,-73,92,0.014,0.05,0,0.098,Normal
1015,2026-02-12T07:00:00.000Z,korba-west-bench,zone-c,TL-301,3.2,0.84,6.38,0.65,3.53,82,-69,66,0.63,0.1,2.624,0.527,Warning
1016,2026-02-12T08:00:00.000Z,singareni-s4,zone-d,TL-301,0.46,0,1.06,0.33,0,24,-68,76,0,0.284,0.11,0.108,Normal
1017,2026-02-12T09:00:00.000Z,korba-west-bench,zone-b,TL-301,0.22,0.01,1.04,0.01,0,24,-77,90,0.001,0.009,0.053,0.148,Normal
1018,2026-02-12T10:00:00.000Z,raniganj-south-slope,zone-b,TL-301,0.54,0,0.7,0.01,0.74,15,-75,89,0,0.013,0.081,0.066,Normal
1019,2026-02-12T11:00:00.000Z,korba-west-bench,zone-d,SN-101,1.83,0.34,3.59,0.6,2.32,46,-67,96,0.238,0.163,0.842,0.349,Warning
1020,2026-02-12T12:00:00.000Z,korba-west-bench,zone-d,EX-201,3.19,0.82,7.3,1.3,4.16,89,-68,85,1.148,0.176,2.839,0.708,Critical
1021,2026-02-12T13:00:00.000Z,raniganj-south-slope,zone-d,TL-301,1.34,0.54,1.6,0.5,1.13,45,-61,62,0.324,0.294,0.603,0.209,Normal
1022,2026-02-12T14:00:00.000Z,singareni-s4,zone-c,SN-101,0.77,0.06,1.33,0,0.61,22,-66,63,0.006,0,0.169,0.053,Normal
1023,2026-02-12T15:00:00.000Z,jharia-open-pit,zone-a,TL-301,0.63,0,0.11,0.01,0,30,-63,85,0,0.048,0.189,0.136,Normal
1024,2026-02-12T16:00:00.000Z,raniganj-south-slope,zone-d,EX-201,0.07,0.16,1.42,0.08,1.55,28,-80,70,0.029,0.053,0.02,0.095,Normal
1025,2026-02-12T17:00:00.000Z,singareni-s4,zone-c,SN-101,0,0.15,0.59,0.2,0,32,-79,72,0.045,0.29,0,0.111,Normal
1026,2026-02-12T18:00:00.000Z,singareni-s4,zone-c,EX-201,0.54,0.05,1.3,0.11,0,23,-66,82,0.011,0.079,0.124,0.167,Normal
1027,2026-02-12T19:00:00.000Z,korba-west-bench,zone-d,SN-101,1.25,0.51,3.45,0.41,0.9,45,-80,90,0.26,0.115,0.563,0.27,Normal
1028,2026-02-12T20:00:00.000Z,jharia-open-pit,zone-d,PZ-401,1.1,0.41,2.14,0.68,1.3,44,-75,71,0.32,0.304,0.484,0.224,Normal
1029,2026-02-12T21:00:00.000Z,korba-west-bench,zone-c,TL-301,0,0.13,0.92,0.27,1.54,28,-77,73,0.048,0.265,0,0.113,Normal
1030,2026-02-12T22:00:00.000Z,jharia-open-pit,zone-b,PZ-401,3.91,0.82,6.99,1.45,3.72,70,-66,98,1.271,0.205,2.737,0.706,Critical
1031,2026-02-12T23:00:00.000Z,singareni-s4,zone-b,EX-201,0.86,0.25,1.77,0.25,0,31,-75,99,0.087,0.134,0.267,0.133,Normal
1032,2026-02-13T00:00:00.000Z,singareni-s4,zone-a,EX-201,0.38,0.08,0,0.01,0.69,20,-70,78,0.009,0.1,0.076,0.089,Normal
1033,2026-02-13T01:00:00.000Z,jharia-open-pit,zone-c,SN-101,3.34,0.87,8.16,1.23,3.48,75,-80,69,1.157,0.149,2.505,0.696,Critical
1034,2026-02-13T02:00:00.000Z,jharia-open-pit,zone-c,TL-301,1.68,0.52,2.41,0.47,1.43,48,-79,61,0.296,0.187,0.806,0.283,Normal
1035,2026-02-13T03:00:00.000Z,korba-west-bench,zone-c,SN-101,2.74,0.81,6.32,1.35,3.83,71,-77,79,1.175,0.21,1.945,0.602,Critical
1036,2026-02-13T04:00:00.000Z,raniganj-south-slope,zone-c,EX-201,0.45,0.22,0.12,0.22,0.99,25,-78,64,0.07,1,0.113,0.168,Normal
1037,2026-02-13T05:00:00.000Z,korba-west-bench,zone-d,EX-201,1.04,0.16,0.79,0.03,0.69,20,-72,87,0.021,0.034,0.208,0.143,Normal
1038,2026-02-13T06:00:00.000Z,jharia-open-pit,zone-a,PZ-401,0.79,0.06,0.98,0.15,0,17,-77,67,0.015,0.139,0.134,0.23,Normal
1039,2026-02-13T07:00:00.000Z,korba-west-bench,zone-a,SN-101,4.05,1,8,1.2,3.58,77,-81,86,1.3,0.148,3.119,0.726,Critical
1040,2026-02-13T08:00:00.000Z,jharia-open-pit,zone-c,SN-101,3.59,0.85,8.98,1.2,4.17,69,-69,69,1.105,0.132,2.477,0.694,Critical
1041,2026-02-13T09:00:00.000Z,jharia-open-pit,zone-c,SN-101,0.42,0.07,1.94,0,0.76,26,-60,93,0.007,0,0.109,0.094,Normal
1042,2026-02-13T10:00:00.000Z,singareni-s4,zone-a,PZ-401,1.57,0.23,2.72,0.77,2.12,62,-69,66,0.2,0.273,0.973,0.293,Normal
1043,2026-02-13T11:00:00.000Z,singareni-s4,zone-a,SN-101,0,0.03,0.78,0,0,36,-70,83,0.003,0,0,0.039,Normal
1044,2026-02-13T12:00:00.000Z,singareni-s4,zone-b,TL-301,0.55,0.31,1.09,0.31,1.41,12,-82,86,0.127,0.261,0.066,0.145,Normal
1045,2026-02-13T13:00:00.000Z,korba-west-bench,zone-d,SN-101,0.58,0.18,1.59,0,0,18,-62,61,0.018,0,0.104,0.135,Normal
1046,2026-02-13T14:00:00.000Z,korba-west-bench,zone-a,PZ-401,0.86,0.18,1.48,0.14,1.37,35,-79,80,0.043,0.089,0.301,0.225,Normal
1047,2026-02-13T15:00:00.000Z,jharia-open-pit,zone-b,PZ-401,2.53,0.15,3.81,0.77,2.06,46,-65,73,0.131,0.197,1.164,0.319,Warning
1048,2026-02-13T16:00:00.000Z,raniganj-south-slope,zone-d,EX-201,1.56,0.44,3.12,0.44,1.59,54,-60,88,0.238,0.137,0.842,0.331,Warning
1049,2026-02-13T17:00:00.000Z,raniganj-south-slope,zone-d,EX-201,3.69,0.82,7.29,1,3.64,77,-85,75,0.902,0.135,2.841,0.707,Critical
1050,2026-02-13T18:00:00.000Z,raniganj-south-slope,zone-b,EX-201,2.27,0.26,4.63,0.61,1.37,40,-82,87,0.185,0.129,0.908,0.357,Warning
1051,2026-02-13T19:00:00.000Z,korba-west-bench,zone-d,SN-101,0.47,0,2,0.18,0,24,-85,73,0,0.086,0.113,0.061,Normal
1052,2026-02-13T20:00:00.000Z,singareni-s4,zone-b,PZ-401,0.2,0.09,0,0.18,0,36,-78,68,0.025,1.8,0.072,0.122,Normal
1053,2026-02-13T21:00:00.000Z,jharia-open-pit,zone-d,EX-201,3.78,1.09,7.41,1.32,3.48,80,-71,95,1.548,0.176,3.024,0.72,Critical
1054,2026-02-13T22:00:00.000Z,korba-west-bench,zone-c,EX-201,1.74,0.27,1.85,0.39,1.52,31,-78,85,0.132,0.2,0.539,0.2,Normal
1055,2026-02-13T23:00:00.000Z,singareni-s4,zone-c,SN-101,0.81,0.03,0.35,0.22,0.71,30,-66,93,0.01,0.489,0.243,0.063,Normal
1056,2026-02-14T00:00:00.000Z,jharia-open-pit,zone-b,EX-201,0.86,0.17,0.24,0,0.59,27,-68,85,0.017,0,0.232,0.182,Normal
1057,2026-02-14T01:00:00.000Z,jharia-open-pit,zone-c,PZ-401,3.76,0.96,8.16,1.28,3.51,70,-78,100,1.325,0.155,2.632,0.667,Critical
1058,2026-02-14T02:00:00.000Z,singareni-s4,zone-a,TL-301,3.84,0.76,7.02,1.17,3.34,63,-71,65,0.965,0.164,2.419,0.664,Critical
1059,2026-02-14T03:00:00.000Z,jharia-open-pit,zone-b,EX-201,0.41,0.19,0,0.28,0.77,37,-79,74,0.072,2.8,0.152,0.056,Normal
1060,2026-02-14T04:00:00.000Z,singareni-s4,zone-c,PZ-401,0,0.02,1.75,0.41,0.82,32,-61,83,0.01,0.222,0,0.035,Normal
1061,2026-02-14T05:00:00.000Z,korba-west-bench,zone-d,EX-201,0.28,0.2,0.65,0.18,0.44,26,-78,66,0.056,0.24,0.073,0.085,Normal
1062,2026-02-14T06:00:00.000Z,singareni-s4,zone-d,PZ-401,3.73,0.99,7.13,1.45,3.73,82,-64,98,1.534,0.201,3.059,0.663,Critical
1063,2026-02-14T07:00:00.000Z,singareni-s4,zone-a,TL-301,0.57,0,0.64,0,0,29,-64,77,0,0,0.165,0.051,Normal
1064,2026-02-14T08:00:00.000Z,raniganj-south-slope,zone-b,SN-101,1.28,0.22,5.07,0.69,1.46,46,-62,70,0.174,0.133,0.589,0.275,Normal
1065,2026-02-14T09:00:00.000Z,korba-west-bench,zone-d,TL-301,0,0.15,0.1,0.21,0,15,-76,78,0.046,1.05,0,0.131,Normal
1066,2026-02-14T10:00:00.000Z,jharia-open-pit,zone-c,EX-201,0.57,0,0.6,0.07,0.1,14,-85,73,0,0.1,0.08,0.057,Normal
1067,2026-02-14T11:00:00.000Z,singareni-s4,zone-b,EX-201,4.06,0.79,7.86,1.32,3.6,85,-75,76,1.122,0.166,3.451,0.756,Critical
1068,2026-02-14T12:00:00.000Z,singareni-s4,zone-b,EX-201,1.75,0.1,2.12,0.63,2.22,65,-82,64,0.073,0.284,1.137,0.311,Warning
1069,2026-02-14T13:00:00.000Z,korba-west-bench,zone-b,SN-101,3.08,0.73,9.12,1.19,3.4,67,-67,82,0.942,0.129,2.064,0.628,Critical
1070,2026-02-14T14:00:00.000Z,jharia-open-pit,zone-d,PZ-401,0.69,0,1.49,0.07,0.25,41,-74,93,0,0.044,0.283,0.119,Normal
1071,2026-02-14T15:00:00.000Z,raniganj-south-slope,zone-a,SN-101,0.68,0.05,0.71,0.14,0.51,21,-75,77,0.012,0.173,0.143,0.085,Normal
1072,2026-02-14T16:00:00.000Z,raniganj-south-slope,zone-b,TL-301,2.16,0.3,3.53,0.13,2.4,54,-84,84,0.069,0.036,1.166,0.314,Warning
1073,2026-02-14T17:00:00.000Z,jharia-open-pit,zone-c,EX-201,0.66,0.32,0.2,0.09,0.69,17,-76,89,0.061,0.3,0.112,0.129,Normal
1074,2026-02-14T18:00:00.000Z,singareni-s4,zone-c,TL-301,0.77,0.14,0.67,0.05,0.41,19,-77,77,0.021,0.065,0.146,0.152,Normal
1075,2026-02-14T19:00:00.000Z,raniganj-south-slope,zone-a,PZ-401,0.54,0.17,1.97,0.37,0.49,35,-80,87,0.08,0.179,0.189,0.068,Normal
1076,2026-02-14T20:00:00.000Z,korba-west-bench,zone-b,TL-301,0.61,0.32,1.21,0.08,0.74,35,-64,81,0.058,0.061,0.213,0.137,Normal
1077,2026-02-14T21:00:00.000Z,jharia-open-pit,zone-d,SN-101,1.57,0.34,3.99,0.33,2.33,53,-77,97,0.146,0.081,0.832,0.283,Normal
1078,2026-02-14T22:00:00.000Z,korba-west-bench,zone-b,TL-301,0.74,0,1.16,0.23,1,29,-62,76,0,0.183,0.215,0.051,Normal
1079,2026-02-14T23:00:00.000Z,korba-west-bench,zone-b,PZ-401,0.11,0,1.07,0.38,0,15,-62,73,0,0.325,0.017,0.006,Normal
1080,2026-02-15T00:00:00.000Z,raniganj-south-slope,zone-b,PZ-401,0.62,0.1,0.94,0,0,35,-85,88,0.01,0,0.217,0.07,Normal
1081,2026-02-15T01:00:00.000Z,jharia-open-pit,zone-b,TL-301,0.26,0,0,0.27,0.86,15,-63,98,0,2.7,0.039,0.065,Normal
1082,2026-02-15T02:00:00.000Z,jharia-open-pit,zone-a,TL-301,0.25,0.07,0.75,0.18,0.47,18,-81,63,0.02,0.212,0.045,0.146,Normal
1083,2026-02-15T03:00:00.000Z,korba-west-bench,zone-c,PZ-401,0.86,0.32,0.08,0,0.73,18,-80,77,0.032,0,0.155,0.134,Normal
1084,2026-02-15T04:00:00.000Z,jharia-open-pit,zone-b,EX-201,1.18,0.47,1.91,0.59,1.79,41,-77,91,0.324,0.294,0.484,0.307,Warning
1085,2026-02-15T05:00:00.000Z,singareni-s4,zone-d,SN-101,0.03,0.3,0.28,0.33,0.32,19,-65,99,0.129,0.868,0.006,0.15,Normal
1086,2026-02-15T06:00:00.000Z,korba-west-bench,zone-c,TL-301,3.48,0.94,7.74,1.47,3.06,66,-64,98,1.476,0.188,2.297,0.668,Critical
1087,2026-02-15T07:00:00.000Z,singareni-s4,zone-d,TL-301,0.45,0.08,0.95,0.28,1.55,27,-77,96,0.03,0.267,0.122,0.165,Normal
1088,2026-02-15T08:00:00.000Z,singareni-s4,zone-c,TL-301,0.14,0.04,1.14,0.09,0.48,27,-68,82,0.008,0.073,0.038,0.02,Normal
1089,2026-02-15T09:00:00.000Z,singareni-s4,zone-b,EX-201,0.78,0,0.81,0,0.47,27,-80,70,0,0,0.211,0.141,Normal
1090,2026-02-15T10:00:00.000Z,singareni-s4,zone-b,SN-101,3.77,0.76,7.99,1.29,3.7,61,-75,89,1.056,0.159,2.3,0.57,Critical
1091,2026-02-15T11:00:00.000Z,raniganj-south-slope,zone-c,PZ-401,0.45,0.09,0,0.17,1.36,27,-69,90,0.024,1.7,0.122,0.113,Normal
1092,2026-02-15T12:00:00.000Z,raniganj-south-slope,zone-b,EX-201,4.01,0.86,6.47,1.11,2.61,65,-84,67,1.041,0.169,2.607,0.578,Critical
1093,2026-02-15T13:00:00.000Z,korba-west-bench,zone-b,SN-101,0.23,0.08,0.76,0.03,1.68,22,-67,61,0.01,0.035,0.051,0.03,Normal
1094,2026-02-15T14:00:00.000Z,jharia-open-pit,zone-a,PZ-401,0.28,0.07,0.87,0.18,0.32,19,-67,87,0.02,0.186,0.053,0.142,Normal
1095,2026-02-15T15:00:00.000Z,singareni-s4,zone-a,EX-201,0,0.01,1.18,0.15,0.51,38,-76,81,0.003,0.117,0,0.067,Normal
1096,2026-02-15T16:00:00.000Z,singareni-s4,zone-c,SN-101,0,0.24,0.71,0,0.82,29,-68,79,0.024,0,0,0.031,Normal
1097,2026-02-15T17:00:00.000Z,singareni-s4,zone-c,TL-301,0.73,0.01,0.89,0.15,0.2,31,-60,71,0.003,0.152,0.226,0.118,Normal
1098,2026-02-15T18:00:00.000Z,raniganj-south-slope,zone-a,SN-101,0.98,0.5,3.79,0.5,2.81,51,-66,66,0.3,0.129,0.5,0.361,Warning
1099,2026-02-15T19:00:00.000Z,korba-west-bench,zone-d,TL-301,0,0.14,0,0.21,0.61,38,-69,63,0.043,2.1,0,0.096,Normal
1100,2026-02-15T20:00:00.000Z,raniganj-south-slope,zone-b,SN-101,0.36,0.06,1.53,0.21,1.33,26,-81,98,0.019,0.129,0.094,0.149,Normal
1101,2026-02-15T21:00:00.000Z,singareni-s4,zone-c,PZ-401,0.75,0.05,0,0.27,0.87,25,-71,93,0.018,2.7,0.188,0.063,Normal
1102,2026-02-15T22:00:00.000Z,jharia-open-pit,zone-a,PZ-401,3.39,0.83,6.74,1.29,3.03,77,-75,63,1.154,0.189,2.61,0.631,Critical
1103,2026-02-15T23:00:00.000Z,singareni-s4,zone-c,SN-101,1.29,0.43,2.66,0.56,1.76,47,-70,79,0.284,0.203,0.606,0.314,Warning
1104,2026-02-16T00:00:00.000Z,singareni-s4,zone-c,SN-101,0.02,0.02,0.18,0.21,0.82,26,-84,65,0.006,0.75,0.005,0.104,Normal
1105,2026-02-16T01:00:00.000Z,jharia-open-pit,zone-d,PZ-401,1.32,0.51,4.41,0.34,1.82,62,-83,65,0.224,0.075,0.818,0.301,Warning
1106,2026-02-16T02:00:00.000Z,korba-west-bench,zone-c,SN-101,1.54,0.68,2.79,0.31,1.8,36,-72,93,0.279,0.107,0.554,0.358,Warning
1107,2026-02-16T03:00:00.000Z,raniganj-south-slope,zone-c,EX-201,0.54,0.22,0.53,0.27,0.34,21,-65,72,0.081,0.429,0.113,0.096,Normal
1108,2026-02-16T04:00:00.000Z,korba-west-bench,zone-a,TL-301,2.14,0.47,3.37,0.43,1,52,-66,72,0.249,0.124,1.113,0.351,Warning
1109,2026-02-16T05:00:00.000Z,korba-west-bench,zone-c,SN-101,0.71,0.08,0.38,0.31,0.72,10,-66,79,0.033,0.646,0.071,0.078,Normal
1110,2026-02-16T06:00:00.000Z,singareni-s4,zone-a,PZ-401,1.11,0.23,1.19,0.02,0.93,23,-77,78,0.028,0.016,0.255,0.132,Normal
1111,2026-02-16T07:00:00.000Z,korba-west-bench,zone-a,TL-301,1.79,0.41,3.38,0.33,2.65,43,-72,98,0.176,0.095,0.77,0.309,Warning
1112,2026-02-16T08:00:00.000Z,raniganj-south-slope,zone-d,PZ-401,2.96,0.74,7.69,1.01,3.33,71,-63,91,0.821,0.13,2.102,0.611,Critical
1113,2026-02-16T09:00:00.000Z,jharia-open-pit,zone-d,EX-201,0.14,0,1.9,0.25,0.6,39,-67,68,0,0.125,0.055,0.088,Normal
1114,2026-02-16T10:00:00.000Z,singareni-s4,zone-d,SN-101,1.69,0.48,4.37,0.45,1.08,49,-71,79,0.264,0.101,0.828,0.329,Warning
1115,2026-02-16T11:00:00.000Z,singareni-s4,zone-b,TL-301,1.43,0.04,0.78,0.07,0.1,17,-64,81,0.007,0.08,0.243,0.151,Normal
1116,2026-02-16T12:00:00.000Z,korba-west-bench,zone-d,SN-101,0.49,0.06,0.85,0.16,0.59,31,-66,67,0.016,0.168,0.152,0.141,Normal
1117,2026-02-16T13:00:00.000Z,korba-west-bench,zone-a,PZ-401,0.89,0.22,0.5,0,0,32,-71,98,0.022,0,0.285,0.088,Normal
1118,2026-02-16T14:00:00.000Z,singareni-s4,zone-a,SN-101,2.25,0.17,3.61,0.47,2.5,51,-75,82,0.097,0.127,1.147,0.328,Warning
1119,2026-02-16T15:00:00.000Z,korba-west-bench,zone-a,PZ-401,1.37,0.44,3.1,0.05,1.85,54,-80,70,0.066,0.016,0.74,0.299,Normal
1120,2026-02-16T16:00:00.000Z,singareni-s4,zone-b,TL-301,2.05,0.38,3.11,0.26,2.25,48,-76,84,0.137,0.081,0.984,0.311,Warning
1121,2026-02-16T17:00:00.000Z,korba-west-bench,zone-c,SN-101,0.71,0.05,1.01,0.32,0.14,30,-80,81,0.021,0.288,0.213,0.08,Normal
1122,2026-02-16T18:00:00.000Z,raniganj-south-slope,zone-b,EX-201,3.11,0.76,7.43,1.32,2.76,71,-62,66,1.079,0.175,2.208,0.555,Critical
1123,2026-02-16T19:00:00.000Z,korba-west-bench,zone-c,TL-301,0.99,0.28,3.12,0.5,1.86,61,-78,69,0.168,0.155,0.604,0.319,Warning
1124,2026-02-16T20:00:00.000Z,jharia-open-pit,zone-c,PZ-401,1.51,0.52,3.6,0.39,0.95,46,-68,95,0.255,0.105,0.695,0.301,Warning
1125,2026-02-16T21:00:00.000Z,jharia-open-pit,zone-b,EX-201,3.28,0.97,6.85,1.35,2.81,73,-80,77,1.407,0.194,2.394,0.591,Critical
1126,2026-02-16T22:00:00.000Z,singareni-s4,zone-c,SN-101,0.46,0.23,1,0.24,0.65,17,-76,86,0.078,0.218,0.078,0.098,Normal
1127,2026-02-16T23:00:00.000Z,jharia-open-pit,zone-b,SN-101,0.82,0,0.84,0.3,0.17,23,-73,95,0,0.319,0.189,0.129,Normal
1128,2026-02-17T00:00:00.000Z,singareni-s4,zone-c,TL-301,0.82,0.1,1.05,0.22,0.62,36,-68,82,0.032,0.191,0.295,0.174,Normal
1129,2026-02-17T01:00:00.000Z,korba-west-bench,zone-d,TL-301,0.75,0,0.25,0.11,1.33,34,-79,73,0,0.314,0.255,0.042,Normal
1130,2026-02-17T02:00:00.000Z,jharia-open-pit,zone-c,PZ-401,0.32,0.18,0,0.21,0.67,27,-74,91,0.056,2.1,0.086,0.084,Normal
1131,2026-02-17T03:00:00.000Z,korba-west-bench,zone-a,PZ-401,0,0.05,1.66,0.14,1.07,28,-79,89,0.012,0.08,0,0.191,Normal
1132,2026-02-17T04:00:00.000Z,jharia-open-pit,zone-d,SN-101,0.54,0.13,0.06,0.16,0.67,44,-77,61,0.034,1,0.238,0.138,Normal
1133,2026-02-17T05:00:00.000Z,jharia-open-pit,zone-b,SN-101,0.8,0.26,3.12,0.47,2.12,63,-65,95,0.148,0.146,0.504,0.196,Normal
1134,2026-02-17T06:00:00.000Z,jharia-open-pit,zone-b,EX-201,3.44,1.02,5.59,1.15,2.79,77,-61,79,1.275,0.202,2.649,0.627,Critical
1135,2026-02-17T07:00:00.000Z,raniganj-south-slope,zone-b,PZ-401,2,0.16,2.23,0.29,1.62,60,-84,68,0.062,0.124,1.2,0.217,Normal
1136,2026-02-17T08:00:00.000Z,korba-west-bench,zone-d,TL-301,1.8,0.35,1.42,0.24,2.39,46,-81,66,0.119,0.158,0.828,0.294,Normal
1137,2026-02-17T09:00:00.000Z,jharia-open-pit,zone-c,EX-201,0.22,0.05,0.54,0.06,0.48,37,-72,65,0.008,0.094,0.081,0.004,Normal
1138,2026-02-17T10:00:00.000Z,jharia-open-pit,zone-b,SN-101,2.08,0.31,4.51,0.27,1.53,45,-80,89,0.115,0.059,0.936,0.313,Warning
1139,2026-02-17T11:00:00.000Z,singareni-s4,zone-d,SN-101,2.08,0.11,2.56,0.75,1.47,59,-70,89,0.093,0.282,1.227,0.341,Warning
1140,2026-02-17T12:00:00.000Z,singareni-s4,zone-b,EX-201,0,0.04,2.47,0.05,0.47,18,-72,90,0.006,0.019,0,0.016,Normal
1141,2026-02-17T13:00:00.000Z,singareni-s4,zone-a,EX-201,0.35,0.01,1.32,0.06,0.54,27,-70,66,0.002,0.042,0.095,0.068,Normal
1142,2026-02-17T14:00:00.000Z,jharia-open-pit,zone-d,EX-201,1.21,0.32,0.33,0.23,0.48,27,-71,80,0.106,0.535,0.327,0.189,Normal
1143,2026-02-17T15:00:00.000Z,raniganj-south-slope,zone-c,SN-101,0.04,0.3,0.02,0.06,0.83,30,-84,81,0.048,0.5,0.012,0.087,Normal
1144,2026-02-17T16:00:00.000Z,korba-west-bench,zone-d,TL-301,0,0,1.35,0.05,0.35,22,-76,91,0,0.034,0,0.064,Normal
1145,2026-02-17T17:00:00.000Z,singareni-s4,zone-c,EX-201,3.87,0.86,8.56,1.26,3.14,66,-71,82,1.17,0.145,2.554,0.709,Critical
1146,2026-02-17T18:00:00.000Z,raniganj-south-slope,zone-a,TL-301,0,0.11,1.16,0,1.18,20,-75,82,0.011,0,0,0.068,Normal
1147,2026-02-17T19:00:00.000Z,korba-west-bench,zone-b,PZ-401,0.68,0.1,1.99,0.07,0.06,32,-71,65,0.017,0.033,0.218,0.132,Normal
1148,2026-02-17T20:00:00.000Z,korba-west-bench,zone-a,SN-101,1.86,0.35,3.99,0.43,1.35,47,-67,89,0.185,0.105,0.874,0.34,Warning
1149,2026-02-17T21:00:00.000Z,raniganj-south-slope,zone-b,EX-201,0.71,0.06,0.99,0.06,0.53,10,-67,93,0.01,0.055,0.071,0.045,Normal
1150,2026-02-17T22:00:00.000Z,jharia-open-pit,zone-a,TL-301,0.51,0,0.75,0.41,0.27,20,-72,62,0,0.482,0.102,0.136,Normal
1151,2026-02-17T23:00:00.000Z,jharia-open-pit,zone-a,SN-101,1.99,0.45,3.73,0.2,0.84,42,-63,94,0.135,0.052,0.836,0.335,Warning
1152,2026-02-18T00:00:00.000Z,jharia-open-pit,zone-d,EX-201,0.78,0.11,0.24,0.4,0.67,15,-85,67,0.055,1.176,0.117,0.183,Normal
1153,2026-02-18T01:00:00.000Z,raniganj-south-slope,zone-d,PZ-401,1.38,0.44,3.64,0.26,2.09,43,-79,64,0.158,0.07,0.593,0.282,Normal
1154,2026-02-18T02:00:00.000Z,jharia-open-pit,zone-c,EX-201,0.9,0.41,4.4,0.22,1.68,35,-83,75,0.131,0.049,0.315,0.262,Normal
1155,2026-02-18T03:00:00.000Z,korba-west-bench,zone-c,EX-201,1.74,0.27,2.58,0.37,2.64,39,-75,96,0.127,0.138,0.679,0.299,Normal
1156,2026-02-18T04:00:00.000Z,singareni-s4,zone-d,SN-101,3.88,0.88,8.28,1.26,3.87,75,-82,65,1.197,0.15,2.91,0.737,Critical
1157,2026-02-18T05:00:00.000Z,korba-west-bench,zone-c,TL-301,3.63,0.93,8.43,1,2.67,74,-84,90,1.023,0.117,2.686,0.673,Critical
1158,2026-02-18T06:00:00.000Z,jharia-open-pit,zone-a,TL-301,0.44,0.23,1.13,0.07,0.47,30,-61,76,0.039,0.057,0.132,0.1,Normal
1159,2026-02-18T07:00:00.000Z,jharia-open-pit,zone-d,TL-301,0.07,0.06,2.31,0.14,0.93,23,-85,74,0.014,0.058,0.016,0.124,Normal
1160,2026-02-18T08:00:00.000Z,jharia-open-pit,zone-a,PZ-401,0,0,0.92,0.06,0.21,28,-85,91,0,0.059,0,0.109,Normal
1161,2026-02-18T09:00:00.000Z,raniganj-south-slope,zone-d,PZ-401,0.15,0.03,1.37,0.13,0.54,30,-83,81,0.007,0.088,0.045,0.145,Normal
1162,2026-02-18T10:00:00.000Z,jharia-open-pit,zone-b,SN-101,1.23,0.28,0.89,0.12,1.31,27,-71,96,0.062,0.121,0.332,0.126,Normal
1163,2026-02-18T11:00:00.000Z,korba-west-bench,zone-d,SN-101,0,0.02,0.68,0,0,15,-82,71,0.002,0,0,0.028,Normal
1164,2026-02-18T12:00:00.000Z,jharia-open-pit,zone-b,EX-201,0.36,0.16,0,0.03,0.74,24,-69,99,0.021,0.3,0.086,0.035,Normal
1165,2026-02-18T13:00:00.000Z,jharia-open-pit,zone-b,EX-201,0.69,0.19,0.93,0.11,0.66,17,-70,88,0.04,0.107,0.117,0.172,Normal
1166,2026-02-18T14:00:00.000Z,singareni-s4,zone-a,TL-301,0.25,0.44,0.44,0,0.09,27,-73,91,0.044,0,0.068,0.035,Normal
1167,2026-02-18T15:00:00.000Z,raniganj-south-slope,zone-c,SN-101,0.42,0.04,1.4,0,0.55,10,-82,87,0.004,0,0.042,0.027,Normal
1168,2026-02-18T16:00:00.000Z,raniganj-south-slope,zone-c,TL-301,0.81,0.01,0,0.06,0.78,25,-80,99,0.002,0.6,0.203,0.055,Normal
1169,2026-02-18T17:00:00.000Z,raniganj-south-slope,zone-b,EX-201,0,0.18,1.41,0.28,0.55,37,-77,82,0.068,0.185,0,0.128,Normal
1170,2026-02-18T18:00:00.000Z,singareni-s4,zone-a,EX-201,0,0.52,0,0.04,0.9,27,-62,95,0.073,0.4,0,0.167,Normal
1171,2026-02-18T19:00:00.000Z,raniganj-south-slope,zone-d,TL-301,3.83,0.8,8.92,1.23,3.54,65,-61,82,1.064,0.136,2.49,0.703,Critical
1172,2026-02-18T20:00:00.000Z,korba-west-bench,zone-a,TL-301,0.54,0.21,0,0.18,0.81,27,-76,89,0.059,1.8,0.146,0.149,Normal
1173,2026-02-18T21:00:00.000Z,korba-west-bench,zone-d,EX-201,1.49,0.16,3.1,0.48,1.95,52,-75,68,0.093,0.15,0.775,0.233,Normal
1174,2026-02-18T22:00:00.000Z,raniganj-south-slope,zone-b,PZ-401,3.51,0.75,8.91,1.25,3.11,68,-69,79,1.013,0.139,2.387,0.649,Critical
1175,2026-02-18T23:00:00.000Z,singareni-s4,zone-b,EX-201,1.52,0.51,3.3,0.44,0.67,64,-63,61,0.275,0.129,0.973,0.355,Warning
1176,2026-02-19T00:00:00.000Z,jharia-open-pit,zone-d,PZ-401,3.7,0.82,7.65,1.32,3.77,68,-62,68,1.164,0.17,2.516,0.649,Critical
1177,2026-02-19T01:00:00.000Z,korba-west-bench,zone-c,SN-101,1.55,0.27,3.62,0.6,1.69,46,-66,67,0.189,0.161,0.713,0.352,Warning
1178,2026-02-19T02:00:00.000Z,korba-west-bench,zone-c,EX-201,0,0.19,2.11,0.05,0.86,34,-77,79,0.029,0.023,0,0.041,Normal
1179,2026-02-19T03:00:00.000Z,jharia-open-pit,zone-a,TL-301,2.01,0.49,3.68,0.78,1.06,51,-61,97,0.431,0.206,1.025,0.342,Warning
1180,2026-02-19T04:00:00.000Z,raniganj-south-slope,zone-d,SN-101,0.33,0.1,0,0.18,0.7,24,-79,92,0.028,1.8,0.079,0.1,Normal
1181,2026-02-19T05:00:00.000Z,korba-west-bench,zone-b,TL-301,0.42,0.17,1.03,0,1.02,12,-73,71,0.017,0,0.05,0.118,Normal
1182,2026-02-19T06:00:00.000Z,raniganj-south-slope,zone-d,SN-101,0,0.11,0.82,0,1.36,19,-76,87,0.011,0,0,0.051,Normal
1183,2026-02-19T07:00:00.000Z,singareni-s4,zone-a,PZ-401,0.3,0.12,0.51,0.04,0.3,21,-65,89,0.017,0.066,0.063,0.072,Normal
1184,2026-02-19T08:00:00.000Z,jharia-open-pit,zone-c,PZ-401,0.75,0.18,0.63,0.06,0,36,-66,71,0.029,0.082,0.27,0.112,Normal
1185,2026-02-19T09:00:00.000Z,raniganj-south-slope,zone-c,PZ-401,4.06,0.61,7.73,1.23,3.39,68,-72,75,0.811,0.157,2.761,0.655,Critical
1186,2026-02-19T10:00:00.000Z,singareni-s4,zone-b,PZ-401,1.65,0.19,2.64,0.13,2.01,49,-71,75,0.044,0.047,0.808,0.314,Warning
1187,2026-02-19T11:00:00.000Z,korba-west-bench,zone-d,SN-101,0.07,0,0,0,0.95,25,-71,74,0,0,0.018,0.061,Normal
1188,2026-02-19T12:00:00.000Z,korba-west-bench,zone-d,TL-301,0.92,0.05,0.11,0.07,1.21,19,-63,76,0.009,0.333,0.175,0.051,Normal
1189,2026-02-19T13:00:00.000Z,raniganj-south-slope,zone-a,SN-101,3.94,0.69,6.81,1.17,3.04,69,-84,90,0.876,0.169,2.719,0.619,Critical
1190,2026-02-19T14:00:00.000Z,jharia-open-pit,zone-a,SN-101,3.2,0.94,7.39,1.1,4.58,71,-75,91,1.128,0.147,2.272,0.67,Critical
1191,2026-02-19T15:00:00.000Z,jharia-open-pit,zone-d,PZ-401,0.66,0.12,0.42,0,0.63,18,-67,93,0.012,0,0.119,0.109,Normal
1192,2026-02-19T16:00:00.000Z,singareni-s4,zone-c,PZ-401,3.33,0.79,7.64,1.53,2.92,82,-77,74,1.288,0.198,2.731,0.621,Critical
1193,2026-02-19T17:00:00.000Z,raniganj-south-slope,zone-d,PZ-401,1.84,0.42,2.32,0.49,1.31,47,-65,100,0.248,0.202,0.865,0.273,Normal
1194,2026-02-19T18:00:00.000Z,raniganj-south-slope,zone-d,EX-201,0.4,0.21,1.31,0,1.94,40,-78,70,0.021,0,0.16,0.156,Normal
1195,2026-02-19T19:00:00.000Z,jharia-open-pit,zone-c,TL-301,1.13,0.07,0.48,0.06,0.23,18,-66,96,0.011,0.103,0.203,0.093,Normal
1196,2026-02-19T20:00:00.000Z,jharia-open-pit,zone-b,SN-101,0,0,0.88,0,0.91,30,-83,69,0,0,0,0.058,Normal
1197,2026-02-19T21:00:00.000Z,singareni-s4,zone-c,EX-201,0.13,0.12,0.76,0.1,0.54,21,-60,79,0.024,0.116,0.027,0.099,Normal
1198,2026-02-19T22:00:00.000Z,korba-west-bench,zone-b,SN-101,0.46,0,2.05,0.09,0.42,32,-78,65,0,0.042,0.147,0.095,Normal
1199,2026-02-19T23:00:00.000Z,singareni-s4,zone-b,TL-301,0.92,0.02,0.57,0.05,0.08,30,-83,64,0.003,0.075,0.276,0.103,Normal
1200,2026-02-20T00:00:00.000Z,jharia-open-pit,zone-c,PZ-401,0.73,0,0.49,0.18,1.26,19,-61,81,0,0.305,0.139,0.124,Normal
1201,2026-02-20T01:00:00.000Z,singareni-s4,zone-d,SN-101,0.37,0.17,0,0.12,0.58,26,-70,68,0.037,1.2,0.096,0.115,Normal
1202,2026-02-20T02:00:00.000Z,raniganj-south-slope,zone-c,SN-101,1.61,0.56,3.93,0.52,2.41,45,-73,95,0.347,0.129,0.725,0.344,Warning
1203,2026-02-20T03:00:00.000Z,singareni-s4,zone-a,TL-301,3.84,0.84,7.91,1.22,3.64,90,-76,96,1.109,0.152,3.456,0.767,Critical
1204,2026-02-20T04:00:00.000Z,korba-west-bench,zone-d,EX-201,0.82,0.04,2.87,0,0.82,45,-66,92,0.004,0,0.369,0.096,Normal
1205,2026-02-20T05:00:00.000Z,jharia-open-pit,zone-b,EX-201,0.15,0.08,1.13,0.08,0.87,29,-84,82,0.014,0.065,0.043,0.004,Normal
1206,2026-02-20T06:00:00.000Z,raniganj-south-slope,zone-a,TL-301,0.14,0.05,1.01,0.05,0.43,31,-80,66,0.008,0.045,0.043,-0.018,Normal
1207,2026-02-20T07:00:00.000Z,korba-west-bench,zone-c,TL-301,2.04,0.24,3.18,0.48,1.87,53,-60,94,0.139,0.146,1.081,0.338,Warning
1208,2026-02-20T08:00:00.000Z,korba-west-bench,zone-c,EX-201,0,0.17,1.89,0,1.53,23,-84,98,0.017,0,0,0.152,Normal
1209,2026-02-20T09:00:00.000Z,jharia-open-pit,zone-b,PZ-401,2,0.35,3.46,0.54,1.11,43,-61,62,0.224,0.152,0.86,0.249,Normal
1210,2026-02-20T10:00:00.000Z,raniganj-south-slope,zone-c,SN-101,3.49,0.62,7.56,1.25,3.44,70,-83,75,0.837,0.163,2.443,0.567,Critical
1211,2026-02-20T11:00:00.000Z,korba-west-bench,zone-a,TL-301,1.3,0.27,4.93,0.37,0.71,68,-77,97,0.127,0.074,0.884,0.304,Warning
1212,2026-02-20T12:00:00.000Z,raniganj-south-slope,zone-c,PZ-401,0,0.09,0.91,0.05,0.87,25,-66,79,0.014,0.05,0,0.016,Normal
1213,2026-02-20T13:00:00.000Z,raniganj-south-slope,zone-b,TL-301,1.56,0.24,2.74,0.62,1.65,54,-67,83,0.173,0.218,0.842,0.302,Warning
1214,2026-02-20T14:00:00.000Z,korba-west-bench,zone-d,TL-301,0.35,0.19,1.46,0.07,0.55,28,-60,77,0.032,0.045,0.098,0.08,Normal
1215,2026-02-20T15:00:00.000Z,korba-west-bench,zone-a,PZ-401,1.68,0.36,4.05,0.6,1.49,56,-76,92,0.252,0.145,0.941,0.347,Warning
1216,2026-02-20T16:00:00.000Z,jharia-open-pit,zone-c,SN-101,1.35,0.21,3.08,0.47,2.8,48,-66,87,0.12,0.148,0.648,0.297,Normal
1217,2026-02-20T17:00:00.000Z,raniganj-south-slope,zone-a,TL-301,0.49,0,0,0.27,0.92,25,-71,77,0,2.7,0.122,0.102,Normal
1218,2026-02-20T18:00:00.000Z,korba-west-bench,zone-b,PZ-401,0.69,0,1.38,0.22,1.55,25,-77,89,0,0.149,0.172,0.185,Normal
1219,2026-02-20T19:00:00.000Z,raniganj-south-slope,zone-a,SN-101,2.15,0.37,2.52,0.79,1.46,52,-81,81,0.329,0.302,1.118,0.34,Warning
1220,2026-02-20T20:00:00.000Z,singareni-s4,zone-a,SN-101,0.6,0.13,1.8,0,0,23,-72,70,0.013,0,0.138,0.1,Normal
1221,2026-02-20T21:00:00.000Z,singareni-s4,zone-c,EX-201,0.58,0,0.61,0.11,1.22,28,-82,91,0,0.155,0.162,0.071,Normal
1222,2026-02-20T22:00:00.000Z,raniganj-south-slope,zone-d,EX-201,0,0.14,1.44,0,0,10,-66,61,0.014,0,0,0.088,Normal
1223,2026-02-20T23:00:00.000Z,singareni-s4,zone-b,PZ-401,0,0.11,0.17,0.4,0.42,14,-82,76,0.055,1.481,0,0.135,Normal
1224,2026-02-21T00:00:00.000Z,jharia-open-pit,zone-c,SN-101,0.66,0,3.2,0,1.08,22,-78,64,0,0,0.145,0.105,Normal
1225,2026-02-21T01:00:00.000Z,jharia-open-pit,zone-d,TL-301,3.62,0.75,7.48,1.23,2.54,62,-85,74,0.998,0.162,2.244,0.616,Critical
1226,2026-02-21T02:00:00.000Z,korba-west-bench,zone-d,TL-301,0.66,0.1,0.95,0.38,1.14,27,-73,62,0.048,0.362,0.178,0.145,Normal
1227,2026-02-21T03:00:00.000Z,singareni-s4,zone-d,PZ-401,2.84,0.3,2.04,0.37,1.08,61,-74,71,0.141,0.173,1.732,0.322,Warning
1228,2026-02-21T04:00:00.000Z,jharia-open-pit,zone-c,TL-301,4.33,0.86,7.34,1.35,3.72,63,-79,81,1.247,0.181,2.728,0.758,Critical
1229,2026-02-21T05:00:00.000Z,jharia-open-pit,zone-b,PZ-401,0.44,0.24,0.82,0,0.96,17,-70,95,0.024,0,0.075,0.033,Normal
1230,2026-02-21T06:00:00.000Z,korba-west-bench,zone-d,EX-201,3.1,0.85,6.85,1.58,3.82,74,-76,66,1.428,0.227,2.294,0.582,Critical
1231,2026-02-21T07:00:00.000Z,korba-west-bench,zone-d,TL-301,2.89,0.71,7.74,1.2,3.05,77,-64,72,0.923,0.153,2.225,0.572,Critical
1232,2026-02-21T08:00:00.000Z,jharia-open-pit,zone-b,TL-301,0.26,0.18,1.46,0.08,0.34,39,-66,74,0.032,0.051,0.101,0.064,Normal
1233,2026-02-21T09:00:00.000Z,korba-west-bench,zone-a,TL-301,0.3,0.14,2.14,0.35,1.22,23,-72,62,0.063,0.156,0.069,0.09,Normal
1234,2026-02-21T10:00:00.000Z,jharia-open-pit,zone-b,TL-301,0.67,0.07,1.92,0.19,0,14,-80,76,0.02,0.094,0.094,0.145,Normal
1235,2026-02-21T11:00:00.000Z,singareni-s4,zone-a,TL-301,3.48,0.79,7.92,1.4,2.71,58,-71,97,1.185,0.175,2.018,0.618,Critical
1236,2026-02-21T12:00:00.000Z,jharia-open-pit,zone-b,TL-301,1.15,0.47,2.36,0.26,2.5,56,-73,89,0.169,0.106,0.644,0.333,Warning
1237,2026-02-21T13:00:00.000Z,singareni-s4,zone-b,TL-301,0.56,0,0,0.24,0.74,19,-69,61,0,2.4,0.106,0.011,Normal
1238,2026-02-21T14:00:00.000Z,raniganj-south-slope,zone-b,PZ-401,4.2,0.74,6.31,1.25,3.29,72,-72,94,0.999,0.195,3.024,0.668,Critical
1239,2026-02-21T15:00:00.000Z,raniganj-south-slope,zone-d,TL-301,0.8,0.05,0,0.41,1.87,18,-75,87,0.026,4.1,0.144,0.107,Normal
1240,2026-02-21T16:00:00.000Z,singareni-s4,zone-c,EX-201,0.33,0.11,1.07,0.24,0.4,29,-63,98,0.037,0.205,0.096,0.035,Normal
1241,2026-02-21T17:00:00.000Z,korba-west-bench,zone-b,EX-201,3.09,1.06,6.95,1.01,3.95,64,-81,87,1.177,0.143,1.978,0.609,Critical
1242,2026-02-21T18:00:00.000Z,singareni-s4,zone-c,EX-201,1.51,0.28,5.95,0.39,1.27,39,-65,67,0.137,0.064,0.589,0.256,Normal
1243,2026-02-21T19:00:00.000Z,singareni-s4,zone-c,EX-201,1.26,0.3,1.92,0.45,1.95,50,-81,85,0.165,0.223,0.63,0.257,Normal
1244,2026-02-21T20:00:00.000Z,raniganj-south-slope,zone-c,PZ-401,1.17,0.04,1.13,0.11,0.74,28,-75,72,0.008,0.089,0.328,0.137,Normal
1245,2026-02-21T21:00:00.000Z,korba-west-bench,zone-a,PZ-401,0.1,0.05,1.74,0,0.03,29,-69,80,0.005,0,0.029,0.057,Normal
1246,2026-02-21T22:00:00.000Z,raniganj-south-slope,zone-b,TL-301,4.19,0.83,8.44,1.02,3.57,82,-68,97,0.93,0.119,3.436,0.731,Critical
1247,2026-02-21T23:00:00.000Z,jharia-open-pit,zone-a,SN-101,3.73,0.75,5.93,1.23,3.93,73,-66,72,0.998,0.204,2.723,0.593,Critical
1248,2026-02-22T00:00:00.000Z,korba-west-bench,zone-c,PZ-401,1.72,0.23,3.47,0.51,2.74,56,-61,81,0.14,0.143,0.963,0.372,Warning
1249,2026-02-22T01:00:00.000Z,jharia-open-pit,zone-b,EX-201,0,0.14,0,0,0.8,16,-64,87,0.014,0,0,0.084,Normal
1250,2026-02-22T02:00:00.000Z,singareni-s4,zone-b,PZ-401,1.87,0.46,4.02,0.37,1.81,38,-81,82,0.216,0.09,0.711,0.276,Normal
1251,2026-02-22T03:00:00.000Z,singareni-s4,zone-b,EX-201,3.44,0.88,6.43,1.18,2.95,78,-68,64,1.126,0.181,2.683,0.647,Critical
1252,2026-02-22T04:00:00.000Z,jharia-open-pit,zone-c,EX-201,1.51,0.36,3.23,0.23,2.24,61,-68,63,0.119,0.069,0.921,0.308,Warning
1253,2026-02-22T05:00:00.000Z,singareni-s4,zone-b,EX-201,0.79,0.23,0.16,0,1.15,19,-79,76,0.023,0,0.15,0.129,Normal
1254,2026-02-22T06:00:00.000Z,korba-west-bench,zone-c,TL-301,1.87,0.25,2.52,0.47,1.31,42,-67,88,0.142,0.179,0.785,0.187,Normal
1255,2026-02-22T07:00:00.000Z,korba-west-bench,zone-c,EX-201,1.33,0.41,2.92,0.32,1.59,54,-65,73,0.172,0.106,0.718,0.251,Normal
1256,2026-02-22T08:00:00.000Z,raniganj-south-slope,zone-b,PZ-401,0.17,0.13,0.2,0,0.82,10,-73,71,0.013,0,0.017,0.096,Normal
1257,2026-02-22T09:00:00.000Z,raniganj-south-slope,zone-b,PZ-401,0,0.11,1.62,0.04,0.21,30,-78,70,0.015,0.023,0,0.142,Normal
1258,2026-02-22T10:00:00.000Z,raniganj-south-slope,zone-a,SN-101,0.18,0,0.69,0.28,1.4,24,-76,81,0,0.354,0.043,0.081,Normal
1259,2026-02-22T11:00:00.000Z,korba-west-bench,zone-d,TL-301,0.93,0,0.48,0.33,0.11,14,-81,94,0,0.569,0.13,0.076,Normal
1260,2026-02-22T12:00:00.000Z,korba-west-bench,zone-d,SN-101,0.66,0,0,0,0.43,26,-69,98,0,0,0.172,0.058,Normal
1261,2026-02-22T13:00:00.000Z,jharia-open-pit,zone-b,EX-201,0.27,0.15,0.68,0.3,1.27,20,-70,72,0.06,0.385,0.054,0.079,Normal
1262,2026-02-22T14:00:00.000Z,raniganj-south-slope,zone-b,PZ-401,0.29,0.32,0.76,0,0,16,-83,62,0.032,0,0.046,0.068,Normal
1263,2026-02-22T15:00:00.000Z,raniganj-south-slope,zone-d,EX-201,0.11,0.15,0.49,0.15,0.1,28,-75,68,0.037,0.254,0.031,0.087,Normal
1264,2026-02-22T16:00:00.000Z,singareni-s4,zone-b,SN-101,0.35,0.15,0,0.06,0.23,24,-67,93,0.024,0.6,0.084,0.104,Normal
1265,2026-02-22T17:00:00.000Z,jharia-open-pit,zone-a,SN-101,1.99,0.32,3.8,0.37,1.95,68,-78,70,0.15,0.095,1.353,0.309,Warning
1266,2026-02-22T18:00:00.000Z,korba-west-bench,zone-b,EX-201,0,0,1.01,0.16,0.44,22,-63,96,0,0.144,0,0.041,Normal
1267,2026-02-22T19:00:00.000Z,jharia-open-pit,zone-a,SN-101,0.51,0.27,2.85,0.2,1.99,38,-61,61,0.081,0.068,0.194,0.189,Normal
1268,2026-02-22T20:00:00.000Z,singareni-s4,zone-d,EX-201,0.07,0.08,0.61,0,0.99,28,-69,73,0.008,0,0.02,0.097,Normal
1269,2026-02-22T21:00:00.000Z,korba-west-bench,zone-b,SN-101,0,0.06,1.35,0.13,1.59,23,-83,74,0.014,0.09,0,0.037,Normal
1270,2026-02-22T22:00:00.000Z,raniganj-south-slope,zone-a,EX-201,0.99,0,0.37,0.09,1.18,24,-73,86,0,0.191,0.238,0.103,Normal
1271,2026-02-22T23:00:00.000Z,raniganj-south-slope,zone-c,PZ-401,0.71,0,0.96,0.2,0.74,25,-68,90,0,0.189,0.177,0.065,Normal
1272,2026-02-23T00:00:00.000Z,raniganj-south-slope,zone-a,TL-301,1.93,0.36,2.57,0.39,0.92,40,-65,85,0.176,0.146,0.772,0.356,Warning
1273,2026-02-23T01:00:00.000Z,jharia-open-pit,zone-b,EX-201,1.05,0.21,1.35,0.19,1.18,17,-67,60,0.061,0.131,0.179,0.167,Normal
1274,2026-02-23T02:00:00.000Z,raniganj-south-slope,zone-b,SN-101,0,0,1.87,0.06,0.91,40,-76,90,0,0.03,0,0.105,Normal
1275,2026-02-23T03:00:00.000Z,korba-west-bench,zone-a,TL-301,0.36,0.09,1.48,0.12,1.89,28,-67,90,0.02,0.076,0.101,0.126,Normal
1276,2026-02-23T04:00:00.000Z,korba-west-bench,zone-c,SN-101,0.58,0,1.2,0.18,0.61,27,-81,85,0,0.138,0.157,0.052,Normal
1277,2026-02-23T05:00:00.000Z,raniganj-south-slope,zone-a,EX-201,0.45,0.15,0.73,0.2,1.65,15,-77,63,0.045,0.241,0.068,0.106,Normal
1278,2026-02-23T06:00:00.000Z,korba-west-bench,zone-c,TL-301,3.87,1.06,8.27,1.27,3.02,77,-65,82,1.452,0.152,2.98,0.743,Critical
1279,2026-02-23T07:00:00.000Z,korba-west-bench,zone-d,EX-201,0,0.35,0,0.24,0.09,20,-71,90,0.119,2.4,0,0.113,Normal
1280,2026-02-23T08:00:00.000Z,korba-west-bench,zone-a,PZ-401,1.61,0.38,2.79,0.59,1.69,53,-66,76,0.262,0.204,0.853,0.29,Normal
1281,2026-02-23T09:00:00.000Z,korba-west-bench,zone-b,PZ-401,3.2,0.62,8.26,1.25,4.14,65,-70,61,0.837,0.15,2.08,0.628,Critical
1282,2026-02-23T10:00:00.000Z,singareni-s4,zone-d,PZ-401,3.38,0.76,9.29,1.13,2.54,70,-83,65,0.935,0.12,2.366,0.629,Critical
1283,2026-02-23T11:00:00.000Z,korba-west-bench,zone-d,EX-201,2.49,0.48,3.44,0.38,2.32,43,-62,92,0.23,0.107,1.071,0.343,Warning
1284,2026-02-23T12:00:00.000Z,jharia-open-pit,zone-a,PZ-401,0,0.05,0,0.24,0.42,33,-63,86,0.017,2.4,0,0.022,Normal
1285,2026-02-23T13:00:00.000Z,jharia-open-pit,zone-a,SN-101,1.89,0.3,3.5,0.5,0.8,50,-61,74,0.18,0.139,0.945,0.247,Normal
1286,2026-02-23T14:00:00.000Z,raniganj-south-slope,zone-b,SN-101,2.23,0.41,3.86,0.33,1.7,52,-76,94,0.176,0.083,1.16,0.359,Warning
1287,2026-02-23T15:00:00.000Z,jharia-open-pit,zone-d,SN-101,0,0.08,1.24,0.15,0.3,34,-60,91,0.02,0.112,0,0.073,Normal
1288,2026-02-23T16:00:00.000Z,raniganj-south-slope,zone-d,TL-301,0.67,0,0.89,0.04,0.39,29,-67,72,0,0.04,0.194,0.135,Normal
1289,2026-02-23T17:00:00.000Z,korba-west-bench,zone-b,PZ-401,1.85,0.35,1.54,0.5,1.67,42,-84,73,0.21,0.305,0.777,0.359,Warning
1290,2026-02-23T18:00:00.000Z,singareni-s4,zone-b,SN-101,1.2,0.13,0.39,0.35,1.23,28,-70,73,0.058,0.714,0.336,0.218,Normal
1291,2026-02-23T19:00:00.000Z,singareni-s4,zone-d,PZ-401,3.56,0.95,7.9,1.27,2.76,76,-77,87,1.302,0.159,2.706,0.697,Critical
1292,2026-02-23T20:00:00.000Z,raniganj-south-slope,zone-a,EX-201,1.13,0.08,0.43,0.14,0.86,29,-67,81,0.019,0.264,0.328,0.141,Normal
1293,2026-02-23T21:00:00.000Z,singareni-s4,zone-c,PZ-401,0,0,1.28,0,0,25,-70,68,0,0,0,0.037,Normal
1294,2026-02-23T22:00:00.000Z,raniganj-south-slope,zone-c,EX-201,2.74,0.42,3.86,0.57,1.32,37,-79,85,0.281,0.144,1.014,0.371,Warning
1295,2026-02-23T23:00:00.000Z,singareni-s4,zone-b,SN-101,2.28,0.41,3.07,0.31,2.17,46,-77,65,0.168,0.098,1.049,0.328,Warning
1296,2026-02-24T00:00:00.000Z,singareni-s4,zone-a,SN-101,0.1,0.05,1.47,0.23,0.26,26,-62,73,0.017,0.146,0.026,0.087,Normal
1297,2026-02-24T01:00:00.000Z,raniganj-south-slope,zone-a,TL-301,0.41,0,2.02,0,0.41,31,-71,68,0,0,0.127,0.084,Normal
1298,2026-02-24T02:00:00.000Z,singareni-s4,zone-d,PZ-401,0.51,0,0.97,0,0.82,31,-66,77,0,0,0.158,0.027,Normal
1299,2026-02-24T03:00:00.000Z,jharia-open-pit,zone-c,TL-301,3.32,0.82,6.94,1.1,3.71,77,-74,73,0.984,0.156,2.556,0.635,Critical
1300,2026-02-24T04:00:00.000Z,jharia-open-pit,zone-b,PZ-401,0.43,0.06,0.27,0.05,0.08,22,-79,75,0.009,0.135,0.095,0.061,Normal
1301,2026-02-24T05:00:00.000Z,singareni-s4,zone-a,EX-201,1.13,0.38,1.77,0.56,1.27,47,-68,97,0.251,0.299,0.531,0.3,Warning
1302,2026-02-24T06:00:00.000Z,raniganj-south-slope,zone-c,SN-101,1.63,0.23,3.56,0.54,1.84,42,-69,92,0.147,0.148,0.685,0.235,Normal
1303,2026-02-24T07:00:00.000Z,singareni-s4,zone-d,EX-201,1.34,0.49,3.95,0.38,1.61,59,-73,66,0.235,0.094,0.791,0.358,Warning
1304,2026-02-24T08:00:00.000Z,raniganj-south-slope,zone-d,PZ-401,0,0.06,1.29,0.3,1.08,19,-74,68,0.024,0.216,0,0.085,Normal
1305,2026-02-24T09:00:00.000Z,singareni-s4,zone-d,EX-201,0.08,0.22,1.61,0.31,0.43,13,-78,81,0.09,0.181,0.01,0.161,Normal
1306,2026-02-24T10:00:00.000Z,raniganj-south-slope,zone-d,PZ-401,0.78,0.29,1.55,0.23,0.37,13,-72,95,0.096,0.139,0.101,0.193,Normal
1307,2026-02-24T11:00:00.000Z,jharia-open-pit,zone-c,PZ-401,2.18,0.17,3.72,0.48,1.93,61,-76,90,0.099,0.126,1.33,0.346,Warning
1308,2026-02-24T12:00:00.000Z,singareni-s4,zone-b,TL-301,1.02,0.17,0.57,0,0.7,24,-65,71,0.017,0,0.245,0.069,Normal
1309,2026-02-24T13:00:00.000Z,raniganj-south-slope,zone-b,PZ-401,4.56,0.79,9.29,1.48,3.91,78,-61,61,1.248,0.158,3.557,0.758,Critical
1310,2026-02-24T14:00:00.000Z,korba-west-bench,zone-d,PZ-401,0.7,0.1,0.46,0,0.68,31,-70,76,0.01,0,0.217,0.082,Normal
1311,2026-02-24T15:00:00.000Z,jharia-open-pit,zone-d,TL-301,0.25,0.03,0.54,0.14,1.13,21,-74,74,0.007,0.219,0.052,0.122,Normal
1312,2026-02-24T16:00:00.000Z,singareni-s4,zone-c,SN-101,1.6,0.45,2.93,0.23,2.24,57,-75,79,0.149,0.076,0.912,0.394,Warning
1313,2026-02-24T17:00:00.000Z,jharia-open-pit,zone-b,PZ-401,0,0.03,1.17,0,0,20,-69,92,0.003,0,0,0.03,Normal
1314,2026-02-24T18:00:00.000Z,korba-west-bench,zone-d,SN-101,0,0,0,0.05,0.69,27,-61,80,0,0.5,0,-0.043,Normal
1315,2026-02-24T19:00:00.000Z,singareni-s4,zone-c,EX-201,3.4,0.95,6.46,1.09,3.75,74,-75,76,1.131,0.166,2.516,0.674,Critical
1316,2026-02-24T20:00:00.000Z,korba-west-bench,zone-c,TL-301,0.26,0.29,0.83,0.41,0,33,-68,80,0.148,0.441,0.086,0.115,Normal
1317,2026-02-24T21:00:00.000Z,korba-west-bench,zone-b,TL-301,0.96,0,0,0.1,1.05,28,-72,93,0,1,0.269,0.147,Normal
1318,2026-02-24T22:00:00.000Z,jharia-open-pit,zone-a,EX-201,0,0.05,1.49,0,0.4,32,-70,76,0.005,0,0,0.078,Normal
1319,2026-02-24T23:00:00.000Z,raniganj-south-slope,zone-c,PZ-401,0.75,0.22,0.8,0,0.24,30,-80,96,0.022,0,0.225,0.15,Normal
1320,2026-02-25T00:00:00.000Z,singareni-s4,zone-b,EX-201,0,0.09,0.67,0.05,0,25,-76,95,0.014,0.065,0,0.016,Normal
1321,2026-02-25T01:00:00.000Z,singareni-s4,zone-b,SN-101,3.61,0.9,8.56,1.04,3.84,72,-76,67,1.026,0.12,2.599,0.68,Critical
1322,2026-02-25T02:00:00.000Z,jharia-open-pit,zone-c,TL-301,3.21,0.89,6.49,1.11,3.55,80,-81,77,1.077,0.168,2.568,0.567,Critical
1323,2026-02-25T03:00:00.000Z,raniganj-south-slope,zone-d,SN-101,0.07,0,0.62,0,0.97,27,-64,96,0,0,0.019,0.018,Normal
1324,2026-02-25T04:00:00.000Z,singareni-s4,zone-d,PZ-401,0.24,0.06,0,0,0.87,21,-83,65,0.006,0,0.05,0.111,Normal
1325,2026-02-25T05:00:00.000Z,singareni-s4,zone-d,EX-201,1.37,0.2,0.24,0.35,0.01,17,-70,86,0.09,1.029,0.233,0.163,Normal
1326,2026-02-25T06:00:00.000Z,raniganj-south-slope,zone-b,SN-101,0.44,0.05,1.08,0.01,0.3,24,-63,75,0.006,0.008,0.106,0.066,Normal
1327,2026-02-25T07:00:00.000Z,korba-west-bench,zone-a,TL-301,0,0,0,0.37,1.02,16,-74,67,0,3.7,0,0.118,Normal
1328,2026-02-25T08:00:00.000Z,raniganj-south-slope,zone-b,SN-101,0,0.18,0,0.15,0.61,26,-85,64,0.045,1.5,0,0.117,Normal
1329,2026-02-25T09:00:00.000Z,raniganj-south-slope,zone-a,EX-201,0.84,0.16,2.28,0,0.54,30,-80,87,0.016,0,0.252,0.097,Normal
1330,2026-02-25T10:00:00.000Z,jharia-open-pit,zone-c,TL-301,0.95,0.07,0.92,0.11,0.91,23,-73,73,0.015,0.108,0.218,0.138,Normal
1331,2026-02-25T11:00:00.000Z,jharia-open-pit,zone-d,SN-101,0.5,0,1.25,0.02,1.04,27,-78,66,0,0.015,0.135,0.131,Normal
1332,2026-02-25T12:00:00.000Z,singareni-s4,zone-c,TL-301,0.59,0.13,0.68,0.27,0.39,34,-65,93,0.048,0.346,0.201,0.118,Normal
1333,2026-02-25T13:00:00.000Z,singareni-s4,zone-d,SN-101,0,0.03,1,0,0.07,24,-74,71,0.003,0,0,0.073,Normal
1334,2026-02-25T14:00:00.000Z,jharia-open-pit,zone-a,SN-101,3.63,0.89,6.86,1.28,2.87,67,-73,62,1.228,0.184,2.432,0.675,Critical
1335,2026-02-25T15:00:00.000Z,jharia-open-pit,zone-d,EX-201,0.81,0.03,0.76,0.06,0.33,24,-69,86,0.005,0.07,0.194,0.165,Normal
1336,2026-02-25T16:00:00.000Z,korba-west-bench,zone-b,PZ-401,0.76,0.17,0.18,0.02,0.51,28,-78,71,0.02,0.071,0.213,0.079,Normal
1337,2026-02-25T17:00:00.000Z,korba-west-bench,zone-a,PZ-401,0.8,0,0.07,0.32,1.6,27,-61,96,0,1.882,0.216,0.103,Normal
1338,2026-02-25T18:00:00.000Z,singareni-s4,zone-a,SN-101,0.71,0,1.12,0,0.56,24,-63,93,0,0,0.17,0.068,Normal
1339,2026-02-25T19:00:00.000Z,singareni-s4,zone-d,EX-201,1.46,0.18,3.59,0.37,1.5,59,-79,66,0.085,0.1,0.861,0.264,Normal
1340,2026-02-25T20:00:00.000Z,raniganj-south-slope,zone-b,SN-101,0,0.08,0.63,0.09,0.87,33,-63,84,0.015,0.123,0,0.06,Normal
1341,2026-02-25T21:00:00.000Z,raniganj-south-slope,zone-d,EX-201,1,0.01,0.53,0.01,0.01,12,-63,68,0.001,0.016,0.12,0.048,Normal
1342,2026-02-25T22:00:00.000Z,jharia-open-pit,zone-b,SN-101,1.86,0.26,3.88,0.49,1.7,50,-75,98,0.153,0.123,0.93,0.356,Warning
1343,2026-02-25T23:00:00.000Z,korba-west-bench,zone-b,PZ-401,1.69,0.35,2.9,0.35,0.75,33,-61,62,0.157,0.117,0.558,0.24,Normal
1344,2026-02-26T00:00:00.000Z,raniganj-south-slope,zone-d,TL-301,0.61,0,1.11,0.18,0.95,17,-60,66,0,0.149,0.104,0.11,Normal
1345,2026-02-26T01:00:00.000Z,korba-west-bench,zone-c,TL-301,1.23,0.18,2.35,0.31,2.09,58,-75,85,0.074,0.127,0.713,0.252,Normal
1346,2026-02-26T02:00:00.000Z,raniganj-south-slope,zone-c,PZ-401,0.47,0.08,0.48,0.17,1.48,28,-68,87,0.022,0.293,0.132,0.166,Normal
1347,2026-02-26T03:00:00.000Z,raniganj-south-slope,zone-c,PZ-401,2.31,0.44,2.17,0.64,1.24,46,-78,88,0.326,0.282,1.063,0.323,Warning
1348,2026-02-26T04:00:00.000Z,raniganj-south-slope,zone-d,SN-101,0.65,0.32,0.52,0,1.07,26,-73,61,0.032,0,0.169,0.121,Normal
1349,2026-02-26T05:00:00.000Z,korba-west-bench,zone-c,TL-301,0.53,0,1.54,0.04,0.78,29,-70,70,0,0.024,0.154,0.118,Normal
1350,2026-02-26T06:00:00.000Z,raniganj-south-slope,zone-d,EX-201,0.08,0.15,1.21,0.22,1.18,28,-83,82,0.048,0.168,0.022,0.079,Normal
1351,2026-02-26T07:00:00.000Z,raniganj-south-slope,zone-a,TL-301,0.41,0.14,0.17,0.07,0.79,14,-71,89,0.024,0.259,0.057,0.11,Normal
1352,2026-02-26T08:00:00.000Z,jharia-open-pit,zone-d,TL-301,0,0,1.97,0.08,0,23,-83,87,0,0.039,0,0.062,Normal
1353,2026-02-26T09:00:00.000Z,korba-west-bench,zone-c,SN-101,0.32,0.05,2.67,0.06,0.06,22,-63,73,0.008,0.022,0.07,0.068,Normal
1354,2026-02-26T10:00:00.000Z,korba-west-bench,zone-b,SN-101,3.43,1.19,6.97,1.12,4.02,63,-83,65,1.452,0.158,2.161,0.708,Critical
1355,2026-02-26T11:00:00.000Z,raniganj-south-slope,zone-d,PZ-401,3.25,0.92,6.75,1.19,3.19,80,-85,89,1.187,0.174,2.6,0.663,Critical
1356,2026-02-26T12:00:00.000Z,singareni-s4,zone-b,TL-301,0,0,0.52,0.26,0,25,-62,71,0,0.419,0,-0.005,Normal
1357,2026-02-26T13:00:00.000Z,raniganj-south-slope,zone-d,SN-101,0.09,0.05,0.05,0.13,0.21,32,-76,96,0.012,0.867,0.029,0.071,Normal
1358,2026-02-26T14:00:00.000Z,korba-west-bench,zone-d,PZ-401,0.32,0.23,0.63,0,0.92,44,-80,96,0.023,0,0.141,0.095,Normal
1359,2026-02-26T15:00:00.000Z,raniganj-south-slope,zone-d,EX-201,0.27,0.02,1.91,0.08,0.14,18,-62,67,0.004,0.04,0.049,0.145,Normal
1360,2026-02-26T16:00:00.000Z,korba-west-bench,zone-c,PZ-401,1.76,0.49,2.76,0.23,1.99,41,-65,96,0.162,0.08,0.722,0.308,Warning
1361,2026-02-26T17:00:00.000Z,jharia-open-pit,zone-b,PZ-401,1.42,0.17,1.26,0.09,0.74,19,-85,65,0.032,0.066,0.27,0.139,Normal
1362,2026-02-26T18:00:00.000Z,jharia-open-pit,zone-d,TL-301,1.52,0.49,3.23,0.73,2.18,46,-82,64,0.407,0.219,0.699,0.377,Warning
1363,2026-02-26T19:00:00.000Z,korba-west-bench,zone-c,SN-101,1.79,0.38,2.66,0.5,1.39,59,-78,70,0.228,0.181,1.056,0.297,Normal
1364,2026-02-26T20:00:00.000Z,korba-west-bench,zone-c,SN-101,3.29,0.79,7.66,1.04,2.81,77,-73,75,0.901,0.134,2.533,0.565,Critical
1365,2026-02-26T21:00:00.000Z,korba-west-bench,zone-a,SN-101,3.24,0.83,8.3,1.18,2.51,61,-76,94,1.062,0.14,1.976,0.572,Critical
1366,2026-02-26T22:00:00.000Z,korba-west-bench,zone-a,EX-201,0.24,0,0,0.12,0.68,25,-76,65,0,1.2,0.06,0.088,Normal
1367,2026-02-26T23:00:00.000Z,singareni-s4,zone-a,EX-201,0.82,0.09,0,0.17,0.68,40,-64,71,0.024,1.7,0.328,0.128,Normal
1368,2026-02-27T00:00:00.000Z,raniganj-south-slope,zone-a,PZ-401,0,0.22,0.85,0.21,0.21,35,-69,74,0.068,0.221,0,0.096,Normal
1369,2026-02-27T01:00:00.000Z,singareni-s4,zone-d,PZ-401,0.3,0.17,0.29,0.09,0.25,22,-82,83,0.032,0.231,0.066,0.019,Normal
1370,2026-02-27T02:00:00.000Z,jharia-open-pit,zone-c,EX-201,2.83,0.56,7.18,1.23,3.41,72,-70,65,0.745,0.169,2.038,0.548,Warning
1371,2026-02-27T03:00:00.000Z,korba-west-bench,zone-c,PZ-401,0.43,0,0.07,0.19,1.28,26,-62,95,0,1.118,0.112,0.116,Normal
1372,2026-02-27T04:00:00.000Z,jharia-open-pit,zone-b,EX-201,1.06,0.4,2.35,0.29,1.47,55,-85,89,0.156,0.118,0.583,0.238,Normal
1373,2026-02-27T05:00:00.000Z,raniganj-south-slope,zone-b,PZ-401,0.88,0,1.27,0.22,1.11,22,-74,73,0,0.161,0.194,0.137,Normal
1374,2026-02-27T06:00:00.000Z,korba-west-bench,zone-a,SN-101,3.7,0.81,8.36,1.09,2.82,72,-81,99,0.964,0.129,2.664,0.619,Critical
1375,2026-02-27T07:00:00.000Z,jharia-open-pit,zone-c,EX-201,1.61,0.09,2.43,0.61,2.1,41,-76,73,0.064,0.241,0.66,0.352,Warning
1376,2026-02-27T08:00:00.000Z,singareni-s4,zone-c,SN-101,1.65,0.37,3.24,0.42,1.5,36,-76,86,0.192,0.126,0.594,0.309,Warning
1377,2026-02-27T09:00:00.000Z,korba-west-bench,zone-d,PZ-401,1.71,0.22,2.95,0.52,2.23,37,-74,94,0.136,0.17,0.633,0.394,Warning
1378,2026-02-27T10:00:00.000Z,singareni-s4,zone-d,SN-101,2.85,0.76,6.32,1.56,2.81,57,-79,91,1.262,0.243,1.624,0.591,Critical
1379,2026-02-27T11:00:00.000Z,jharia-open-pit,zone-b,TL-301,4.36,0.83,7.57,1.33,2.8,69,-62,81,1.187,0.173,3.008,0.638,Critical
1380,2026-02-27T12:00:00.000Z,korba-west-bench,zone-b,PZ-401,1.63,0.32,2.9,0.47,0.5,45,-75,68,0.182,0.157,0.733,0.223,Normal
1381,2026-02-27T13:00:00.000Z,korba-west-bench,zone-d,PZ-401,0.55,0.13,1.04,0.17,0.11,10,-65,64,0.035,0.149,0.055,0.099,Normal
1382,2026-02-27T14:00:00.000Z,jharia-open-pit,zone-a,TL-301,0.28,0,0.12,0,0,19,-60,90,0,0,0.053,0.054,Normal
1383,2026-02-27T15:00:00.000Z,korba-west-bench,zone-c,PZ-401,0.5,0.09,0.81,0,0.43,20,-69,71,0.009,0,0.1,0.055,Normal
1384,2026-02-27T16:00:00.000Z,korba-west-bench,zone-a,EX-201,0.98,0,1.15,0.1,0,24,-73,77,0,0.08,0.235,0.094,Normal
1385,2026-02-27T17:00:00.000Z,singareni-s4,zone-b,PZ-401,0.5,0.36,0.7,0.05,0.64,26,-66,76,0.054,0.063,0.13,0.212,Normal
1386,2026-02-27T18:00:00.000Z,jharia-open-pit,zone-b,PZ-401,0.05,0.14,0.2,0,1.09,25,-75,80,0.014,0,0.013,0.104,Normal
1387,2026-02-27T19:00:00.000Z,jharia-open-pit,zone-b,EX-201,0.77,0.05,0,0.14,0,33,-67,81,0.012,1.4,0.254,0.065,Normal
1388,2026-02-27T20:00:00.000Z,jharia-open-pit,zone-a,PZ-401,1.53,0.43,3.65,0.6,1.38,46,-76,89,0.301,0.16,0.704,0.359,Warning
1389,2026-02-27T21:00:00.000Z,jharia-open-pit,zone-a,EX-201,0.85,0.24,0.73,0.15,0,12,-74,80,0.06,0.181,0.102,0.152,Normal
1390,2026-02-27T22:00:00.000Z,raniganj-south-slope,zone-c,PZ-401,0.98,0.05,0,0.17,0.42,25,-74,70,0.014,1.7,0.245,0.109,Normal
1391,2026-02-27T23:00:00.000Z,singareni-s4,zone-a,EX-201,0,0.04,1.33,0.18,0.69,27,-63,63,0.011,0.126,0,0.086,Normal
1392,2026-02-28T00:00:00.000Z,raniganj-south-slope,zone-b,EX-201,0.35,0.06,1.94,0.24,0.81,34,-71,91,0.02,0.118,0.119,0.19,Normal
1393,2026-02-28T01:00:00.000Z,korba-west-bench,zone-a,TL-301,1.26,0.4,2.48,0.33,2.39,46,-70,89,0.172,0.128,0.58,0.29,Normal
1394,2026-02-28T02:00:00.000Z,jharia-open-pit,zone-a,PZ-401,3.04,0.68,7.11,1.01,3.61,62,-60,89,0.755,0.14,1.885,0.556,Critical
1395,2026-02-28T03:00:00.000Z,jharia-open-pit,zone-c,EX-201,3.74,0.74,5.78,0.95,3.38,70,-61,94,0.777,0.162,2.618,0.637,Critical
1396,2026-02-28T04:00:00.000Z,korba-west-bench,zone-a,SN-101,0.4,0.02,1.04,0.3,0.04,16,-72,84,0.008,0.263,0.064,0.13,Normal
1397,2026-02-28T05:00:00.000Z,raniganj-south-slope,zone-a,TL-301,0.03,0,0,0.1,0.66,18,-62,78,0,1,0.005,0.046,Normal
1398,2026-02-28T06:00:00.000Z,korba-west-bench,zone-d,EX-201,0.79,0.14,0.85,0.02,0.77,26,-75,64,0.017,0.021,0.205,0.183,Normal
1399,2026-02-28T07:00:00.000Z,raniganj-south-slope,zone-b,SN-101,0.44,0,1.43,0.28,0.75,25,-66,99,0,0.183,0.11,0.101,Normal
1400,2026-02-28T08:00:00.000Z,raniganj-south-slope,zone-a,EX-201,0.81,0.13,0.88,0.32,0,11,-85,94,0.055,0.327,0.089,0.08,Normal
1401,2026-02-28T09:00:00.000Z,jharia-open-pit,zone-c,EX-201,0.95,0.13,2.72,0,0,37,-65,91,0.013,0,0.351,0.153,Normal
1402,2026-02-28T10:00:00.000Z,singareni-s4,zone-c,EX-201,0.37,0,2.34,0.17,0.98,24,-63,74,0,0.07,0.089,0.088,Normal
1403,2026-02-28T11:00:00.000Z,raniganj-south-slope,zone-d,PZ-401,0.84,0.1,0.68,0.04,0,28,-61,74,0.014,0.051,0.235,0.13,Normal
1404,2026-02-28T12:00:00.000Z,jharia-open-pit,zone-b,EX-201,3.08,0.64,7.88,1.04,3.77,82,-65,80,0.73,0.13,2.526,0.57,Critical
1405,2026-02-28T13:00:00.000Z,singareni-s4,zone-b,PZ-401,1.03,0.19,0.43,0.21,0.05,20,-70,95,0.059,0.396,0.206,0.102,Normal
1406,2026-02-28T14:00:00.000Z,korba-west-bench,zone-b,PZ-401,0.15,0,1.58,0,0.42,25,-72,79,0,0,0.037,0.122,Normal
1407,2026-02-28T15:00:00.000Z,raniganj-south-slope,zone-c,PZ-401,1.48,0.2,1.79,0.55,1.41,53,-77,72,0.13,0.291,0.784,0.248,Normal
1408,2026-02-28T16:00:00.000Z,korba-west-bench,zone-a,TL-301,3.23,0.92,8.01,1.22,3.84,73,-83,96,1.214,0.15,2.358,0.636,Critical
1409,2026-02-28T17:00:00.000Z,singareni-s4,zone-d,PZ-401,0.86,0.14,0,0.48,0.11,21,-66,85,0.081,4.8,0.181,0.103,Normal
1410,2026-02-28T18:00:00.000Z,jharia-open-pit,zone-d,TL-301,1.7,0.08,2.71,0.49,2.77,39,-63,99,0.047,0.174,0.663,0.155,Normal
1411,2026-02-28T19:00:00.000Z,raniganj-south-slope,zone-b,SN-101,0,0.14,0,0.06,0.32,10,-68,94,0.022,0.6,0,0.073,Normal
1412,2026-02-28T20:00:00.000Z,korba-west-bench,zone-c,EX-201,0.97,0.06,0.79,0.15,1.11,25,-78,91,0.015,0.169,0.242,0.18,Normal
1413,2026-02-28T21:00:00.000Z,singareni-s4,zone-a,SN-101,0.58,0.02,1.77,0.04,0,19,-83,66,0.003,0.021,0.11,0.076,Normal
1414,2026-02-28T22:00:00.000Z,jharia-open-pit,zone-c,EX-201,3,0.83,7.5,1.1,2.84,71,-81,80,0.996,0.145,2.13,0.561,Critical
1415,2026-02-28T23:00:00.000Z,singareni-s4,zone-b,PZ-401,0.27,0,2.5,0.15,0.57,22,-79,72,0,0.058,0.059,0.047,Normal
1416,2026-03-01T00:00:00.000Z,jharia-open-pit,zone-d,EX-201,0.54,0.11,0,0.07,0.79,28,-74,80,0.019,0.7,0.151,0.059,Normal
1417,2026-03-01T01:00:00.000Z,singareni-s4,zone-a,SN-101,3.6,0.69,6.85,1.02,4.02,73,-70,85,0.773,0.147,2.628,0.697,Critical
1418,2026-03-01T02:00:00.000Z,singareni-s4,zone-d,TL-301,0.43,0,0.91,0.07,0.88,18,-75,91,0,0.069,0.077,0.089,Normal
1419,2026-03-01T03:00:00.000Z,raniganj-south-slope,zone-d,PZ-401,0,0,2.02,0,0.52,30,-70,99,0,0,0,0.055,Normal
1420,2026-03-01T04:00:00.000Z,jharia-open-pit,zone-c,TL-301,0.32,0.09,0,0.28,1.14,21,-74,97,0.034,2.8,0.067,0.102,Normal
1421,2026-03-01T05:00:00.000Z,raniganj-south-slope,zone-d,EX-201,0.39,0.14,0.98,0.09,0.78,24,-69,75,0.027,0.083,0.094,0.111,Normal
1422,2026-03-01T06:00:00.000Z,raniganj-south-slope,zone-a,TL-301,0.39,0.13,0.38,0.17,0.91,26,-76,62,0.035,0.354,0.101,0.137,Normal
1423,2026-03-01T07:00:00.000Z,singareni-s4,zone-c,TL-301,0.07,0,1.92,0,0.92,36,-71,73,0,0,0.025,0.006,Normal
1424,2026-03-01T08:00:00.000Z,jharia-open-pit,zone-b,EX-201,1.94,0.42,5.16,0.45,1.61,56,-68,80,0.231,0.086,1.086,0.41,Warning
1425,2026-03-01T09:00:00.000Z,jharia-open-pit,zone-c,TL-301,0.17,0.15,0,0.01,1.11,12,-80,78,0.017,0.1,0.02,0.082,Normal
1426,2026-03-01T10:00:00.000Z,jharia-open-pit,zone-b,SN-101,2.25,0.07,3.34,0.41,1.57,53,-81,92,0.036,0.119,1.193,0.328,Warning
1427,2026-03-01T11:00:00.000Z,singareni-s4,zone-b,SN-101,0.6,0,1.45,0.34,0.09,24,-62,67,0,0.219,0.144,0.046,Normal
1428,2026-03-01T12:00:00.000Z,singareni-s4,zone-a,EX-201,0.35,0.27,0.62,0.15,0.84,30,-75,97,0.068,0.208,0.105,0.133,Normal
1429,2026-03-01T13:00:00.000Z,korba-west-bench,zone-d,PZ-401,1.82,0.3,2.67,0.33,1.85,51,-74,61,0.129,0.119,0.928,0.238,Normal
1430,2026-03-01T14:00:00.000Z,korba-west-bench,zone-d,EX-201,0,0.17,0.48,0.37,0.19,31,-83,62,0.08,0.638,0,0.106,Normal
1431,2026-03-01T15:00:00.000Z,korba-west-bench,zone-c,PZ-401,2.6,0.3,3.13,0.44,1.84,50,-72,80,0.162,0.136,1.3,0.324,Warning
1432,2026-03-01T16:00:00.000Z,korba-west-bench,zone-c,PZ-401,0.46,0.21,0.92,0,0,30,-74,97,0.021,0,0.138,0.097,Normal
1433,2026-03-01T17:00:00.000Z,korba-west-bench,zone-c,EX-201,1.42,0.5,2.95,0.29,2.02,42,-62,81,0.195,0.095,0.596,0.287,Normal
1434,2026-03-01T18:00:00.000Z,singareni-s4,zone-b,PZ-401,1.44,0.41,2.54,0.49,1.61,38,-63,99,0.242,0.186,0.547,0.268,Normal
1435,2026-03-01T19:00:00.000Z,singareni-s4,zone-b,EX-201,0.54,0,0.65,0,0.12,25,-76,82,0,0,0.135,0.082,Normal
1436,2026-03-01T20:00:00.000Z,jharia-open-pit,zone-c,TL-301,0.69,0,1.09,0.04,0.47,14,-73,63,0,0.034,0.097,0.04,Normal
1437,2026-03-01T21:00:00.000Z,jharia-open-pit,zone-d,TL-301,1.41,0.5,2.55,0.52,1.61,48,-75,65,0.31,0.196,0.677,0.336,Warning
1438,2026-03-01T22:00:00.000Z,raniganj-south-slope,zone-b,PZ-401,1.1,0.56,4.7,0.3,2.72,81,-66,70,0.224,0.063,0.891,0.375,Warning
1439,2026-03-01T23:00:00.000Z,singareni-s4,zone-b,PZ-401,3.43,0.75,5.61,0.88,3.33,76,-68,80,0.735,0.154,2.607,0.571,Critical
1440,2026-03-02T00:00:00.000Z,jharia-open-pit,zone-d,TL-301,0.07,0.1,1.58,0.29,1.09,19,-74,89,0.039,0.173,0.013,0.102,Normal
1441,2026-03-02T01:00:00.000Z,singareni-s4,zone-c,EX-201,3.15,0.78,9.04,0.94,2.85,80,-65,97,0.811,0.103,2.52,0.554,Critical
1442,2026-03-02T02:00:00.000Z,korba-west-bench,zone-d,SN-101,0.42,0.06,0.59,0.33,0,38,-71,75,0.026,0.478,0.16,0.123,Normal
1443,2026-03-02T03:00:00.000Z,korba-west-bench,zone-b,SN-101,0,0.15,1.11,0,0.55,19,-76,81,0.015,0,0,0.125,Normal
1444,2026-03-02T04:00:00.000Z,singareni-s4,zone-a,EX-201,0.69,0,1.39,0.14,1.2,26,-79,94,0,0.094,0.179,0.146,Normal
1445,2026-03-02T05:00:00.000Z,jharia-open-pit,zone-c,SN-101,1.4,0,1.82,0,1.15,16,-64,92,0,0,0.224,0.226,Normal
1446,2026-03-02T06:00:00.000Z,korba-west-bench,zone-c,TL-301,0.59,0,0.13,0.23,0.66,22,-77,79,0,1,0.13,0.137,Normal
1447,2026-03-02T07:00:00.000Z,raniganj-south-slope,zone-a,PZ-401,3.52,0.59,6.57,0.88,3.02,61,-74,90,0.578,0.132,2.147,0.531,Warning
1448,2026-03-02T08:00:00.000Z,jharia-open-pit,zone-c,SN-101,0,0.11,0.69,0.05,0.82,15,-75,92,0.017,0.063,0,0.076,Normal
1449,2026-03-02T09:00:00.000Z,singareni-s4,zone-d,EX-201,0.45,0.08,1.15,0.08,0.11,21,-82,92,0.014,0.064,0.095,0.074,Normal
1450,2026-03-02T10:00:00.000Z,jharia-open-pit,zone-c,TL-301,1.56,0.32,4.24,0.43,1.33,59,-83,91,0.17,0.099,0.92,0.274,Normal
1451,2026-03-02T11:00:00.000Z,korba-west-bench,zone-b,PZ-401,1.58,0.47,3.5,0.33,2.26,38,-65,75,0.202,0.092,0.6,0.308,Warning
1452,2026-03-02T12:00:00.000Z,jharia-open-pit,zone-d,PZ-401,0.4,0.12,1.97,0.13,0.41,31,-85,93,0.028,0.063,0.124,0.161,Normal
1453,2026-03-02T13:00:00.000Z,korba-west-bench,zone-b,PZ-401,0.4,0,0.06,0,1.27,30,-71,66,0,0,0.12,0.043,Normal
1454,2026-03-02T14:00:00.000Z,raniganj-south-slope,zone-d,PZ-401,0.64,0.02,1.05,0.12,0.39,26,-62,63,0.004,0.104,0.166,0.083,Normal
1455,2026-03-02T15:00:00.000Z,raniganj-south-slope,zone-c,PZ-401,0.55,0,0.9,0.06,0.17,32,-77,62,0,0.06,0.176,0.124,Normal
1456,2026-03-02T16:00:00.000Z,korba-west-bench,zone-c,TL-301,2.87,0.36,3.26,0.1,1.98,47,-71,71,0.072,0.03,1.349,0.296,Normal
1457,2026-03-02T17:00:00.000Z,korba-west-bench,zone-a,EX-201,0.67,0.11,1.76,0,1.06,24,-75,85,0.011,0,0.161,0.13,Normal
1458,2026-03-02T18:00:00.000Z,singareni-s4,zone-d,SN-101,0.71,0.34,2.99,0.3,1.75,53,-67,81,0.136,0.097,0.376,0.223,Normal
1459,2026-03-02T19:00:00.000Z,jharia-open-pit,zone-a,PZ-401,0.08,0,1.06,0.5,0.66,21,-80,86,0,0.431,0.017,0.134,Normal
1460,2026-03-02T20:00:00.000Z,jharia-open-pit,zone-b,TL-301,0.41,0.29,0.15,0.07,0.54,34,-78,83,0.049,0.28,0.139,0.16,Normal
1461,2026-03-02T21:00:00.000Z,raniganj-south-slope,zone-c,PZ-401,1.13,0.02,0.2,0.2,0.93,19,-69,84,0.006,0.667,0.215,0.108,Normal
1462,2026-03-02T22:00:00.000Z,raniganj-south-slope,zone-a,EX-201,0.02,0,0.58,0.29,1.2,19,-75,71,0,0.426,0.004,0.134,Normal
1463,2026-03-02T23:00:00.000Z,korba-west-bench,zone-c,TL-301,0.18,0,1.78,0.12,0,24,-66,76,0,0.064,0.043,0.077,Normal
1464,2026-03-03T00:00:00.000Z,raniganj-south-slope,zone-b,PZ-401,1.48,0.41,2.9,0.33,1.16,32,-84,61,0.176,0.11,0.474,0.242,Normal
1465,2026-03-03T01:00:00.000Z,raniganj-south-slope,zone-a,TL-301,0.12,0,0.23,0,0.55,27,-81,81,0,0,0.032,0.085,Normal
1466,2026-03-03T02:00:00.000Z,korba-west-bench,zone-a,PZ-401,1.78,0.24,3.12,0.26,1.52,32,-65,83,0.086,0.081,0.57,0.214,Normal
1467,2026-03-03T03:00:00.000Z,raniganj-south-slope,zone-b,PZ-401,2.78,0.83,8.82,1.27,2.98,64,-75,83,1.137,0.142,1.779,0.595,Critical
1468,2026-03-03T04:00:00.000Z,singareni-s4,zone-d,SN-101,3.51,0.75,8.44,1.38,4.15,62,-60,80,1.11,0.162,2.176,0.68,Critical
1469,2026-03-03T05:00:00.000Z,jharia-open-pit,zone-c,EX-201,0.46,0.08,2.17,0.23,0.13,29,-76,100,0.026,0.101,0.133,0.187,Normal
1470,2026-03-03T06:00:00.000Z,korba-west-bench,zone-b,EX-201,1.91,0.29,2.94,0.41,0.73,38,-73,94,0.148,0.135,0.726,0.232,Normal
1471,2026-03-03T07:00:00.000Z,singareni-s4,zone-a,EX-201,0,0.13,0.61,0.07,0,30,-64,61,0.022,0.099,0,0.025,Normal
1472,2026-03-03T08:00:00.000Z,jharia-open-pit,zone-c,EX-201,0.96,0.2,1.6,0.04,1.24,31,-82,69,0.028,0.024,0.298,0.184,Normal
1473,2026-03-03T09:00:00.000Z,korba-west-bench,zone-c,EX-201,0.26,0,1.01,0.3,0.02,28,-72,83,0,0.27,0.073,0.117,Normal
1474,2026-03-03T10:00:00.000Z,korba-west-bench,zone-d,EX-201,0.79,0.06,0.68,0,0.17,21,-81,95,0.006,0,0.166,0.113,Normal
1475,2026-03-03T11:00:00.000Z,raniganj-south-slope,zone-c,TL-301,1.64,0.17,3.71,0.3,2.85,63,-81,89,0.068,0.079,1.033,0.305,Warning
1476,2026-03-03T12:00:00.000Z,korba-west-bench,zone-c,EX-201,3.81,0.81,7.89,1.34,2.83,72,-68,89,1.166,0.168,2.743,0.643,Critical
1477,2026-03-03T13:00:00.000Z,raniganj-south-slope,zone-d,SN-101,4.35,0.79,9.05,1.38,3.29,72,-74,72,1.169,0.151,3.132,0.71,Critical
1478,2026-03-03T14:00:00.000Z,jharia-open-pit,zone-c,TL-301,0.01,0.13,0.82,0.17,0.34,31,-77,73,0.035,0.185,0.003,0.095,Normal
1479,2026-03-03T15:00:00.000Z,raniganj-south-slope,zone-d,EX-201,1.73,0.64,2.96,0.34,2.04,50,-80,96,0.282,0.111,0.865,0.317,Warning
1480,2026-03-03T16:00:00.000Z,singareni-s4,zone-c,PZ-401,1.24,0.27,1.51,0.32,1.73,36,-69,77,0.113,0.199,0.446,0.196,Normal
1481,2026-03-03T17:00:00.000Z,jharia-open-pit,zone-d,TL-301,3.67,0.88,8,1.44,2.81,65,-73,92,1.355,0.178,2.385,0.645,Critical
1482,2026-03-03T18:00:00.000Z,raniganj-south-slope,zone-b,SN-101,0.4,0.16,0.31,0.22,0,30,-73,64,0.051,0.537,0.12,0.142,Normal
1483,2026-03-03T19:00:00.000Z,korba-west-bench,zone-b,SN-101,0.91,0.09,2.44,0.39,0.23,29,-68,73,0.044,0.154,0.264,0.166,Normal
1484,2026-03-03T20:00:00.000Z,korba-west-bench,zone-a,EX-201,1.6,0.06,1.64,0,0.37,35,-65,74,0.006,0,0.56,0.13,Normal
1485,2026-03-03T21:00:00.000Z,jharia-open-pit,zone-d,PZ-401,0.21,0.03,1.04,0.04,0.8,29,-77,97,0.004,0.035,0.061,0.072,Normal
1486,2026-03-03T22:00:00.000Z,korba-west-bench,zone-d,PZ-401,1.48,0.44,4.29,0.44,1.33,53,-73,78,0.238,0.1,0.784,0.395,Warning
1487,2026-03-03T23:00:00.000Z,raniganj-south-slope,zone-d,PZ-401,1.63,0.67,3.51,0.38,2.96,45,-74,75,0.322,0.105,0.733,0.295,Normal
1488,2026-03-04T00:00:00.000Z,singareni-s4,zone-b,EX-201,1.07,0.41,2.4,0.23,2.18,46,-71,82,0.135,0.092,0.492,0.325,Warning
1489,2026-03-04T01:00:00.000Z,jharia-open-pit,zone-a,TL-301,3.21,0.89,9.72,0.92,4.15,56,-72,94,0.908,0.094,1.798,0.683,Critical
1490,2026-03-04T02:00:00.000Z,raniganj-south-slope,zone-c,PZ-401,0.9,0,0.24,0.28,0.16,25,-66,96,0,0.824,0.225,0.103,Normal
1491,2026-03-04T03:00:00.000Z,jharia-open-pit,zone-c,TL-301,0,0.14,0.37,0.09,0,13,-79,85,0.027,0.191,0,0.026,Normal
1492,2026-03-04T04:00:00.000Z,singareni-s4,zone-a,TL-301,0.7,0.06,0.49,0,0.54,15,-81,67,0.006,0,0.105,0.133,Normal
1493,2026-03-04T05:00:00.000Z,singareni-s4,zone-d,EX-201,0.37,0.11,0,0.1,0.34,33,-81,76,0.022,1,0.122,0.106,Normal
1494,2026-03-04T06:00:00.000Z,singareni-s4,zone-b,EX-201,0.24,0,1.43,0,0.83,36,-84,99,0,0,0.086,0.117,Normal
1495,2026-03-04T07:00:00.000Z,raniganj-south-slope,zone-b,EX-201,4,1.06,9.57,1.23,3.47,65,-73,88,1.41,0.127,2.6,0.727,Critical
1496,2026-03-04T08:00:00.000Z,singareni-s4,zone-d,SN-101,0.92,0.15,0.13,0,0.82,10,-76,91,0.015,0,0.092,0.11,Normal
1497,2026-03-04T09:00:00.000Z,raniganj-south-slope,zone-a,EX-201,0.84,0.12,1.45,0,0.34,27,-77,95,0.012,0,0.227,0.027,Normal
1498,2026-03-04T10:00:00.000Z,raniganj-south-slope,zone-c,TL-301,1.98,0.42,2.79,0.66,1.69,45,-63,64,0.319,0.228,0.891,0.294,Normal
1499,2026-03-04T11:00:00.000Z,jharia-open-pit,zone-b,TL-301,0.69,0.05,1.08,0,1.12,23,-75,99,0.005,0,0.159,0.111,Normal
1500,2026-03-04T12:00:00.000Z,raniganj-south-slope,zone-d,TL-301,0.82,0.01,2.2,0.19,0,26,-69,65,0.003,0.083,0.213,0.045,Normal
1501,2026-03-04T13:00:00.000Z,korba-west-bench,zone-d,SN-101,1.09,0.16,0.31,0,1.02,10,-79,96,0.016,0,0.109,0.107,Normal
1502,2026-03-04T14:00:00.000Z,korba-west-bench,zone-c,PZ-401,4.12,0.67,8.28,1.48,2.96,82,-79,64,1.059,0.177,3.378,0.639,Critical
1503,2026-03-04T15:00:00.000Z,raniganj-south-slope,zone-c,PZ-401,0.5,0.24,0,0,0.59,10,-63,89,0.024,0,0.05,0.139,Normal
1504,2026-03-04T16:00:00.000Z,raniganj-south-slope,zone-c,SN-101,0.2,0.22,0.34,0.03,0.8,32,-67,98,0.029,0.068,0.064,0.058,Normal
1505,2026-03-04T17:00:00.000Z,raniganj-south-slope,zone-d,TL-301,3.36,0.92,6.8,1.23,3.6,60,-73,89,1.224,0.178,2.016,0.662,Critical
1506,2026-03-04T18:00:00.000Z,jharia-open-pit,zone-a,TL-301,1.74,0.33,2.9,0.4,1.43,40,-80,89,0.165,0.133,0.696,0.333,Warning
1507,2026-03-04T19:00:00.000Z,jharia-open-pit,zone-a,EX-201,0.21,0,0.7,0.02,0.36,14,-70,72,0,0.025,0.029,0.041,Normal
1508,2026-03-04T20:00:00.000Z,raniganj-south-slope,zone-c,PZ-401,0.26,0,0.95,0.25,0.33,33,-74,66,0,0.238,0.086,0.058,Normal
1509,2026-03-04T21:00:00.000Z,raniganj-south-slope,zone-c,SN-101,4.07,0.89,7.11,0.91,3.95,73,-68,69,0.899,0.126,2.971,0.673,Critical
1510,2026-03-04T22:00:00.000Z,singareni-s4,zone-c,SN-101,2.16,0.4,2.58,0.64,2.55,44,-66,86,0.296,0.239,0.95,0.344,Warning
1511,2026-03-04T23:00:00.000Z,jharia-open-pit,zone-d,TL-301,3.24,0.75,6.43,1.44,3.26,74,-66,95,1.155,0.221,2.398,0.709,Critical
1512,2026-03-05T00:00:00.000Z,singareni-s4,zone-c,EX-201,3.75,0.98,7.92,1.39,3.26,67,-85,88,1.46,0.173,2.513,0.685,Critical
1513,2026-03-05T01:00:00.000Z,korba-west-bench,zone-d,SN-101,0.41,0.09,1.49,0.01,0.63,27,-80,94,0.01,0.006,0.111,0.055,Normal
1514,2026-03-05T02:00:00.000Z,singareni-s4,zone-c,SN-101,0,0.17,1.75,0,1.53,30,-68,73,0.017,0,0,0.082,Normal
1515,2026-03-05T03:00:00.000Z,jharia-open-pit,zone-d,SN-101,0.22,0,1.49,0,0.76,34,-83,75,0,0,0.075,0.102,Normal
1516,2026-03-05T04:00:00.000Z,raniganj-south-slope,zone-a,PZ-401,0.64,0,2.29,0,1.53,15,-71,84,0,0,0.096,0.058,Normal
1517,2026-03-05T05:00:00.000Z,raniganj-south-slope,zone-b,SN-101,1.68,0.37,3.47,0.55,1.54,52,-79,85,0.24,0.154,0.874,0.314,Warning
1518,2026-03-05T06:00:00.000Z,korba-west-bench,zone-c,EX-201,0.13,0.07,0.21,0.09,0.15,16,-73,95,0.013,0.29,0.021,0.005,Normal
1519,2026-03-05T07:00:00.000Z,raniganj-south-slope,zone-b,EX-201,1.16,0.21,3.96,0.28,1.61,40,-77,90,0.08,0.069,0.464,0.25,Normal
1520,2026-03-05T08:00:00.000Z,singareni-s4,zone-a,TL-301,0.34,0.3,0,0,0.22,28,-60,93,0.03,0,0.095,0.083,Normal
1521,2026-03-05T09:00:00.000Z,jharia-open-pit,zone-c,TL-301,1.17,0.38,2.92,0.42,2.24,54,-79,61,0.198,0.139,0.632,0.271,Normal
1522,2026-03-05T10:00:00.000Z,korba-west-bench,zone-a,TL-301,1.47,0.46,3.22,0.28,1.24,60,-79,83,0.175,0.084,0.882,0.363,Warning
1523,2026-03-05T11:00:00.000Z,jharia-open-pit,zone-d,SN-101,1.48,0.36,5.12,0.38,2.37,41,-80,81,0.173,0.073,0.607,0.328,Warning
1524,2026-03-05T12:00:00.000Z,raniganj-south-slope,zone-c,SN-101,0.58,0,0.43,0,0.59,44,-82,82,0,0,0.255,0.078,Normal
1525,2026-03-05T13:00:00.000Z,jharia-open-pit,zone-a,TL-301,2.01,0.26,3.62,0.6,1.34,57,-81,95,0.182,0.161,1.146,0.355,Warning
1526,2026-03-05T14:00:00.000Z,singareni-s4,zone-b,EX-201,3.09,0.72,7.16,1.14,3.71,82,-82,87,0.893,0.157,2.534,0.656,Critical
1527,2026-03-05T15:00:00.000Z,jharia-open-pit,zone-a,TL-301,0.66,0,1.18,0,0.48,23,-77,67,0,0,0.152,0.083,Normal
1528,2026-03-05T16:00:00.000Z,raniganj-south-slope,zone-d,TL-301,1.6,0.3,2.98,0.32,2.02,45,-75,89,0.126,0.104,0.72,0.313,Warning
1529,2026-03-05T17:00:00.000Z,singareni-s4,zone-c,PZ-401,3.67,0.97,7.8,1.3,3.39,73,-66,81,1.358,0.165,2.679,0.682,Critical
1530,2026-03-05T18:00:00.000Z,singareni-s4,zone-d,SN-101,0.32,0.06,0.58,0.05,1.37,22,-84,82,0.009,0.074,0.07,0.132,Normal
1531,2026-03-05T19:00:00.000Z,jharia-open-pit,zone-b,PZ-401,0.17,0.06,2.45,0,1.31,28,-82,87,0.006,0,0.048,0.13,Normal
1532,2026-03-05T20:00:00.000Z,raniganj-south-slope,zone-c,PZ-401,1.32,0.12,1.08,0,0.53,17,-63,98,0.012,0,0.224,0.047,Normal
1533,2026-03-05T21:00:00.000Z,korba-west-bench,zone-d,EX-201,0.45,0,0.09,0.13,0.24,31,-61,79,0,0.684,0.14,0.046,Normal
1534,2026-03-05T22:00:00.000Z,korba-west-bench,zone-c,TL-301,0.03,0,0.82,0.01,0,23,-61,61,0,0.011,0.007,-0.023,Normal
1535,2026-03-05T23:00:00.000Z,singareni-s4,zone-d,SN-101,0.79,0.14,0.95,0.01,0.15,23,-72,74,0.015,0.01,0.182,0.103,Normal
1536,2026-03-06T00:00:00.000Z,jharia-open-pit,zone-b,EX-201,0.62,0.05,0.11,0.12,0.18,31,-77,74,0.011,0.571,0.192,0.05,Normal
1537,2026-03-06T01:00:00.000Z,raniganj-south-slope,zone-d,EX-201,0.09,0.04,1.3,0,0.15,15,-68,72,0.004,0,0.013,0.033,Normal
1538,2026-03-06T02:00:00.000Z,jharia-open-pit,zone-c,TL-301,0.21,0.17,0.88,0.08,0.44,19,-77,81,0.031,0.082,0.04,0.051,Normal
1539,2026-03-06T03:00:00.000Z,singareni-s4,zone-d,PZ-401,1.8,0.44,2.8,0.67,2.02,37,-84,82,0.339,0.231,0.666,0.355,Warning
1540,2026-03-06T04:00:00.000Z,jharia-open-pit,zone-b,SN-101,1.04,0.23,3.47,0.32,0.81,66,-77,96,0.097,0.09,0.686,0.316,Warning
1541,2026-03-06T05:00:00.000Z,korba-west-bench,zone-b,EX-201,0.57,0.25,1.87,0,1.32,17,-80,88,0.025,0,0.097,0.088,Normal
1542,2026-03-06T06:00:00.000Z,singareni-s4,zone-a,TL-301,0,0.04,0.81,0.1,0.99,15,-69,68,0.008,0.11,0,0.089,Normal
1543,2026-03-06T07:00:00.000Z,jharia-open-pit,zone-b,EX-201,0.96,0,0.21,0.22,0.26,24,-75,87,0,0.71,0.23,0.054,Normal
1544,2026-03-06T08:00:00.000Z,jharia-open-pit,zone-b,EX-201,0.19,0,0.5,0.23,0.01,19,-82,91,0,0.383,0.036,-0.024,Normal
1545,2026-03-06T09:00:00.000Z,korba-west-bench,zone-a,TL-301,1.63,0.28,3.09,0.42,1.92,34,-76,76,0.146,0.132,0.554,0.271,Normal
1546,2026-03-06T10:00:00.000Z,singareni-s4,zone-a,TL-301,0.76,0.05,1.39,0,1.08,29,-72,98,0.005,0,0.22,0.11,Normal
1547,2026-03-06T11:00:00.000Z,jharia-open-pit,zone-d,SN-101,0.26,0.03,1.76,0.26,0.01,26,-65,82,0.011,0.14,0.068,0.085,Normal
1548,2026-03-06T12:00:00.000Z,raniganj-south-slope,zone-b,TL-301,1.17,0.45,3.35,0.71,1.74,48,-77,65,0.364,0.206,0.562,0.297,Normal
1549,2026-03-06T13:00:00.000Z,korba-west-bench,zone-d,EX-201,1.71,0.24,3.76,0.56,2.08,55,-77,74,0.158,0.145,0.941,0.428,Warning
1550,2026-03-06T14:00:00.000Z,raniganj-south-slope,zone-d,PZ-401,0,0.04,1.74,0.08,0.5,12,-78,96,0.007,0.043,0,0.021,Normal
1551,2026-03-06T15:00:00.000Z,raniganj-south-slope,zone-c,PZ-401,1.28,0.45,3.35,0.66,2.64,48,-72,69,0.342,0.191,0.614,0.304,Warning
1552,2026-03-06T16:00:00.000Z,jharia-open-pit,zone-d,TL-301,0.46,0.24,0.39,0.08,0.91,29,-82,86,0.043,0.163,0.133,0.179,Normal
1553,2026-03-06T17:00:00.000Z,singareni-s4,zone-b,PZ-401,0.49,0.11,1.14,0,0.57,15,-78,74,0.011,0,0.073,0.094,Normal
1554,2026-03-06T18:00:00.000Z,jharia-open-pit,zone-a,SN-101,0.82,0.37,2.59,0.16,0.75,33,-83,95,0.096,0.059,0.271,0.17,Normal
1555,2026-03-06T19:00:00.000Z,jharia-open-pit,zone-d,EX-201,1.21,0.11,1.06,0,0.8,11,-72,82,0.011,0,0.133,0.138,Normal
1556,2026-03-06T20:00:00.000Z,singareni-s4,zone-a,SN-101,1.12,0,1.19,0.09,1.35,37,-72,74,0,0.07,0.414,0.202,Normal
1557,2026-03-06T21:00:00.000Z,singareni-s4,zone-c,SN-101,0.12,0.13,1.51,0.03,0,35,-66,84,0.017,0.019,0.042,0.074,Normal
1558,2026-03-06T22:00:00.000Z,korba-west-bench,zone-a,EX-201,0,0.17,1.25,0,1.22,17,-73,70,0.017,0,0,0.075,Normal
1559,2026-03-06T23:00:00.000Z,jharia-open-pit,zone-d,TL-301,0.72,0.14,1.03,0.25,0.78,19,-72,79,0.049,0.221,0.137,0.135,Normal
1560,2026-03-07T00:00:00.000Z,korba-west-bench,zone-a,EX-201,0.01,0.08,0.46,0.02,0,21,-69,97,0.01,0.036,0.002,0.094,Normal
1561,2026-03-07T01:00:00.000Z,raniganj-south-slope,zone-c,TL-301,3.24,0.83,8.13,1.21,2.8,63,-62,94,1.087,0.147,2.041,0.648,Critical
1562,2026-03-07T02:00:00.000Z,jharia-open-pit,zone-c,TL-301,0,0,0.73,0.07,0.6,25,-83,73,0,0.084,0,-0.012,Normal
1563,2026-03-07T03:00:00.000Z,jharia-open-pit,zone-a,TL-301,0.88,0,2.47,0,1.18,32,-68,100,0,0,0.282,0.07,Normal
1564,2026-03-07T04:00:00.000Z,singareni-s4,zone-d,SN-101,0.34,0.07,0.62,0,0,20,-61,89,0.007,0,0.068,0.029,Normal
1565,2026-03-07T05:00:00.000Z,raniganj-south-slope,zone-a,EX-201,0.12,0,0.68,0,0.21,24,-71,84,0,0,0.029,0.058,Normal
1566,2026-03-07T06:00:00.000Z,jharia-open-pit,zone-a,TL-301,0.87,0.12,3.04,0.15,0.75,21,-78,96,0.03,0.048,0.183,0.108,Normal
1567,2026-03-07T07:00:00.000Z,raniganj-south-slope,zone-b,TL-301,0.02,0.1,0.52,0,0.44,23,-72,64,0.01,0,0.005,0.005,Normal
1568,2026-03-07T08:00:00.000Z,jharia-open-pit,zone-d,TL-301,3.5,0.94,8.23,1.05,3.12,70,-73,98,1.081,0.126,2.45,0.655,Critical
1569,2026-03-07T09:00:00.000Z,korba-west-bench,zone-d,PZ-401,0.23,0.27,0.25,0.1,0.73,21,-64,61,0.054,0.286,0.048,0.103,Normal
1570,2026-03-07T10:00:00.000Z,jharia-open-pit,zone-c,PZ-401,3.04,0.78,7.88,1.33,3.86,56,-75,61,1.115,0.167,1.702,0.581,Critical
1571,2026-03-07T11:00:00.000Z,raniganj-south-slope,zone-a,TL-301,0.43,0.17,0.6,0.22,0.9,20,-63,70,0.054,0.314,0.086,0.036,Normal
1572,2026-03-07T12:00:00.000Z,korba-west-bench,zone-c,SN-101,0.51,0.08,1.04,0.26,0.66,28,-74,91,0.029,0.228,0.143,0.07,Normal
1573,2026-03-07T13:00:00.000Z,korba-west-bench,zone-c,SN-101,3.88,1,8.43,1.14,4.33,72,-60,88,1.24,0.134,2.794,0.68,Critical
1574,2026-03-07T14:00:00.000Z,singareni-s4,zone-d,PZ-401,0.47,0.28,0.49,0.13,1.14,35,-78,81,0.064,0.22,0.164,0.092,Normal
1575,2026-03-07T15:00:00.000Z,raniganj-south-slope,zone-b,PZ-401,0.24,0.19,0.2,0.15,0.35,32,-73,75,0.048,0.5,0.077,0.107,Normal
1576,2026-03-07T16:00:00.000Z,korba-west-bench,zone-b,TL-301,0,0.13,0.15,0.11,1.39,22,-83,78,0.027,0.44,0,0.055,Normal
1577,2026-03-07T17:00:00.000Z,raniganj-south-slope,zone-d,PZ-401,0.89,0.27,0.56,0.09,0.33,23,-83,96,0.051,0.136,0.205,0.102,Normal
1578,2026-03-07T18:00:00.000Z,singareni-s4,zone-b,PZ-401,0.37,0.12,0,0.05,0.28,14,-67,81,0.018,0.5,0.052,0.08,Normal
1579,2026-03-07T19:00:00.000Z,korba-west-bench,zone-b,SN-101,3.81,1.09,7.8,1.29,3.23,82,-73,66,1.515,0.163,3.124,0.666,Critical
1580,2026-03-07T20:00:00.000Z,korba-west-bench,zone-c,TL-301,0.34,0,1.26,0.09,0.64,23,-70,68,0,0.066,0.078,0.082,Normal
1581,2026-03-07T21:00:00.000Z,singareni-s4,zone-d,SN-101,1.64,0.34,3.54,0.34,2.5,38,-64,92,0.15,0.093,0.623,0.224,Normal
1582,2026-03-07T22:00:00.000Z,jharia-open-pit,zone-d,EX-201,1.75,0.26,4.65,0.37,2,60,-83,61,0.122,0.078,1.05,0.333,Warning
1583,2026-03-07T23:00:00.000Z,singareni-s4,zone-b,EX-201,3.94,1.03,6.85,1.06,3.97,86,-80,80,1.195,0.153,3.388,0.713,Critical
1584,2026-03-08T00:00:00.000Z,raniganj-south-slope,zone-a,EX-201,0.41,0.16,1.93,0,0.28,19,-64,74,0.016,0,0.078,0.037,Normal
1585,2026-03-08T01:00:00.000Z,jharia-open-pit,zone-d,SN-101,0,0.19,1.44,0.17,0.81,21,-84,64,0.051,0.11,0,0.11,Normal
1586,2026-03-08T02:00:00.000Z,korba-west-bench,zone-c,PZ-401,0.1,0.02,1.59,0,0.07,28,-63,96,0.002,0,0.028,-0.015,Normal
1587,2026-03-08T03:00:00.000Z,korba-west-bench,zone-c,TL-301,0.25,0.1,1.02,0,1.23,21,-79,77,0.01,0,0.052,0.118,Normal
1588,2026-03-08T04:00:00.000Z,singareni-s4,zone-a,TL-301,0,0.12,1.31,0.18,0.55,35,-80,91,0.034,0.128,0,0.081,Normal
1589,2026-03-08T05:00:00.000Z,jharia-open-pit,zone-a,SN-101,0.59,0.18,0.64,0.17,0.1,18,-71,100,0.049,0.23,0.106,0.067,Normal
1590,2026-03-08T06:00:00.000Z,korba-west-bench,zone-b,TL-301,0.43,0.13,1.71,0.04,0,18,-78,88,0.018,0.022,0.077,0.084,Normal
1591,2026-03-08T07:00:00.000Z,singareni-s4,zone-a,PZ-401,0.33,0.12,1.81,0.19,1.11,33,-63,94,0.035,0.099,0.109,0.109,Normal
1592,2026-03-08T08:00:00.000Z,jharia-open-pit,zone-d,PZ-401,0,0,0.34,0.17,0.75,26,-76,71,0,0.386,0,0.048,Normal
1593,2026-03-08T09:00:00.000Z,jharia-open-pit,zone-a,TL-301,0.21,0.11,0.23,0.21,0.65,27,-68,90,0.034,0.636,0.057,0.08,Normal
1594,2026-03-08T10:00:00.000Z,singareni-s4,zone-d,SN-101,1.43,0.35,3.34,0.46,2.48,45,-75,69,0.196,0.134,0.643,0.269,Normal
1595,2026-03-08T11:00:00.000Z,raniganj-south-slope,zone-a,SN-101,0.78,0.07,1.04,0.07,0.44,26,-68,98,0.012,0.061,0.203,0.176,Normal
1596,2026-03-08T12:00:00.000Z,raniganj-south-slope,zone-a,EX-201,0.99,0,1.31,0.31,0.2,12,-75,87,0,0.22,0.119,0.091,Normal
1597,2026-03-08T13:00:00.000Z,singareni-s4,zone-a,PZ-401,1.68,0.29,2.35,0.38,2.72,56,-61,71,0.139,0.155,0.941,0.302,Warning
1598,2026-03-08T14:00:00.000Z,raniganj-south-slope,zone-b,EX-201,0.32,0.15,1.58,0,0.26,23,-82,63,0.015,0,0.074,0.116,Normal
1599,2026-03-08T15:00:00.000Z,raniganj-south-slope,zone-c,SN-101,0,0,0.48,0.02,0.36,21,-75,93,0,0.034,0,0.025,Normal
1600,2026-03-08T16:00:00.000Z,raniganj-south-slope,zone-a,TL-301,0.76,0,1.12,0.24,0.8,24,-66,82,0,0.197,0.182,0.122,Normal
1601,2026-03-08T17:00:00.000Z,raniganj-south-slope,zone-d,EX-201,2.08,0.52,4.2,0,1.05,30,-64,78,0.052,0,0.624,0.344,Warning
1602,2026-03-08T18:00:00.000Z,jharia-open-pit,zone-b,PZ-401,0.63,0,0.59,0.33,0.87,17,-61,91,0,0.478,0.107,0.103,Normal
1603,2026-03-08T19:00:00.000Z,raniganj-south-slope,zone-c,PZ-401,0.46,0.04,1.08,0.26,0.76,28,-83,73,0.014,0.22,0.129,0.039,Normal
1604,2026-03-08T20:00:00.000Z,jharia-open-pit,zone-d,EX-201,0.82,0,1.86,0,0.72,26,-73,87,0,0,0.213,0.133,Normal
1605,2026-03-08T21:00:00.000Z,jharia-open-pit,zone-d,PZ-401,0,0,0.71,0.12,0.36,45,-81,86,0,0.148,0,0.038,Normal
1606,2026-03-08T22:00:00.000Z,jharia-open-pit,zone-a,SN-101,0.55,0.13,1.32,0.07,0.76,28,-61,86,0.022,0.049,0.154,0.151,Normal
1607,2026-03-08T23:00:00.000Z,raniganj-south-slope,zone-c,SN-101,1.68,0.36,2.46,0.61,1.72,45,-72,67,0.256,0.238,0.756,0.28,Normal
1608,2026-03-09T00:00:00.000Z,singareni-s4,zone-b,TL-301,0.58,0.16,1.98,0.1,0.08,20,-71,61,0.032,0.048,0.116,0.101,Normal
1609,2026-03-09T01:00:00.000Z,raniganj-south-slope,zone-d,TL-301,1.98,0.18,3.37,0.18,1.94,46,-80,80,0.05,0.052,0.911,0.289,Normal
1610,2026-03-09T02:00:00.000Z,jharia-open-pit,zone-c,EX-201,0.18,0.39,0.81,0.2,0.87,16,-82,85,0.117,0.22,0.029,0.165,Normal
1611,2026-03-09T03:00:00.000Z,singareni-s4,zone-a,SN-101,3.48,0.9,6.74,1.25,3.33,79,-78,92,1.215,0.183,2.749,0.718,Critical
1612,2026-03-09T04:00:00.000Z,korba-west-bench,zone-a,TL-301,0.39,0.11,0.41,0.06,0.09,24,-62,83,0.018,0.118,0.094,0.03,Normal
1613,2026-03-09T05:00:00.000Z,singareni-s4,zone-b,TL-301,0.48,0,1.38,0.16,1.34,40,-74,74,0,0.108,0.192,0.161,Normal
1614,2026-03-09T06:00:00.000Z,jharia-open-pit,zone-b,EX-201,4.06,0.72,6.46,1.25,3.52,61,-67,66,0.972,0.191,2.477,0.591,Critical
1615,2026-03-09T07:00:00.000Z,singareni-s4,zone-a,EX-201,1.34,0.27,2.92,0.32,1.92,58,-66,99,0.113,0.106,0.777,0.299,Normal
1616,2026-03-09T08:00:00.000Z,jharia-open-pit,zone-b,PZ-401,1.17,0.22,3.1,0.54,2.2,50,-71,97,0.141,0.169,0.585,0.224,Normal
1617,2026-03-09T09:00:00.000Z,jharia-open-pit,zone-c,PZ-401,0.92,0.2,1.42,0,0.42,23,-63,67,0.02,0,0.212,0.134,Normal
1618,2026-03-09T10:00:00.000Z,raniganj-south-slope,zone-d,PZ-401,3.22,0.7,8.17,1.38,2.79,86,-63,76,1.036,0.167,2.769,0.7,Critical
1619,2026-03-09T11:00:00.000Z,singareni-s4,zone-d,PZ-401,0.66,0.15,0.15,0.18,0.58,25,-79,99,0.042,0.72,0.165,0.09,Normal
1620,2026-03-09T12:00:00.000Z,raniganj-south-slope,zone-a,SN-101,0.61,0.26,1.04,0.02,1.23,33,-77,74,0.031,0.018,0.201,0.175,Normal
1621,2026-03-09T13:00:00.000Z,raniganj-south-slope,zone-c,TL-301,0.86,0,0.19,0.34,0.1,16,-75,96,0,1.172,0.138,0.048,Normal
1622,2026-03-09T14:00:00.000Z,raniganj-south-slope,zone-b,TL-301,3.47,0.75,8.59,1.15,3.85,74,-74,61,0.938,0.132,2.568,0.616,Critical
1623,2026-03-09T15:00:00.000Z,jharia-open-pit,zone-d,PZ-401,0.35,0.2,0.89,0.02,0,28,-66,79,0.024,0.02,0.098,0.131,Normal
1624,2026-03-09T16:00:00.000Z,singareni-s4,zone-b,PZ-401,0.61,0.02,2.72,0.17,1.13,43,-83,84,0.005,0.06,0.262,0.122,Normal
1625,2026-03-09T17:00:00.000Z,jharia-open-pit,zone-d,PZ-401,0.71,0.32,1.62,0.05,0,18,-73,77,0.048,0.029,0.128,0.131,Normal
1626,2026-03-09T18:00:00.000Z,raniganj-south-slope,zone-c,TL-301,2.26,0.44,2.64,0.44,3,70,-80,90,0.238,0.161,1.582,0.335,Warning
1627,2026-03-09T19:00:00.000Z,raniganj-south-slope,zone-b,TL-301,0.83,0,1.24,0.11,1.37,35,-68,91,0,0.082,0.29,0.166,Normal
1628,2026-03-09T20:00:00.000Z,jharia-open-pit,zone-a,EX-201,0.75,0.04,1.2,0,0,34,-85,90,0.004,0,0.255,0.114,Normal
1629,2026-03-09T21:00:00.000Z,jharia-open-pit,zone-b,SN-101,0.59,0.05,0.1,0,0.82,15,-72,65,0.005,0,0.088,0.077,Normal
1630,2026-03-09T22:00:00.000Z,korba-west-bench,zone-a,SN-101,0,0,1.89,0.2,0.62,16,-73,77,0,0.101,0,0.011,Normal
1631,2026-03-09T23:00:00.000Z,raniganj-south-slope,zone-b,SN-101,0.69,0.05,0.37,0.29,0.46,19,-66,100,0.02,0.617,0.131,0.158,Normal
1632,2026-03-10T00:00:00.000Z,raniganj-south-slope,zone-b,EX-201,1.61,0.62,3.37,0.36,1.96,59,-84,91,0.285,0.104,0.95,0.409,Warning
1633,2026-03-10T01:00:00.000Z,jharia-open-pit,zone-b,TL-301,0.15,0.22,1.82,0.39,0.97,39,-63,61,0.108,0.203,0.058,0.14,Normal
1634,2026-03-10T02:00:00.000Z,jharia-open-pit,zone-a,TL-301,0.83,0,0.33,0.2,0.53,25,-80,92,0,0.465,0.207,0.104,Normal
1635,2026-03-10T03:00:00.000Z,jharia-open-pit,zone-d,SN-101,0.3,0.04,1.29,0.32,0.26,32,-66,62,0.017,0.23,0.096,0.034,Normal
1636,2026-03-10T04:00:00.000Z,korba-west-bench,zone-c,SN-101,0.63,0,0,0.05,0.77,19,-84,70,0,0.5,0.12,0.041,Normal
1637,2026-03-10T05:00:00.000Z,raniganj-south-slope,zone-d,PZ-401,1.92,0.42,5.82,0.5,2.88,65,-84,64,0.252,0.084,1.248,0.427,Warning
1638,2026-03-10T06:00:00.000Z,korba-west-bench,zone-c,SN-101,1.58,0.28,2.92,0.32,1.3,48,-68,78,0.118,0.106,0.758,0.229,Normal
1639,2026-03-10T07:00:00.000Z,raniganj-south-slope,zone-b,PZ-401,0,0,1.26,0,0.31,20,-70,61,0,0,0,0.067,Normal
1640,2026-03-10T08:00:00.000Z,jharia-open-pit,zone-a,EX-201,0.69,0.07,0.86,0.04,1.77,20,-65,97,0.01,0.042,0.138,0.127,Normal
1641,2026-03-10T09:00:00.000Z,korba-west-bench,zone-d,PZ-401,1.51,0.43,3.62,0.41,1.99,43,-75,62,0.219,0.11,0.649,0.24,Normal
1642,2026-03-10T10:00:00.000Z,singareni-s4,zone-a,EX-201,2.84,0.78,7.81,1.28,2.98,61,-82,75,1.076,0.162,1.732,0.515,Warning
1643,2026-03-10T11:00:00.000Z,korba-west-bench,zone-c,PZ-401,0,0,0.64,0.05,0.44,28,-70,86,0,0.068,0,-0.02,Normal
1644,2026-03-10T12:00:00.000Z,raniganj-south-slope,zone-d,SN-101,3.67,0.87,7.24,0.92,3.23,64,-67,71,0.887,0.125,2.349,0.629,Critical
1645,2026-03-10T13:00:00.000Z,singareni-s4,zone-d,PZ-401,0.39,0.3,1.97,0.15,0.24,22,-67,73,0.075,0.072,0.086,0.172,Normal
1646,2026-03-10T14:00:00.000Z,singareni-s4,zone-b,TL-301,0.31,0.15,0.13,0.23,0,24,-78,93,0.05,1,0.074,0.119,Normal
1647,2026-03-10T15:00:00.000Z,jharia-open-pit,zone-a,EX-201,0.32,0.09,0.31,0.08,0,31,-69,67,0.016,0.195,0.099,0.086,Normal
1648,2026-03-10T16:00:00.000Z,jharia-open-pit,zone-c,SN-101,1.38,0.43,1.18,0.48,1.62,59,-61,63,0.249,0.375,0.814,0.277,Normal
1649,2026-03-10T17:00:00.000Z,raniganj-south-slope,zone-d,TL-301,1.79,0.41,2.59,0.47,1.42,37,-64,90,0.234,0.175,0.662,0.298,Normal
1650,2026-03-10T18:00:00.000Z,singareni-s4,zone-a,SN-101,1.08,0,1.85,0.09,0.58,36,-72,67,0,0.046,0.389,0.14,Normal
1651,2026-03-10T19:00:00.000Z,korba-west-bench,zone-d,PZ-401,0.51,0,0.38,0.19,0,20,-72,66,0,0.396,0.102,0.07,Normal
1652,2026-03-10T20:00:00.000Z,jharia-open-pit,zone-a,EX-201,0.06,0.16,2.22,0.41,0.56,17,-62,98,0.082,0.177,0.01,0.052,Normal
1653,2026-03-10T21:00:00.000Z,jharia-open-pit,zone-d,EX-201,0.93,0.15,0.68,0,0.36,31,-75,67,0.015,0,0.288,0.122,Normal
1654,2026-03-10T22:00:00.000Z,raniganj-south-slope,zone-b,EX-201,3.63,0.92,5.64,1.3,3.87,65,-75,72,1.288,0.226,2.36,0.709,Critical
1655,2026-03-10T23:00:00.000Z,raniganj-south-slope,zone-b,EX-201,0.41,0.15,1.33,0.1,1.08,13,-73,94,0.03,0.07,0.053,0.107,Normal
1656,2026-03-11T00:00:00.000Z,raniganj-south-slope,zone-d,PZ-401,3.48,0.97,7.38,1.37,3.08,74,-76,96,1.426,0.183,2.575,0.636,Critical
1657,2026-03-11T01:00:00.000Z,korba-west-bench,zone-b,EX-201,3.44,0.82,8.36,1.07,2.51,64,-68,77,0.959,0.126,2.202,0.589,Critical
1658,2026-03-11T02:00:00.000Z,singareni-s4,zone-a,EX-201,0.81,0.4,3.52,0.25,1.79,52,-62,69,0.14,0.069,0.421,0.245,Normal
1659,2026-03-11T03:00:00.000Z,korba-west-bench,zone-d,PZ-401,1.49,0.45,3.23,0.51,1.69,59,-82,96,0.275,0.153,0.879,0.268,Normal
1660,2026-03-11T04:00:00.000Z,jharia-open-pit,zone-c,PZ-401,0,0.1,1.58,0.16,0.05,20,-69,65,0.026,0.095,0,0.067,Normal
1661,2026-03-11T05:00:00.000Z,jharia-open-pit,zone-a,TL-301,2.44,0.28,2.71,0.55,2.38,43,-80,86,0.182,0.196,1.049,0.315,Warning
1662,2026-03-11T06:00:00.000Z,singareni-s4,zone-b,SN-101,0.67,0,0.65,0.31,0.89,21,-67,95,0,0.413,0.141,0.083,Normal
1663,2026-03-11T07:00:00.000Z,korba-west-bench,zone-d,PZ-401,0.39,0.27,0.39,0,0.51,22,-72,81,0.027,0,0.086,0.101,Normal
1664,2026-03-11T08:00:00.000Z,jharia-open-pit,zone-a,TL-301,0.28,0,2.05,0.2,0.88,19,-83,97,0,0.093,0.053,0.084,Normal
1665,2026-03-11T09:00:00.000Z,raniganj-south-slope,zone-d,EX-201,1.44,0.06,2.69,0.19,1.82,51,-70,98,0.017,0.068,0.734,0.159,Normal
1666,2026-03-11T10:00:00.000Z,singareni-s4,zone-b,EX-201,0.95,0.05,1.56,0.31,1.04,17,-80,74,0.021,0.187,0.162,0.081,Normal
1667,2026-03-11T11:00:00.000Z,jharia-open-pit,zone-b,EX-201,1.14,0,1.33,0.25,0.71,36,-69,79,0,0.175,0.41,0.19,Normal
1668,2026-03-11T12:00:00.000Z,jharia-open-pit,zone-d,TL-301,0.52,0.07,0,0.02,1.7,27,-65,96,0.008,0.2,0.14,0.071,Normal
1669,2026-03-11T13:00:00.000Z,jharia-open-pit,zone-d,SN-101,1.08,0.48,4.36,0.45,1.28,47,-62,98,0.264,0.101,0.508,0.274,Normal
1670,2026-03-11T14:00:00.000Z,singareni-s4,zone-c,TL-301,3.97,0.86,9.23,1.18,2.37,66,-75,97,1.101,0.126,2.62,0.634,Critical
1671,2026-03-11T15:00:00.000Z,korba-west-bench,zone-d,EX-201,0.02,0.05,1.26,0,1.07,18,-65,82,0.005,0,0.004,0.09,Normal
1672,2026-03-11T16:00:00.000Z,raniganj-south-slope,zone-d,EX-201,0.93,0.01,1.09,0.03,0.77,16,-68,74,0.001,0.025,0.149,0.144,Normal
1673,2026-03-11T17:00:00.000Z,jharia-open-pit,zone-c,SN-101,0.54,0.02,0,0,0.32,32,-65,95,0.002,0,0.173,0.056,Normal
1674,2026-03-11T18:00:00.000Z,raniganj-south-slope,zone-c,PZ-401,0.32,0,1.22,0.14,1.03,39,-77,87,0,0.106,0.125,0.063,Normal
1675,2026-03-11T19:00:00.000Z,singareni-s4,zone-d,EX-201,1.05,0,0.8,0.04,0.94,11,-60,95,0,0.044,0.116,0.101,Normal
1676,2026-03-11T20:00:00.000Z,singareni-s4,zone-d,SN-101,0,0,0.42,0.3,1,20,-75,71,0,0.577,0,0.09,Normal
1677,2026-03-11T21:00:00.000Z,korba-west-bench,zone-c,EX-201,0.71,0.13,1.53,0,0.55,33,-74,98,0.013,0,0.234,0.046,Normal
1678,2026-03-11T22:00:00.000Z,korba-west-bench,zone-d,PZ-401,0.66,0.27,0.08,0.38,0.36,12,-68,99,0.13,2.111,0.079,0.184,Normal
1679,2026-03-11T23:00:00.000Z,jharia-open-pit,zone-d,SN-101,0,0.27,2.26,0.2,0.11,23,-75,89,0.081,0.085,0,0.142,Normal
1680,2026-03-12T00:00:00.000Z,jharia-open-pit,zone-b,EX-201,0.61,0.31,0.43,0,1.05,28,-82,78,0.031,0,0.171,0.151,Normal
1681,2026-03-12T01:00:00.000Z,korba-west-bench,zone-b,PZ-401,1.61,0.05,1.26,0.06,0.47,21,-81,87,0.008,0.044,0.338,0.175,Normal
1682,2026-03-12T02:00:00.000Z,singareni-s4,zone-d,PZ-401,1.13,0,0.59,0.14,0.74,23,-79,88,0,0.203,0.26,0.115,Normal
1683,2026-03-12T03:00:00.000Z,korba-west-bench,zone-a,TL-301,0,0,0.74,0.14,0.83,28,-69,77,0,0.167,0,0.044,Normal
1684,2026-03-12T04:00:00.000Z,singareni-s4,zone-b,TL-301,0.64,0,0.64,0,0.5,21,-78,81,0,0,0.134,0.087,Normal
1685,2026-03-12T05:00:00.000Z,singareni-s4,zone-a,SN-101,4.1,0.95,7.08,1.15,3.41,71,-84,84,1.188,0.16,2.911,0.679,Critical
1686,2026-03-12T06:00:00.000Z,raniganj-south-slope,zone-a,TL-301,1.33,0.29,3.67,0.08,2.67,33,-76,67,0.052,0.021,0.439,0.206,Normal
1687,2026-03-12T07:00:00.000Z,singareni-s4,zone-c,SN-101,2.85,0.84,7.41,1.25,3.63,82,-66,78,1.134,0.166,2.337,0.618,Critical
1688,2026-03-12T08:00:00.000Z,korba-west-bench,zone-a,SN-101,0.4,0.23,1.42,0,0.31,20,-79,76,0.023,0,0.08,0.104,Normal
1689,2026-03-12T09:00:00.000Z,korba-west-bench,zone-a,EX-201,0.51,0.09,0.41,0.3,0,22,-61,70,0.036,0.588,0.112,0.1,Normal
1690,2026-03-12T10:00:00.000Z,jharia-open-pit,zone-b,EX-201,0,0.07,0,0,0.61,25,-81,92,0.007,0,0,0.051,Normal
1691,2026-03-12T11:00:00.000Z,jharia-open-pit,zone-b,SN-101,1.77,0.29,2.25,0.4,2.04,58,-76,75,0.145,0.17,1.027,0.251,Normal
1692,2026-03-12T12:00:00.000Z,singareni-s4,zone-b,EX-201,0.07,0,0.93,0.26,0.26,29,-72,97,0,0.252,0.02,0.025,Normal
1693,2026-03-12T13:00:00.000Z,raniganj-south-slope,zone-b,TL-301,0.95,0.19,1.38,0.22,0.33,35,-77,93,0.061,0.149,0.332,0.117,Normal
1694,2026-03-12T14:00:00.000Z,jharia-open-pit,zone-d,PZ-401,0,0.03,0,0,1.11,16,-76,72,0.003,0,0,0.017,Normal
1695,2026-03-12T15:00:00.000Z,jharia-open-pit,zone-b,PZ-401,0.58,0,1.17,0,1.15,21,-62,94,0,0,0.122,0.054,Normal
1696,2026-03-12T16:00:00.000Z,singareni-s4,zone-c,PZ-401,0.59,0.18,0.3,0,0.96,20,-64,99,0.018,0,0.118,0.175,Normal
1697,2026-03-12T17:00:00.000Z,korba-west-bench,zone-c,TL-301,4.05,1.01,6.21,1.32,3.76,68,-62,99,1.434,0.209,2.754,0.703,Critical
1698,2026-03-12T18:00:00.000Z,korba-west-bench,zone-c,SN-101,1.42,0.18,3.6,0.75,2.11,46,-63,68,0.153,0.203,0.653,0.283,Normal
1699,2026-03-12T19:00:00.000Z,raniganj-south-slope,zone-c,TL-301,3.84,0.71,7.66,0.99,2.45,74,-78,96,0.774,0.128,2.842,0.599,Critical
1700,2026-03-12T20:00:00.000Z,singareni-s4,zone-c,TL-301,4.2,0.67,6.93,1.01,3.29,62,-71,60,0.744,0.144,2.604,0.663,Critical
1701,2026-03-12T21:00:00.000Z,raniganj-south-slope,zone-c,EX-201,0.56,0.02,0.89,0,0.53,13,-74,74,0.002,0,0.073,-0.033,Normal
1702,2026-03-12T22:00:00.000Z,singareni-s4,zone-b,SN-101,1.76,0.49,4.25,0.62,2.22,40,-63,63,0.353,0.143,0.704,0.418,Warning
1703,2026-03-12T23:00:00.000Z,raniganj-south-slope,zone-b,SN-101,1.67,0.5,1.85,0.69,2.59,49,-80,89,0.395,0.354,0.818,0.418,Warning
1704,2026-03-13T00:00:00.000Z,jharia-open-pit,zone-b,TL-301,0.38,0.04,1.87,0,0.16,30,-68,89,0.004,0,0.114,0.054,Normal
1705,2026-03-13T01:00:00.000Z,korba-west-bench,zone-b,TL-301,0.59,0.02,0.32,0.18,0.34,23,-67,84,0.006,0.429,0.136,0.112,Normal
1706,2026-03-13T02:00:00.000Z,korba-west-bench,zone-d,PZ-401,0.26,0.03,1.49,0,0.89,26,-72,76,0.003,0,0.068,0.087,Normal
1707,2026-03-13T03:00:00.000Z,jharia-open-pit,zone-b,PZ-401,0.86,0,0,0.1,0.82,24,-72,96,0,1,0.206,0.097,Normal
1708,2026-03-13T04:00:00.000Z,jharia-open-pit,zone-c,SN-101,3.62,0.89,7.62,1.23,4.2,70,-64,71,1.184,0.159,2.534,0.656,Critical
1709,2026-03-13T05:00:00.000Z,korba-west-bench,zone-a,TL-301,3.78,0.67,8.13,1.06,2.7,76,-64,91,0.777,0.129,2.873,0.629,Critical
1710,2026-03-13T06:00:00.000Z,korba-west-bench,zone-a,PZ-401,0.33,0.11,0.88,0.15,0.3,19,-66,64,0.028,0.153,0.063,0.05,Normal
1711,2026-03-13T07:00:00.000Z,jharia-open-pit,zone-a,PZ-401,1.49,0.16,2.69,0.31,2.62,41,-66,94,0.066,0.111,0.611,0.281,Normal
1712,2026-03-13T08:00:00.000Z,korba-west-bench,zone-b,SN-101,0.99,0.06,0.42,0.06,0.59,19,-75,64,0.01,0.115,0.188,0.021,Normal
1713,2026-03-13T09:00:00.000Z,singareni-s4,zone-a,SN-101,0,0,0.93,0.02,0.77,14,-77,79,0,0.019,0,-0.027,Normal
1714,2026-03-13T10:00:00.000Z,korba-west-bench,zone-c,PZ-401,0.51,0,0,0.08,0.35,20,-66,81,0,0.8,0.102,0.053,Normal
1715,2026-03-13T11:00:00.000Z,raniganj-south-slope,zone-d,SN-101,0.4,0.02,0,0.25,0.87,16,-74,95,0.007,2.5,0.064,0.154,Normal
1716,2026-03-13T12:00:00.000Z,jharia-open-pit,zone-a,PZ-401,0.28,0.33,0.83,0.28,0.24,23,-81,65,0.125,0.301,0.064,0.115,Normal
1717,2026-03-13T13:00:00.000Z,jharia-open-pit,zone-a,EX-201,0.39,0.11,0.12,0.02,0.33,19,-83,70,0.013,0.091,0.074,0.097,Normal
1718,2026-03-13T14:00:00.000Z,singareni-s4,zone-c,SN-101,0.6,0.03,0.57,0.04,0.1,31,-79,97,0.004,0.06,0.186,0.003,Normal
1719,2026-03-13T15:00:00.000Z,korba-west-bench,zone-b,TL-301,0,0.17,0.53,0.16,0.49,30,-64,70,0.044,0.254,0,0.132,Normal
1720,2026-03-13T16:00:00.000Z,korba-west-bench,zone-b,SN-101,3.02,0.93,6.55,1.3,3.01,71,-61,99,1.302,0.195,2.144,0.619,Critical
1721,2026-03-13T17:00:00.000Z,raniganj-south-slope,zone-d,EX-201,0.16,0.13,0.29,0,1.37,37,-71,67,0.013,0,0.059,0.176,Normal
1722,2026-03-13T18:00:00.000Z,jharia-open-pit,zone-a,EX-201,1.53,0.37,3.22,0.58,1.1,43,-74,65,0.252,0.175,0.658,0.294,Normal
1723,2026-03-13T19:00:00.000Z,jharia-open-pit,zone-a,EX-201,0,0.05,0.7,0,0.18,27,-60,64,0.005,0,0,-0.015,Normal
1724,2026-03-13T20:00:00.000Z,jharia-open-pit,zone-d,SN-101,0.85,0.24,1.34,0.11,0.65,23,-67,74,0.05,0.076,0.196,0.124,Normal
1725,2026-03-13T21:00:00.000Z,raniganj-south-slope,zone-b,EX-201,3.28,0.78,7.64,1.16,3.37,76,-70,63,0.983,0.15,2.493,0.637,Critical
1726,2026-03-13T22:00:00.000Z,raniganj-south-slope,zone-b,EX-201,0.4,0.05,0.02,0.28,0,26,-81,74,0.019,2.333,0.104,0.102,Normal
1727,2026-03-13T23:00:00.000Z,singareni-s4,zone-a,PZ-401,1.43,0.48,2.63,0.56,0.86,35,-68,88,0.317,0.205,0.5,0.299,Normal
1728,2026-03-14T00:00:00.000Z,raniganj-south-slope,zone-b,SN-101,1.71,0.1,4.12,0.53,1.28,39,-73,98,0.063,0.126,0.667,0.279,Normal
1729,2026-03-14T01:00:00.000Z,raniganj-south-slope,zone-c,SN-101,0.17,0.06,1.19,0,0.09,32,-69,62,0.006,0,0.054,0.073,Normal
1730,2026-03-14T02:00:00.000Z,raniganj-south-slope,zone-c,EX-201,0.73,0.05,0,0.14,0.42,29,-83,62,0.012,1.4,0.212,0.104,Normal
1731,2026-03-14T03:00:00.000Z,singareni-s4,zone-a,TL-301,1.74,0.17,3.55,0.34,1.21,45,-67,69,0.075,0.093,0.783,0.281,Normal
1732,2026-03-14T04:00:00.000Z,singareni-s4,zone-d,PZ-401,0.65,0.07,0.37,0.31,1.31,22,-82,84,0.029,0.66,0.143,0.085,Normal
1733,2026-03-14T05:00:00.000Z,raniganj-south-slope,zone-b,EX-201,1.06,0.17,2.98,0.22,1.87,36,-70,96,0.054,0.071,0.382,0.194,Normal
1734,2026-03-14T06:00:00.000Z,korba-west-bench,zone-d,PZ-401,0.66,0,1.71,0.26,0.47,17,-69,92,0,0.144,0.112,0.095,Normal
1735,2026-03-14T07:00:00.000Z,jharia-open-pit,zone-a,TL-301,0.46,0,0,0.14,0.42,24,-72,64,0,1.4,0.11,0.073,Normal
1736,2026-03-14T08:00:00.000Z,raniganj-south-slope,zone-a,EX-201,1.52,0.08,1.96,0.58,1.58,36,-65,86,0.054,0.282,0.547,0.233,Normal
1737,2026-03-14T09:00:00.000Z,jharia-open-pit,zone-c,EX-201,1.06,0.06,1.67,0.34,0,16,-66,90,0.026,0.192,0.17,0.106,Normal
1738,2026-03-14T10:00:00.000Z,korba-west-bench,zone-c,SN-101,4.45,0.81,7.96,1.22,3.49,67,-62,71,1.069,0.151,2.982,0.685,Critical
1739,2026-03-14T11:00:00.000Z,korba-west-bench,zone-b,SN-101,0,0.11,0,0.02,1.34,20,-69,81,0.013,0.2,0,0.062,Normal
1740,2026-03-14T12:00:00.000Z,raniganj-south-slope,zone-a,PZ-401,0.37,0,2.23,0.17,0,25,-67,94,0,0.073,0.092,0.089,Normal
1741,2026-03-14T13:00:00.000Z,jharia-open-pit,zone-b,SN-101,1.65,0.5,3.22,0.46,1.54,40,-75,61,0.28,0.139,0.66,0.283,Normal
1742,2026-03-14T14:00:00.000Z,korba-west-bench,zone-b,SN-101,1.06,0.12,0.54,0.14,1.3,15,-65,83,0.029,0.219,0.159,0.16,Normal
1743,2026-03-14T15:00:00.000Z,korba-west-bench,zone-c,TL-301,0.41,0.11,0.01,0.41,0.87,23,-72,70,0.056,3.727,0.094,0.158,Normal
1744,2026-03-14T16:00:00.000Z,jharia-open-pit,zone-c,EX-201,0,0.23,1.62,0.08,0.25,29,-69,98,0.041,0.047,0,0.057,Normal
1745,2026-03-14T17:00:00.000Z,raniganj-south-slope,zone-c,PZ-401,3.19,1,6.55,0.96,2.9,73,-71,61,1.06,0.144,2.329,0.609,Critical
1746,2026-03-14T18:00:00.000Z,singareni-s4,zone-c,EX-201,1.07,0.04,0,0.14,0,29,-72,63,0.01,1.4,0.31,0.037,Normal
1747,2026-03-14T19:00:00.000Z,singareni-s4,zone-a,EX-201,0,0.01,0.08,0,0.95,17,-70,96,0.001,0,0,0.082,Normal
1748,2026-03-14T20:00:00.000Z,raniganj-south-slope,zone-d,TL-301,0.63,0.12,1.54,0.01,0.19,28,-63,71,0.013,0.006,0.176,0.115,Normal
1749,2026-03-14T21:00:00.000Z,singareni-s4,zone-d,TL-301,0.6,0.23,0.19,0.47,0.22,39,-64,92,0.131,1.621,0.234,0.153,Normal
1750,2026-03-14T22:00:00.000Z,jharia-open-pit,zone-c,TL-301,3.61,1.01,7.6,1.37,3.03,73,-78,78,1.485,0.178,2.635,0.734,Critical
1751,2026-03-14T23:00:00.000Z,korba-west-bench,zone-c,SN-101,0.38,0.04,0,0.03,1.27,33,-84,76,0.005,0.3,0.125,0.011,Normal
1752,2026-03-15T00:00:00.000Z,korba-west-bench,zone-b,EX-201,0.99,0.29,2.52,0.38,0.98,49,-79,89,0.139,0.145,0.485,0.262,Normal
1753,2026-03-15T01:00:00.000Z,raniganj-south-slope,zone-c,PZ-401,0.31,0.22,0.94,0,1.09,21,-80,85,0.022,0,0.065,0.109,Normal
1754,2026-03-15T02:00:00.000Z,jharia-open-pit,zone-a,PZ-401,1.2,0.29,3.48,0.61,1.14,65,-76,72,0.206,0.17,0.78,0.296,Normal
1755,2026-03-15T03:00:00.000Z,jharia-open-pit,zone-b,TL-301,0.28,0.18,0,0.38,0,30,-83,88,0.086,3.8,0.084,0.103,Normal
1756,2026-03-15T04:00:00.000Z,singareni-s4,zone-a,SN-101,3.55,0.97,7.88,1.17,2.93,86,-77,62,1.232,0.147,3.053,0.692,Critical
1757,2026-03-15T05:00:00.000Z,korba-west-bench,zone-d,TL-301,3.25,0.8,8.21,1.17,3.26,74,-60,76,1.016,0.141,2.405,0.714,Critical
1758,2026-03-15T06:00:00.000Z,raniganj-south-slope,zone-c,TL-301,0,0.04,0.72,0,0.56,24,-61,99,0.004,0,0,0.099,Normal
1759,2026-03-15T07:00:00.000Z,singareni-s4,zone-c,EX-201,3.23,0.92,8.07,1.08,3.48,70,-70,85,1.086,0.132,2.261,0.635,Critical
1760,2026-03-15T08:00:00.000Z,jharia-open-pit,zone-b,SN-101,4.09,0.9,6.2,1.42,2.76,60,-83,63,1.368,0.225,2.454,0.623,Critical
1761,2026-03-15T09:00:00.000Z,korba-west-bench,zone-d,TL-301,0.83,0,0.54,0,0.79,25,-84,85,0,0,0.207,0.122,Normal
1762,2026-03-15T10:00:00.000Z,korba-west-bench,zone-c,PZ-401,0,0.2,0,0,0.02,36,-76,76,0.02,0,0,0.007,Normal
1763,2026-03-15T11:00:00.000Z,singareni-s4,zone-b,PZ-401,3.72,0.99,6.46,1.1,3.54,81,-70,97,1.188,0.168,3.013,0.624,Critical
1764,2026-03-15T12:00:00.000Z,korba-west-bench,zone-a,TL-301,0.65,0.06,0.29,0,0.34,25,-80,84,0.006,0,0.163,0.033,Normal
1765,2026-03-15T13:00:00.000Z,jharia-open-pit,zone-d,PZ-401,0,0,1.93,0.23,0.47,14,-60,66,0,0.113,0,0.028,Normal
1766,2026-03-15T14:00:00.000Z,jharia-open-pit,zone-b,PZ-401,0.37,0,0.27,0.28,0.47,29,-67,64,0,0.757,0.107,0.033,Normal
1767,2026-03-15T15:00:00.000Z,singareni-s4,zone-c,TL-301,0.48,0.03,0,0.09,0.5,28,-79,81,0.006,0.9,0.134,0.079,Normal
1768,2026-03-15T16:00:00.000Z,singareni-s4,zone-b,PZ-401,0.85,0.3,0,0.29,0.36,28,-69,67,0.117,2.9,0.238,0.11,Normal
1769,2026-03-15T17:00:00.000Z,jharia-open-pit,zone-d,EX-201,1.46,0.09,3.45,0.76,1.5,40,-84,85,0.077,0.214,0.584,0.164,Normal
1770,2026-03-15T18:00:00.000Z,jharia-open-pit,zone-b,PZ-401,1.89,0.53,3.18,0.19,1.15,40,-72,61,0.154,0.058,0.756,0.29,Normal
1771,2026-03-15T19:00:00.000Z,raniganj-south-slope,zone-d,SN-101,0.29,0.05,2,0,0.25,17,-71,95,0.005,0,0.049,0.142,Normal
1772,2026-03-15T20:00:00.000Z,raniganj-south-slope,zone-a,TL-301,3.68,1.01,6.86,1.17,3.36,58,-76,72,1.283,0.168,2.134,0.567,Critical
1773,2026-03-15T21:00:00.000Z,jharia-open-pit,zone-c,PZ-401,0.48,0,0.72,0.11,0.65,17,-60,66,0,0.134,0.082,0.126,Normal
1774,2026-03-15T22:00:00.000Z,raniganj-south-slope,zone-a,PZ-401,0,0.03,1.66,0.24,0.71,18,-77,87,0.01,0.136,0,0.163,Normal
1775,2026-03-15T23:00:00.000Z,jharia-open-pit,zone-b,TL-301,2.05,0.19,3.02,0.65,1.58,41,-72,76,0.143,0.208,0.84,0.26,Normal
1776,2026-03-16T00:00:00.000Z,korba-west-bench,zone-b,TL-301,0.27,0.05,1.61,0.07,0.83,37,-79,77,0.009,0.041,0.1,0.083,Normal
1777,2026-03-16T01:00:00.000Z,korba-west-bench,zone-c,PZ-401,3.32,0.8,7.98,0.99,3.82,63,-77,89,0.872,0.123,2.092,0.697,Critical
1778,2026-03-16T02:00:00.000Z,singareni-s4,zone-a,PZ-401,0.87,0,0,0.2,0,33,-84,82,0,2,0.287,0.104,Normal
1779,2026-03-16T03:00:00.000Z,raniganj-south-slope,zone-c,EX-201,0.39,0.04,0.98,0.1,1.04,24,-69,79,0.008,0.093,0.094,0.078,Normal
1780,2026-03-16T04:00:00.000Z,jharia-open-pit,zone-b,SN-101,0.09,0,1.75,0,0,34,-60,64,0,0,0.031,0.076,Normal
1781,2026-03-16T05:00:00.000Z,singareni-s4,zone-d,SN-101,1.85,0.41,2.96,0.48,1.5,42,-62,67,0.238,0.157,0.777,0.301,Warning
1782,2026-03-16T06:00:00.000Z,singareni-s4,zone-b,EX-201,0.06,0.04,1,0,0.98,18,-66,91,0.004,0,0.011,0.105,Normal
1783,2026-03-16T07:00:00.000Z,raniganj-south-slope,zone-c,EX-201,0.3,0.15,0,0.26,0,23,-74,66,0.054,2.6,0.069,0.011,Normal
1784,2026-03-16T08:00:00.000Z,jharia-open-pit,zone-a,SN-101,0.48,0.3,0,0,1.1,22,-71,84,0.03,0,0.106,0.063,Normal
1785,2026-03-16T09:00:00.000Z,korba-west-bench,zone-b,TL-301,3.78,0.89,8.07,1.47,3.13,91,-61,76,1.397,0.18,3.44,0.713,Critical
1786,2026-03-16T10:00:00.000Z,raniganj-south-slope,zone-d,SN-101,0.27,0.03,0.55,0.12,0.51,29,-80,79,0.007,0.185,0.078,0.094,Normal
1787,2026-03-16T11:00:00.000Z,korba-west-bench,zone-a,PZ-401,0.16,0.1,0,0,1.17,29,-71,97,0.01,0,0.046,0.108,Normal
1788,2026-03-16T12:00:00.000Z,jharia-open-pit,zone-d,SN-101,0.83,0.07,0.16,0,1.23,30,-63,87,0.007,0,0.249,0.092,Normal
1789,2026-03-16T13:00:00.000Z,raniganj-south-slope,zone-a,SN-101,0.45,0,0.91,0.01,1.11,26,-64,86,0,0.01,0.117,0.129,Normal
1790,2026-03-16T14:00:00.000Z,singareni-s4,zone-b,PZ-401,0.15,0.05,1.67,0.17,0.56,10,-68,77,0.014,0.096,0.015,0.089,Normal
1791,2026-03-16T15:00:00.000Z,jharia-open-pit,zone-d,TL-301,0.55,0.06,1.32,0.24,0.24,24,-83,68,0.02,0.169,0.132,0.041,Normal
1792,2026-03-16T16:00:00.000Z,jharia-open-pit,zone-c,TL-301,0.17,0.08,0,0,1.67,36,-70,67,0.008,0,0.061,0.13,Normal
1793,2026-03-16T17:00:00.000Z,jharia-open-pit,zone-a,PZ-401,3.46,1.04,7.66,1.16,3.19,71,-76,64,1.31,0.149,2.457,0.674,Critical
1794,2026-03-16T18:00:00.000Z,korba-west-bench,zone-b,EX-201,0.56,0.08,0.44,0.19,0.44,34,-83,70,0.023,0.352,0.19,0.044,Normal
1795,2026-03-16T19:00:00.000Z,jharia-open-pit,zone-d,SN-101,0.23,0.09,0,0.26,0.56,20,-84,80,0.032,2.6,0.046,0.045,Normal
1796,2026-03-16T20:00:00.000Z,korba-west-bench,zone-b,EX-201,3.28,0.73,8.67,1.44,2.62,60,-66,95,1.124,0.164,1.968,0.621,Critical
1797,2026-03-16T21:00:00.000Z,singareni-s4,zone-c,TL-301,0.4,0,0,0.15,1.43,34,-65,93,0,1.5,0.136,0.096,Normal
1798,2026-03-16T22:00:00.000Z,jharia-open-pit,zone-a,TL-301,0.15,0.22,0.41,0.08,0.58,35,-84,80,0.04,0.157,0.052,0.057,Normal
1799,2026-03-16T23:00:00.000Z,singareni-s4,zone-a,TL-301,1.23,0,1.75,0.37,1.09,24,-77,79,0,0.2,0.295,0.248,Normal
1800,2026-03-17T00:00:00.000Z,jharia-open-pit,zone-a,SN-101,0.5,0,1.26,0,0.02,30,-77,95,0,0,0.15,0.072,Normal
1801,2026-03-17T01:00:00.000Z,singareni-s4,zone-c,TL-301,1.67,0.27,2.37,0.67,1.54,41,-85,68,0.208,0.271,0.685,0.309,Warning
1802,2026-03-17T02:00:00.000Z,raniganj-south-slope,zone-d,SN-101,3.06,0.81,7.54,1.06,2.75,71,-65,74,0.94,0.139,2.173,0.623,Critical
1803,2026-03-17T03:00:00.000Z,raniganj-south-slope,zone-d,SN-101,0.16,0.09,0.87,0.1,0.33,10,-83,82,0.018,0.103,0.016,0.025,Normal
1804,2026-03-17T04:00:00.000Z,raniganj-south-slope,zone-c,TL-301,4.42,0.85,7.73,1.14,2.99,76,-73,97,1.054,0.146,3.359,0.681,Critical
1805,2026-03-17T05:00:00.000Z,korba-west-bench,zone-a,PZ-401,0.91,0.15,1.31,0.07,1.29,26,-65,62,0.026,0.05,0.237,0.153,Normal
1806,2026-03-17T06:00:00.000Z,singareni-s4,zone-d,EX-201,0.64,0,1.22,0,1.2,37,-61,71,0,0,0.237,0.143,Normal
1807,2026-03-17T07:00:00.000Z,korba-west-bench,zone-a,EX-201,2.76,0.74,6.11,1.19,2.82,77,-84,74,0.955,0.192,2.125,0.626,Critical
1808,2026-03-17T08:00:00.000Z,jharia-open-pit,zone-d,TL-301,1.07,0.08,1.29,0.25,1.12,33,-77,66,0.028,0.18,0.353,0.193,Normal
1809,2026-03-17T09:00:00.000Z,singareni-s4,zone-d,PZ-401,1.74,0.22,3.55,0.33,2.18,47,-81,63,0.095,0.09,0.818,0.262,Normal
1810,2026-03-17T10:00:00.000Z,raniganj-south-slope,zone-a,TL-301,0.13,0.11,0.71,0.03,0.59,14,-73,66,0.014,0.037,0.018,0.121,Normal
1811,2026-03-17T11:00:00.000Z,jharia-open-pit,zone-c,TL-301,0.9,0.08,2.44,0.2,0,26,-72,90,0.024,0.079,0.234,0.143,Normal
1812,2026-03-17T12:00:00.000Z,korba-west-bench,zone-a,TL-301,0.13,0.08,0,0.22,0.22,16,-75,66,0.026,2.2,0.021,0.043,Normal
1813,2026-03-17T13:00:00.000Z,jharia-open-pit,zone-a,PZ-401,1.56,0.27,2.17,0.54,2.6,40,-64,83,0.173,0.238,0.624,0.306,Warning
1814,2026-03-17T14:00:00.000Z,jharia-open-pit,zone-c,PZ-401,1.35,0.41,3.64,0.6,1.6,51,-76,66,0.287,0.16,0.689,0.362,Warning
1815,2026-03-17T15:00:00.000Z,jharia-open-pit,zone-d,TL-301,2.1,0.63,2.39,0.57,1.54,46,-73,62,0.422,0.229,0.966,0.315,Warning
1816,2026-03-17T16:00:00.000Z,raniganj-south-slope,zone-c,PZ-401,2.96,0.84,6.75,1.27,3.61,59,-66,75,1.151,0.185,1.746,0.619,Critical
1817,2026-03-17T17:00:00.000Z,raniganj-south-slope,zone-c,EX-201,0.9,0.08,1.08,0.28,0.6,21,-84,70,0.03,0.237,0.189,0.143,Normal
1818,2026-03-17T18:00:00.000Z,raniganj-south-slope,zone-a,TL-301,0.77,0.38,2.18,0.46,1.79,56,-65,80,0.213,0.202,0.431,0.3,Warning
1819,2026-03-17T19:00:00.000Z,singareni-s4,zone-b,TL-301,0.27,0.1,1.39,0.1,0.99,14,-76,83,0.02,0.067,0.038,0.079,Normal
1820,2026-03-17T20:00:00.000Z,korba-west-bench,zone-a,EX-201,1.49,0.41,2.78,0.96,1.32,50,-85,84,0.435,0.333,0.745,0.274,Normal
1821,2026-03-17T21:00:00.000Z,korba-west-bench,zone-a,SN-101,1.75,0.41,2.81,0.66,1.59,51,-82,67,0.312,0.227,0.893,0.332,Warning
1822,2026-03-17T22:00:00.000Z,singareni-s4,zone-d,PZ-401,3.43,0.84,6.52,1.22,4.16,84,-62,75,1.109,0.184,2.881,0.61,Critical
1823,2026-03-17T23:00:00.000Z,raniganj-south-slope,zone-a,SN-101,0.67,0.01,1.3,0,0.37,30,-78,92,0.001,0,0.201,0.12,Normal
1824,2026-03-18T00:00:00.000Z,raniganj-south-slope,zone-b,TL-301,0,0,2.43,0.37,1.08,10,-81,81,0,0.146,0,0.086,Normal
1825,2026-03-18T01:00:00.000Z,jharia-open-pit,zone-a,PZ-401,0.62,0.19,0.59,0.05,0.83,28,-83,66,0.029,0.072,0.174,0.149,Normal
1826,2026-03-18T02:00:00.000Z,jharia-open-pit,zone-b,PZ-401,0,0.32,0.84,0.03,0.18,21,-62,94,0.042,0.032,0,0.053,Normal
1827,2026-03-18T03:00:00.000Z,singareni-s4,zone-d,SN-101,3.56,0.81,8.04,1.47,3.9,78,-69,81,1.272,0.181,2.777,0.765,Critical
1828,2026-03-18T04:00:00.000Z,singareni-s4,zone-d,TL-301,0.21,0.04,0.51,0.14,0.43,19,-70,84,0.01,0.23,0.04,0.037,Normal
1829,2026-03-18T05:00:00.000Z,raniganj-south-slope,zone-d,PZ-401,0.61,0.01,0.73,0,0,18,-81,80,0.001,0,0.11,0.097,Normal
1830,2026-03-18T06:00:00.000Z,jharia-open-pit,zone-a,EX-201,1.04,0.3,3.68,0.34,2.31,53,-61,94,0.132,0.09,0.551,0.276,Normal
1831,2026-03-18T07:00:00.000Z,raniganj-south-slope,zone-c,PZ-401,0.7,0.27,0,0.34,0,18,-81,97,0.119,3.4,0.126,0.065,Normal
1832,2026-03-18T08:00:00.000Z,korba-west-bench,zone-b,PZ-401,3.25,0.82,7.99,1.15,3.64,72,-61,78,1.025,0.142,2.34,0.676,Critical
1833,2026-03-18T09:00:00.000Z,raniganj-south-slope,zone-d,TL-301,1.41,0.13,4.72,0.5,0.92,60,-76,77,0.078,0.104,0.846,0.246,Normal
1834,2026-03-18T10:00:00.000Z,singareni-s4,zone-a,TL-301,1.49,0.43,3.82,0.34,2.37,51,-67,97,0.189,0.087,0.76,0.273,Normal
1835,2026-03-18T11:00:00.000Z,korba-west-bench,zone-d,TL-301,0.35,0.1,0,0.14,1.09,10,-82,76,0.024,1.4,0.035,0.015,Normal
1836,2026-03-18T12:00:00.000Z,jharia-open-pit,zone-a,SN-101,0.19,0.05,0,0.18,1.17,29,-70,99,0.014,1.8,0.055,0.087,Normal
1837,2026-03-18T13:00:00.000Z,korba-west-bench,zone-b,PZ-401,0.11,0.09,0.54,0,0.12,25,-72,74,0.009,0,0.028,0.079,Normal
1838,2026-03-18T14:00:00.000Z,raniganj-south-slope,zone-b,TL-301,0.38,0,0,0.14,0.53,36,-69,64,0,1.4,0.137,0.035,Normal
1839,2026-03-18T15:00:00.000Z,korba-west-bench,zone-a,PZ-401,0.76,0.38,0,0.22,0.35,25,-77,75,0.122,2.2,0.19,0.204,Normal
1840,2026-03-18T16:00:00.000Z,singareni-s4,zone-b,PZ-401,0.75,0.03,2.79,0.33,0,16,-79,62,0.013,0.114,0.12,0.108,Normal
1841,2026-03-18T17:00:00.000Z,korba-west-bench,zone-d,PZ-401,0.27,0.16,0.68,0,0.62,12,-66,67,0.016,0,0.032,0.119,Normal
1842,2026-03-18T18:00:00.000Z,korba-west-bench,zone-a,PZ-401,1.41,0.51,3.84,0.21,1.33,44,-70,90,0.158,0.053,0.62,0.298,Normal
1843,2026-03-18T19:00:00.000Z,singareni-s4,zone-b,PZ-401,1.26,0.32,1.5,0.45,1.06,35,-77,69,0.176,0.281,0.441,0.226,Normal
1844,2026-03-18T20:00:00.000Z,korba-west-bench,zone-c,TL-301,3.03,0.92,7.39,1.04,2.68,65,-82,68,1.049,0.139,1.97,0.643,Critical
1845,2026-03-18T21:00:00.000Z,raniganj-south-slope,zone-a,TL-301,0.94,0,0,0,0.09,27,-73,84,0,0,0.254,0.085,Normal
1846,2026-03-18T22:00:00.000Z,jharia-open-pit,zone-b,TL-301,2.16,0.41,2.48,0.46,2.85,40,-77,64,0.23,0.178,0.864,0.308,Warning
1847,2026-03-18T23:00:00.000Z,raniganj-south-slope,zone-b,TL-301,0,0.14,0.27,0,0,27,-66,69,0.014,0,0,0.036,Normal
1848,2026-03-19T00:00:00.000Z,raniganj-south-slope,zone-c,TL-301,3.28,0.83,8.98,1.29,3.18,75,-82,63,1.154,0.142,2.46,0.679,Critical
1849,2026-03-19T01:00:00.000Z,singareni-s4,zone-c,TL-301,1.92,0.2,2.57,0.66,2.41,58,-72,68,0.152,0.247,1.114,0.269,Normal
1850,2026-03-19T02:00:00.000Z,jharia-open-pit,zone-b,TL-301,1.13,0.2,3.43,0.44,1.9,55,-74,87,0.108,0.125,0.621,0.321,Warning
1851,2026-03-19T03:00:00.000Z,singareni-s4,zone-c,TL-301,0.32,0.04,1.59,0,0.18,38,-82,77,0.004,0,0.122,0.116,Normal
1852,2026-03-19T04:00:00.000Z,korba-west-bench,zone-b,EX-201,0.55,0,0,0.21,0.3,22,-83,70,0,2.1,0.121,0.129,Normal
1853,2026-03-19T05:00:00.000Z,raniganj-south-slope,zone-c,PZ-401,1.27,0.2,1.51,0,0.57,17,-67,87,0.02,0,0.216,0.202,Normal
1854,2026-03-19T06:00:00.000Z,raniganj-south-slope,zone-d,TL-301,0.07,0.15,0.93,0,0,33,-74,67,0.015,0,0.023,0.025,Normal
1855,2026-03-19T07:00:00.000Z,jharia-open-pit,zone-b,PZ-401,3.87,0.86,9.07,1.22,3.13,74,-66,89,1.135,0.133,2.864,0.653,Critical
1856,2026-03-19T08:00:00.000Z,jharia-open-pit,zone-b,TL-301,3.36,0.97,8.17,0.96,3.68,63,-82,70,1.028,0.116,2.117,0.684,Critical
1857,2026-03-19T09:00:00.000Z,raniganj-south-slope,zone-d,SN-101,0.2,0.2,1.1,0,0.3,37,-62,62,0.02,0,0.074,0.116,Normal
1858,2026-03-19T10:00:00.000Z,raniganj-south-slope,zone-b,PZ-401,3.16,0.88,7.6,1,3.57,50,-85,88,0.968,0.13,1.58,0.607,Critical
1859,2026-03-19T11:00:00.000Z,korba-west-bench,zone-d,PZ-401,4.28,0.82,6.96,1.33,4.65,76,-68,64,1.173,0.188,3.253,0.666,Critical
1860,2026-03-19T12:00:00.000Z,korba-west-bench,zone-c,PZ-401,2.08,0.24,3.7,0.31,2.19,47,-74,75,0.098,0.082,0.978,0.287,Normal
1861,2026-03-19T13:00:00.000Z,jharia-open-pit,zone-a,SN-101,0.46,0.05,2.27,0.17,0.61,25,-71,84,0.014,0.072,0.115,0.047,Normal
1862,2026-03-19T14:00:00.000Z,jharia-open-pit,zone-b,EX-201,0.01,0,1.59,0.2,0.31,24,-80,77,0,0.118,0.002,0.02,Normal
1863,2026-03-19T15:00:00.000Z,raniganj-south-slope,zone-b,PZ-401,0.35,0.07,0.45,0.13,1.35,35,-69,68,0.016,0.236,0.122,0.093,Normal
1864,2026-03-19T16:00:00.000Z,jharia-open-pit,zone-b,SN-101,0.62,0.1,0.23,0,0.65,30,-78,62,0.01,0,0.186,0.097,Normal
1865,2026-03-19T17:00:00.000Z,korba-west-bench,zone-c,TL-301,3.86,0.86,6.94,0.97,4,83,-82,76,0.92,0.138,3.204,0.609,Critical
1866,2026-03-19T18:00:00.000Z,jharia-open-pit,zone-d,SN-101,2.66,0.61,8.54,1.32,3.38,74,-75,86,0.866,0.153,1.968,0.577,Critical
1867,2026-03-19T19:00:00.000Z,korba-west-bench,zone-b,EX-201,3.49,0.8,7.51,1.02,3.22,78,-61,87,0.896,0.134,2.722,0.573,Critical
1868,2026-03-19T20:00:00.000Z,singareni-s4,zone-d,TL-301,0.4,0,0,0,0,29,-74,73,0,0,0.116,-0.003,Normal
1869,2026-03-19T21:00:00.000Z,raniganj-south-slope,zone-b,TL-301,0.1,0.23,0.81,0,1.15,17,-76,71,0.023,0,0.017,0.112,Normal
1870,2026-03-19T22:00:00.000Z,jharia-open-pit,zone-d,EX-201,0.25,0,1.76,0.38,0.7,39,-82,99,0,0.204,0.098,0.124,Normal
1871,2026-03-19T23:00:00.000Z,singareni-s4,zone-c,PZ-401,1.07,0.03,1.33,0,0.34,24,-85,87,0.003,0,0.257,0.09,Normal
1872,2026-03-20T00:00:00.000Z,jharia-open-pit,zone-b,SN-101,0,0,1.7,0.22,0.28,10,-61,74,0,0.122,0,0.111,Normal
1873,2026-03-20T01:00:00.000Z,korba-west-bench,zone-b,PZ-401,1.17,0.13,0.17,0.2,0,26,-63,79,0.039,0.741,0.304,0.138,Normal
1874,2026-03-20T02:00:00.000Z,korba-west-bench,zone-c,EX-201,2.31,0.73,8.55,1.05,2.86,59,-85,80,0.84,0.121,1.363,0.531,Warning
1875,2026-03-20T03:00:00.000Z,raniganj-south-slope,zone-c,SN-101,0.2,0.18,0,0.21,0,45,-76,98,0.056,2.1,0.09,0.022,Normal
1876,2026-03-20T04:00:00.000Z,korba-west-bench,zone-a,PZ-401,3.78,0.84,7.43,1.33,3.32,79,-61,72,1.201,0.177,2.986,0.692,Critical
1877,2026-03-20T05:00:00.000Z,singareni-s4,zone-d,EX-201,0.69,0.08,0.41,0.08,0,21,-76,78,0.014,0.157,0.145,0.06,Normal
1878,2026-03-20T06:00:00.000Z,korba-west-bench,zone-a,TL-301,3.24,0.94,7.54,1.14,3.77,65,-79,63,1.166,0.149,2.106,0.659,Critical
1879,2026-03-20T07:00:00.000Z,korba-west-bench,zone-a,TL-301,0.97,0.11,0.61,0.12,0.52,31,-63,82,0.024,0.169,0.301,0.14,Normal
1880,2026-03-20T08:00:00.000Z,korba-west-bench,zone-d,PZ-401,0.54,0.08,1.01,0,0.96,28,-75,95,0.008,0,0.151,0.128,Normal
1881,2026-03-20T09:00:00.000Z,singareni-s4,zone-d,SN-101,0.89,0.34,0.65,0.04,0,15,-78,91,0.048,0.053,0.134,0.199,Normal
1882,2026-03-20T10:00:00.000Z,raniganj-south-slope,zone-d,TL-301,1.81,0.44,3.39,0.52,0.99,49,-77,85,0.273,0.149,0.887,0.267,Normal
1883,2026-03-20T11:00:00.000Z,raniganj-south-slope,zone-d,SN-101,3.56,0.76,8.06,1.37,3.06,61,-75,70,1.117,0.168,2.172,0.605,Critical
1884,2026-03-20T12:00:00.000Z,jharia-open-pit,zone-d,TL-301,2.99,0.84,7.51,1,4.12,68,-64,84,0.924,0.131,2.033,0.621,Critical
1885,2026-03-20T13:00:00.000Z,singareni-s4,zone-c,PZ-401,0,0,0.81,0.06,0.96,30,-81,63,0,0.066,0,0.115,Normal
1886,2026-03-20T14:00:00.000Z,korba-west-bench,zone-d,TL-301,1.82,0.34,2.79,0.31,2.06,53,-77,66,0.139,0.107,0.965,0.272,Normal
1887,2026-03-20T15:00:00.000Z,raniganj-south-slope,zone-c,PZ-401,0.9,0.26,3.32,0.52,2.03,43,-60,90,0.161,0.152,0.387,0.273,Normal
1888,2026-03-20T16:00:00.000Z,korba-west-bench,zone-b,EX-201,0.6,0.14,0.99,0.2,1.49,23,-71,78,0.042,0.183,0.138,0.116,Normal
1889,2026-03-20T17:00:00.000Z,korba-west-bench,zone-a,TL-301,0.73,0.48,2.01,0.6,0.82,43,-60,65,0.336,0.284,0.314,0.212,Normal
1890,2026-03-20T18:00:00.000Z,singareni-s4,zone-c,PZ-401,2.78,0.86,7.82,1.27,3.76,56,-65,96,1.178,0.16,1.557,0.599,Critical
1891,2026-03-20T19:00:00.000Z,singareni-s4,zone-b,SN-101,0,0.07,0.62,0.13,0.09,15,-80,77,0.016,0.181,0,0.053,Normal
1892,2026-03-20T20:00:00.000Z,raniganj-south-slope,zone-d,EX-201,0.27,0.05,0,0.32,0.56,29,-60,96,0.021,3.2,0.078,0.017,Normal
1893,2026-03-20T21:00:00.000Z,korba-west-bench,zone-a,TL-301,0.16,0.2,0.75,0.38,1.3,41,-64,73,0.096,0.447,0.066,0.199,Normal
1894,2026-03-20T22:00:00.000Z,raniganj-south-slope,zone-d,TL-301,0.39,0.16,0,0.07,0.36,33,-77,94,0.027,0.7,0.129,0.116,Normal
1895,2026-03-20T23:00:00.000Z,korba-west-bench,zone-a,EX-201,1.86,0.44,3.48,0.38,1.68,44,-82,77,0.211,0.106,0.818,0.304,Warning
1896,2026-03-21T00:00:00.000Z,jharia-open-pit,zone-a,SN-101,0.84,0.08,2.3,0,0.6,18,-65,61,0.008,0,0.151,0.152,Normal
1897,2026-03-21T01:00:00.000Z,jharia-open-pit,zone-b,PZ-401,0.48,0.09,1.91,0.23,1.03,25,-67,61,0.03,0.114,0.12,0.096,Normal
1898,2026-03-21T02:00:00.000Z,singareni-s4,zone-d,PZ-401,1.66,0.26,3.34,0.47,1.28,46,-61,99,0.148,0.137,0.764,0.275,Normal
1899,2026-03-21T03:00:00.000Z,raniganj-south-slope,zone-c,TL-301,0.3,0.05,0,0.23,0.72,33,-79,92,0.017,2.3,0.099,0.13,Normal
1900,2026-03-21T04:00:00.000Z,korba-west-bench,zone-a,SN-101,1.24,0,0.74,0.06,0,23,-76,61,0,0.071,0.285,0.097,Normal
1901,2026-03-21T05:00:00.000Z,korba-west-bench,zone-c,TL-301,0.03,0,1.14,0,0.92,34,-77,63,0,0,0.01,0.061,Normal
1902,2026-03-21T06:00:00.000Z,korba-west-bench,zone-d,EX-201,0.3,0.1,1.13,0.36,0,29,-79,91,0.046,0.293,0.087,0.114,Normal
1903,2026-03-21T07:00:00.000Z,raniganj-south-slope,zone-d,EX-201,2.34,0.47,4.88,0.54,2.08,48,-64,71,0.301,0.108,1.123,0.397,Warning
1904,2026-03-21T08:00:00.000Z,jharia-open-pit,zone-d,EX-201,0.56,0.16,1.28,0.12,0.5,39,-76,78,0.035,0.087,0.218,0.155,Normal
1905,2026-03-21T09:00:00.000Z,jharia-open-pit,zone-a,EX-201,0.87,0,0,0.12,1.05,20,-65,97,0,1.2,0.174,0.046,Normal
1906,2026-03-21T10:00:00.000Z,korba-west-bench,zone-d,EX-201,0,0.08,1.5,0.04,1.2,16,-60,68,0.011,0.025,0,0.067,Normal
1907,2026-03-21T11:00:00.000Z,jharia-open-pit,zone-a,SN-101,1.95,0.41,3.79,0.36,1.55,55,-79,92,0.189,0.093,1.073,0.354,Warning
1908,2026-03-21T12:00:00.000Z,korba-west-bench,zone-b,PZ-401,0,0.21,0.61,0.37,0.64,22,-77,84,0.099,0.521,0,0.128,Normal
1909,2026-03-21T13:00:00.000Z,raniganj-south-slope,zone-a,EX-201,0.3,0,0.62,0.29,0.72,28,-84,86,0,0.403,0.084,0.087,Normal
1910,2026-03-21T14:00:00.000Z,jharia-open-pit,zone-a,SN-101,1.86,0.38,3.2,0.4,1.24,44,-84,83,0.19,0.121,0.818,0.286,Normal
1911,2026-03-21T15:00:00.000Z,singareni-s4,zone-c,SN-101,0.66,0,2.07,0.19,0.04,27,-75,80,0,0.088,0.178,0.137,Normal
1912,2026-03-21T16:00:00.000Z,singareni-s4,zone-b,SN-101,0,0,0.69,0,0.75,15,-84,73,0,0,0,-0.049,Normal
1913,2026-03-21T17:00:00.000Z,jharia-open-pit,zone-a,EX-201,0.82,0.2,0.53,0,0.11,24,-69,85,0.02,0,0.197,0.091,Normal
1914,2026-03-21T18:00:00.000Z,jharia-open-pit,zone-d,SN-101,0.57,0.01,0.74,0.1,0,24,-78,66,0.002,0.119,0.137,0.076,Normal
1915,2026-03-21T19:00:00.000Z,raniganj-south-slope,zone-d,TL-301,0,0.09,1.15,0.03,0.92,20,-79,71,0.012,0.024,0,0.099,Normal
1916,2026-03-21T20:00:00.000Z,raniganj-south-slope,zone-d,EX-201,0.22,0,0.93,0.12,0.4,39,-69,82,0,0.117,0.086,0.082,Normal
1917,2026-03-21T21:00:00.000Z,singareni-s4,zone-b,TL-301,3.88,0.76,7.36,1.01,3.28,65,-81,92,0.844,0.135,2.522,0.606,Critical
1918,2026-03-21T22:00:00.000Z,raniganj-south-slope,zone-c,TL-301,0,0.26,0.86,0.01,0.7,17,-78,62,0.029,0.01,0,0.153,Normal
1919,2026-03-21T23:00:00.000Z,raniganj-south-slope,zone-c,EX-201,1.35,0.37,3.31,0.35,0.77,44,-62,76,0.166,0.103,0.594,0.21,Normal
1920,2026-03-22T00:00:00.000Z,raniganj-south-slope,zone-b,EX-201,1.72,0.21,3.37,0.75,1.75,49,-85,94,0.178,0.216,0.843,0.341,Warning
1921,2026-03-22T01:00:00.000Z,raniganj-south-slope,zone-a,TL-301,2.91,0.59,7.77,0.79,3.27,65,-79,94,0.525,0.1,1.892,0.524,Warning
1922,2026-03-22T02:00:00.000Z,raniganj-south-slope,zone-a,SN-101,1.12,0.05,1.19,0,0.59,40,-78,90,0.005,0,0.448,0.09,Normal
1923,2026-03-22T03:00:00.000Z,singareni-s4,zone-a,TL-301,0.49,0.19,0,0.23,0.3,25,-80,73,0.063,2.3,0.122,0.057,Normal
1924,2026-03-22T04:00:00.000Z,korba-west-bench,zone-d,EX-201,1.44,0.42,1.37,0.51,1.6,40,-68,84,0.256,0.347,0.576,0.33,Warning
1925,2026-03-22T05:00:00.000Z,singareni-s4,zone-a,TL-301,3.64,0.74,8.88,1.25,2.93,74,-74,69,0.999,0.139,2.694,0.632,Critical
1926,2026-03-22T06:00:00.000Z,korba-west-bench,zone-b,PZ-401,1.83,0.05,2.98,0.64,2.29,55,-60,94,0.037,0.208,1.007,0.283,Normal
1927,2026-03-22T07:00:00.000Z,jharia-open-pit,zone-b,EX-201,2.78,0.9,6.85,1.35,4.13,74,-78,65,1.305,0.194,2.057,0.702,Critical
1928,2026-03-22T08:00:00.000Z,raniganj-south-slope,zone-a,EX-201,0.18,0.1,1.66,0.12,1.46,25,-68,86,0.022,0.068,0.045,0.093,Normal
1929,2026-03-22T09:00:00.000Z,singareni-s4,zone-b,PZ-401,3.11,0.88,7.91,1.15,2.78,85,-74,80,1.1,0.144,2.643,0.616,Critical
1930,2026-03-22T10:00:00.000Z,raniganj-south-slope,zone-c,TL-301,2.49,0.3,2.8,0.72,1.84,41,-73,81,0.246,0.248,1.021,0.344,Warning
1931,2026-03-22T11:00:00.000Z,singareni-s4,zone-b,TL-301,1.59,0.26,4.09,0.26,1.47,34,-84,65,0.094,0.062,0.541,0.263,Normal
1932,2026-03-22T12:00:00.000Z,raniganj-south-slope,zone-d,EX-201,1.4,0,2.2,0.14,0.65,28,-74,91,0,0.061,0.392,0.13,Normal
1933,2026-03-22T13:00:00.000Z,singareni-s4,zone-c,PZ-401,1,0,1.13,0.1,0.44,24,-77,86,0,0.081,0.24,0.11,Normal
1934,2026-03-22T14:00:00.000Z,korba-west-bench,zone-a,SN-101,1.97,0.39,3.45,0.53,1.88,57,-67,68,0.246,0.149,1.123,0.324,Warning
1935,2026-03-22T15:00:00.000Z,singareni-s4,zone-c,TL-301,0.35,0,1.06,0,1.38,34,-80,61,0,0,0.119,0.096,Normal
1936,2026-03-22T16:00:00.000Z,raniganj-south-slope,zone-d,TL-301,1.15,0.34,3.76,0.56,2.62,48,-80,82,0.224,0.145,0.552,0.256,Normal
1937,2026-03-22T17:00:00.000Z,jharia-open-pit,zone-d,PZ-401,1.55,0.29,1.87,0.39,1.84,60,-67,92,0.142,0.198,0.93,0.305,Warning
1938,2026-03-22T18:00:00.000Z,korba-west-bench,zone-b,EX-201,4.37,0.88,6.83,1.33,3.44,68,-81,79,1.258,0.192,2.972,0.68,Critical
1939,2026-03-22T19:00:00.000Z,singareni-s4,zone-d,PZ-401,0.4,0.14,0.91,0,0.88,21,-83,93,0.014,0,0.084,0.061,Normal
1940,2026-03-22T20:00:00.000Z,singareni-s4,zone-c,TL-301,0.05,0.24,2.72,0.02,1.2,31,-67,63,0.029,0.007,0.015,0.128,Normal
1941,2026-03-22T21:00:00.000Z,korba-west-bench,zone-c,PZ-401,0,0,1.75,0.1,0.77,33,-62,80,0,0.054,0,0.034,Normal
1942,2026-03-22T22:00:00.000Z,raniganj-south-slope,zone-a,TL-301,1.81,0.47,3.8,0.29,1.96,44,-67,80,0.183,0.074,0.796,0.348,Warning
1943,2026-03-22T23:00:00.000Z,raniganj-south-slope,zone-a,EX-201,3.21,0.9,8.45,1.29,3.03,53,-63,79,1.251,0.151,1.701,0.611,Critical
1944,2026-03-23T00:00:00.000Z,korba-west-bench,zone-d,TL-301,0.13,0.1,0,0.34,0.48,28,-62,83,0.044,3.4,0.036,0.08,Normal
1945,2026-03-23T01:00:00.000Z,jharia-open-pit,zone-b,EX-201,0.55,0.16,0.01,0,0.69,15,-61,78,0.016,0,0.083,0.099,Normal
1946,2026-03-23T02:00:00.000Z,raniganj-south-slope,zone-d,EX-201,0.69,0.15,2.68,0.21,0.65,24,-79,100,0.046,0.076,0.166,0.099,Normal
1947,2026-03-23T03:00:00.000Z,raniganj-south-slope,zone-a,PZ-401,3.39,0.85,6.2,1.18,3.08,82,-83,82,1.088,0.187,2.78,0.65,Critical
1948,2026-03-23T04:00:00.000Z,raniganj-south-slope,zone-d,EX-201,0.54,0.27,0.85,0.15,0.91,22,-65,86,0.068,0.158,0.119,0.086,Normal
1949,2026-03-23T05:00:00.000Z,jharia-open-pit,zone-a,TL-301,3.64,1.07,8.19,1.27,3.8,72,-74,91,1.466,0.153,2.621,0.688,Critical
1950,2026-03-23T06:00:00.000Z,korba-west-bench,zone-b,PZ-401,0.42,0.14,0,0.07,0.51,27,-74,98,0.024,0.7,0.113,0.013,Normal
1951,2026-03-23T07:00:00.000Z,singareni-s4,zone-a,TL-301,0.46,0.16,0.88,0,0.53,10,-69,88,0.016,0,0.046,0.012,Normal
1952,2026-03-23T08:00:00.000Z,singareni-s4,zone-c,TL-301,1.55,0.57,3.3,0.42,0.57,43,-82,76,0.296,0.124,0.666,0.29,Normal
1953,2026-03-23T09:00:00.000Z,jharia-open-pit,zone-b,EX-201,3.35,0.77,7.57,1.55,2.57,73,-82,81,1.271,0.202,2.446,0.684,Critical
1954,2026-03-23T10:00:00.000Z,singareni-s4,zone-c,TL-301,0.59,0,0.97,0.26,0.5,13,-75,74,0,0.243,0.077,0.1,Normal
1955,2026-03-23T11:00:00.000Z,singareni-s4,zone-b,TL-301,0.75,0.25,1.88,0.17,0.63,24,-63,84,0.068,0.086,0.18,0.141,Normal
1956,2026-03-23T12:00:00.000Z,singareni-s4,zone-b,SN-101,0.73,0.12,0,0,1.06,29,-85,99,0.012,0,0.212,0.158,Normal
1957,2026-03-23T13:00:00.000Z,korba-west-bench,zone-d,PZ-401,3.33,0.74,9.31,1.21,4.07,72,-81,70,0.969,0.129,2.398,0.649,Critical
1958,2026-03-23T14:00:00.000Z,raniganj-south-slope,zone-c,PZ-401,0.83,0.4,3.48,0.35,1.06,55,-80,64,0.18,0.098,0.457,0.356,Warning
1959,2026-03-23T15:00:00.000Z,jharia-open-pit,zone-b,EX-201,0.27,0.2,0,0,0.19,36,-83,86,0.02,0,0.097,0.072,Normal
1960,2026-03-23T16:00:00.000Z,korba-west-bench,zone-b,PZ-401,2.62,1.06,6.36,1.12,2.88,67,-80,90,1.293,0.173,1.755,0.59,Critical
1961,2026-03-23T17:00:00.000Z,jharia-open-pit,zone-a,SN-101,1.38,0.35,3.21,0.55,0.97,48,-78,68,0.227,0.166,0.662,0.329,Warning
1962,2026-03-23T18:00:00.000Z,korba-west-bench,zone-c,PZ-401,2.7,0.65,7.59,1.22,2.95,74,-76,70,0.858,0.159,1.998,0.602,Critical
1963,2026-03-23T19:00:00.000Z,singareni-s4,zone-b,PZ-401,1.12,0.02,0,0.29,0.71,29,-63,85,0.008,2.9,0.325,0.117,Normal
1964,2026-03-23T20:00:00.000Z,singareni-s4,zone-b,TL-301,2.13,0.05,3.4,0.66,2.26,65,-67,71,0.038,0.189,1.385,0.344,Warning
1965,2026-03-23T21:00:00.000Z,singareni-s4,zone-c,SN-101,3.38,1.05,8.24,1.34,3.6,80,-75,96,1.512,0.161,2.704,0.722,Critical
1966,2026-03-23T22:00:00.000Z,korba-west-bench,zone-d,EX-201,1.77,0.36,2.25,0.58,0.75,51,-83,73,0.245,0.247,0.903,0.263,Normal
1967,2026-03-23T23:00:00.000Z,singareni-s4,zone-a,SN-101,0.57,0,0,0.08,0.12,17,-71,95,0,0.8,0.097,0.081,Normal
1968,2026-03-24T00:00:00.000Z,jharia-open-pit,zone-c,PZ-401,1.01,0.04,0.63,0,1.26,27,-72,68,0.004,0,0.273,0.063,Normal
1969,2026-03-24T01:00:00.000Z,singareni-s4,zone-c,PZ-401,1.64,0.35,2.01,0.25,2.26,36,-79,77,0.122,0.118,0.59,0.221,Normal
1970,2026-03-24T02:00:00.000Z,korba-west-bench,zone-c,TL-301,0,0.05,0.57,0.18,1.02,16,-64,60,0.014,0.269,0,0.008,Normal
1971,2026-03-24T03:00:00.000Z,jharia-open-pit,zone-a,EX-201,1.72,0,0.76,0.29,0.75,28,-71,82,0,0.337,0.482,0.102,Normal
1972,2026-03-24T04:00:00.000Z,singareni-s4,zone-a,PZ-401,0.57,0.01,0.85,0,0.17,29,-68,72,0.001,0,0.165,0.09,Normal
1973,2026-03-24T05:00:00.000Z,singareni-s4,zone-d,SN-101,0.15,0.04,3.2,0.42,0,33,-76,84,0.021,0.127,0.05,0.169,Normal
1974,2026-03-24T06:00:00.000Z,singareni-s4,zone-b,TL-301,0,0.14,1.16,0.21,0.91,25,-66,64,0.043,0.167,0,0.056,Normal
1975,2026-03-24T07:00:00.000Z,korba-west-bench,zone-a,SN-101,2.38,0.21,3.05,0.6,1.88,65,-75,78,0.147,0.19,1.547,0.385,Warning
1976,2026-03-24T08:00:00.000Z,jharia-open-pit,zone-d,SN-101,0.11,0,1.83,0.41,0.44,20,-62,97,0,0.212,0.022,0.043,Normal
1977,2026-03-24T09:00:00.000Z,jharia-open-pit,zone-c,EX-201,1.49,0.33,3.78,0.51,1.04,48,-63,60,0.201,0.131,0.715,0.273,Normal
1978,2026-03-24T10:00:00.000Z,korba-west-bench,zone-a,SN-101,4.05,0.96,7.24,1.01,3.85,71,-64,86,1.066,0.138,2.875,0.688,Critical
1979,2026-03-24T11:00:00.000Z,raniganj-south-slope,zone-b,TL-301,3.21,1.01,8.24,1.16,3.51,82,-82,94,1.273,0.139,2.632,0.71,Critical
1980,2026-03-24T12:00:00.000Z,korba-west-bench,zone-d,EX-201,0.24,0,1.52,0.29,0,23,-74,68,0,0.179,0.055,0.082,Normal
1981,2026-03-24T13:00:00.000Z,raniganj-south-slope,zone-d,SN-101,3.67,0.9,7.69,1,3.65,83,-66,91,0.99,0.128,3.046,0.667,Critical
1982,2026-03-24T14:00:00.000Z,raniganj-south-slope,zone-d,TL-301,0,0,1.51,0.04,0.47,30,-70,97,0,0.025,0,0.076,Normal
1983,2026-03-24T15:00:00.000Z,korba-west-bench,zone-d,EX-201,1.32,0.3,2.09,0.43,2.09,47,-78,79,0.159,0.196,0.62,0.283,Normal
1984,2026-03-24T16:00:00.000Z,singareni-s4,zone-b,PZ-401,0.54,0.12,0.69,0.07,0.18,28,-69,80,0.02,0.089,0.151,0.043,Normal
1985,2026-03-24T17:00:00.000Z,jharia-open-pit,zone-b,EX-201,0,0.3,2.04,0,0,25,-79,64,0.03,0,0,0.114,Normal
1986,2026-03-24T18:00:00.000Z,singareni-s4,zone-d,EX-201,0.48,0.02,1.25,0.11,1.88,25,-77,74,0.004,0.081,0.12,0.127,Normal
1987,2026-03-24T19:00:00.000Z,raniganj-south-slope,zone-d,SN-101,0.28,0.24,0.97,0.17,0.6,13,-66,79,0.065,0.159,0.036,0.091,Normal
1988,2026-03-24T20:00:00.000Z,singareni-s4,zone-b,TL-301,0.5,0.12,2.14,0.22,0.36,32,-61,80,0.038,0.098,0.16,0.136,Normal
1989,2026-03-24T21:00:00.000Z,singareni-s4,zone-c,TL-301,0.06,0.4,1.92,0.17,0.96,29,-65,94,0.108,0.084,0.017,0.124,Normal
1990,2026-03-24T22:00:00.000Z,singareni-s4,zone-b,EX-201,1.31,0.39,2.62,0.45,1.72,47,-67,89,0.215,0.165,0.616,0.241,Normal
1991,2026-03-24T23:00:00.000Z,korba-west-bench,zone-a,EX-201,1.59,0.22,4.12,0.49,1.47,44,-72,80,0.13,0.116,0.7,0.28,Normal
1992,2026-03-25T00:00:00.000Z,jharia-open-pit,zone-d,PZ-401,0,0.04,1.1,0,0.45,23,-85,62,0.004,0,0,0.03,Normal
1993,2026-03-25T01:00:00.000Z,korba-west-bench,zone-b,TL-301,1.45,0.38,3.23,0.28,2.23,49,-74,63,0.144,0.084,0.711,0.253,Normal
1994,2026-03-25T02:00:00.000Z,korba-west-bench,zone-d,PZ-401,1.44,0.34,2.52,0.52,1.51,50,-76,76,0.211,0.198,0.72,0.231,Normal
1995,2026-03-25T03:00:00.000Z,jharia-open-pit,zone-d,PZ-401,0.44,0.08,1.16,0.13,0,17,-69,81,0.018,0.103,0.075,0.129,Normal
1996,2026-03-25T04:00:00.000Z,jharia-open-pit,zone-c,PZ-401,1.5,0.42,3.49,0.47,1.73,53,-74,71,0.239,0.131,0.795,0.329,Warning
1997,2026-03-25T05:00:00.000Z,korba-west-bench,zone-b,TL-301,0.01,0.16,0.93,0.11,0.22,32,-80,98,0.034,0.107,0.003,0.11,Normal
1998,2026-03-25T06:00:00.000Z,jharia-open-pit,zone-b,EX-201,2.31,0.32,3.43,0.41,1.68,50,-73,100,0.163,0.116,1.155,0.394,Warning
1999,2026-03-25T07:00:00.000Z,raniganj-south-slope,zone-a,EX-201,0.22,0,1.2,0.33,0.4,14,-75,70,0,0.254,0.031,0.019,Normal
2000,2026-03-25T08:00:00.000Z,jharia-open-pit,zone-c,TL-301,1.22,0.36,3.19,0.54,1.78,40,-64,72,0.23,0.164,0.488,0.397,Warning
2001,2026-03-25T09:00:00.000Z,singareni-s4,zone-c,EX-201,2.37,0.31,3,0.43,1.49,48,-78,98,0.164,0.139,1.138,0.362,Warning
2002,2026-03-25T10:00:00.000Z,raniganj-south-slope,zone-d,EX-201,0.19,0.05,2.06,0,0.34,26,-70,94,0.005,0,0.049,0.082,Normal
2003,2026-03-25T11:00:00.000Z,jharia-open-pit,zone-c,TL-301,4.04,0.78,8.28,1.59,3.46,76,-78,98,1.318,0.19,3.07,0.717,Critical
2004,2026-03-25T12:00:00.000Z,raniganj-south-slope,zone-a,TL-301,0.6,0.36,3.31,0.33,1.81,47,-74,94,0.155,0.097,0.282,0.279,Normal
2005,2026-03-25T13:00:00.000Z,singareni-s4,zone-d,SN-101,1.14,0.05,2.77,0.27,0.08,32,-66,68,0.018,0.094,0.365,0.173,Normal
2006,2026-03-25T14:00:00.000Z,singareni-s4,zone-c,PZ-401,1.79,0.17,2.55,0.5,2.2,54,-82,100,0.102,0.189,0.967,0.289,Normal
2007,2026-03-25T15:00:00.000Z,raniganj-south-slope,zone-a,PZ-401,1.34,0.45,5.16,0.4,1.92,41,-78,88,0.225,0.076,0.549,0.276,Normal
2008,2026-03-25T16:00:00.000Z,jharia-open-pit,zone-d,PZ-401,0.43,0.14,2.98,0,0.48,31,-84,98,0.014,0,0.133,0.174,Normal
2009,2026-03-25T17:00:00.000Z,jharia-open-pit,zone-b,EX-201,1.04,0.13,0.06,0.01,1.19,35,-76,70,0.014,0.063,0.364,0.126,Normal
2010,2026-03-25T18:00:00.000Z,jharia-open-pit,zone-a,PZ-401,0.4,0.29,1.27,0.12,0.16,18,-67,73,0.064,0.088,0.072,0.202,Normal
2011,2026-03-25T19:00:00.000Z,korba-west-bench,zone-c,EX-201,3.1,1.01,8.99,1.19,3.25,68,-84,95,1.303,0.131,2.108,0.676,Critical
2012,2026-03-25T20:00:00.000Z,korba-west-bench,zone-b,TL-301,0.1,0,1.7,0.04,0.57,23,-66,61,0,0.022,0.023,0.004,Normal
2013,2026-03-25T21:00:00.000Z,jharia-open-pit,zone-c,EX-201,3.46,1,8.17,1.07,3.76,69,-75,73,1.17,0.129,2.387,0.647,Critical
2014,2026-03-25T22:00:00.000Z,singareni-s4,zone-d,PZ-401,0.82,0.18,0.53,0.16,0.21,24,-64,85,0.047,0.254,0.197,0.083,Normal
2015,2026-03-25T23:00:00.000Z,jharia-open-pit,zone-b,EX-201,0.83,0,0.84,0.06,0.46,28,-85,88,0,0.064,0.232,0.08,Normal
2016,2026-03-26T00:00:00.000Z,raniganj-south-slope,zone-b,TL-301,2,0.12,2.66,0.45,2.15,40,-63,76,0.066,0.163,0.8,0.318,Warning
2017,2026-03-26T01:00:00.000Z,raniganj-south-slope,zone-d,TL-301,0.12,0,0.07,0,0.86,19,-82,61,0,0,0.023,0.02,Normal
2018,2026-03-26T02:00:00.000Z,raniganj-south-slope,zone-b,PZ-401,1.21,0.5,3.06,0.4,1.82,47,-79,92,0.25,0.127,0.569,0.324,Warning
2019,2026-03-26T03:00:00.000Z,raniganj-south-slope,zone-d,EX-201,0.28,0.23,1.36,0.29,0.45,29,-79,93,0.09,0.199,0.081,0.172,Normal
2020,2026-03-26T04:00:00.000Z,jharia-open-pit,zone-a,TL-301,0.84,0.29,1.97,0,0.6,36,-69,79,0.029,0,0.302,0.158,Normal
2021,2026-03-26T05:00:00.000Z,raniganj-south-slope,zone-c,PZ-401,0.33,0.17,0,0,0.94,14,-60,74,0.017,0,0.046,0.081,Normal
2022,2026-03-26T06:00:00.000Z,korba-west-bench,zone-b,EX-201,1.52,0.48,3.39,0.4,0.95,59,-63,80,0.24,0.115,0.897,0.332,Warning
2023,2026-03-26T07:00:00.000Z,jharia-open-pit,zone-b,SN-101,1.37,0.52,3.68,0.46,0.73,48,-61,61,0.291,0.122,0.658,0.258,Normal
2024,2026-03-26T08:00:00.000Z,singareni-s4,zone-c,SN-101,0.1,0,0.56,0.25,0,25,-62,77,0,0.379,0.025,0.038,Normal
2025,2026-03-26T09:00:00.000Z,jharia-open-pit,zone-c,SN-101,0,0.07,0,0.22,0.91,12,-75,78,0.022,2.2,0,0.095,Normal
2026,2026-03-26T10:00:00.000Z,raniganj-south-slope,zone-a,EX-201,0,0,1.11,0.43,0.47,32,-63,85,0,0.355,0,0.061,Normal
2027,2026-03-26T11:00:00.000Z,raniganj-south-slope,zone-b,EX-201,2.1,0.43,4.17,0.22,1.25,70,-64,95,0.138,0.052,1.47,0.396,Warning
2028,2026-03-26T12:00:00.000Z,korba-west-bench,zone-a,SN-101,3.73,0.76,6.97,1.46,3.34,62,-85,74,1.186,0.207,2.313,0.663,Critical
2029,2026-03-26T13:00:00.000Z,raniganj-south-slope,zone-c,PZ-401,1.53,0.38,4.01,0.61,2.42,56,-74,78,0.27,0.148,0.857,0.392,Warning
2030,2026-03-26T14:00:00.000Z,jharia-open-pit,zone-b,EX-201,0,0.22,1.31,0.04,0.47,10,-70,94,0.031,0.028,0,0.139,Normal
2031,2026-03-26T15:00:00.000Z,jharia-open-pit,zone-b,SN-101,0,0.32,0,0.06,0.86,38,-75,75,0.051,0.6,0,0.123,Normal
2032,2026-03-26T16:00:00.000Z,korba-west-bench,zone-b,SN-101,1.33,0.34,2.96,0.55,1.83,54,-67,80,0.221,0.18,0.718,0.215,Normal
2033,2026-03-26T17:00:00.000Z,singareni-s4,zone-d,TL-301,0.33,0,1.17,0.09,0.3,31,-72,62,0,0.071,0.102,-0.014,Normal
2034,2026-03-26T18:00:00.000Z,jharia-open-pit,zone-d,EX-201,0.04,0,0.7,0.24,0.8,28,-67,74,0,0.3,0.011,0.078,Normal
2035,2026-03-26T19:00:00.000Z,jharia-open-pit,zone-c,EX-201,0.73,0.17,1.38,0.17,0.71,41,-69,70,0.046,0.115,0.299,0.112,Normal
2036,2026-03-26T20:00:00.000Z,jharia-open-pit,zone-c,PZ-401,2.52,0.31,3.06,0.6,2.7,54,-74,99,0.217,0.19,1.361,0.484,Warning
2037,2026-03-26T21:00:00.000Z,jharia-open-pit,zone-c,SN-101,3.02,0.79,7.14,1.08,3.18,75,-84,69,0.932,0.149,2.265,0.564,Critical
2038,2026-03-26T22:00:00.000Z,singareni-s4,zone-a,EX-201,1.46,0.38,3.96,0.92,2.32,46,-78,90,0.388,0.227,0.672,0.359,Warning
2039,2026-03-26T23:00:00.000Z,korba-west-bench,zone-c,PZ-401,0.44,0,0,0.26,0.46,18,-76,75,0,2.6,0.079,0.091,Normal
2040,2026-03-27T00:00:00.000Z,raniganj-south-slope,zone-c,PZ-401,1.62,0.37,1.7,0.34,1.48,48,-71,96,0.163,0.189,0.778,0.239,Normal
2041,2026-03-27T01:00:00.000Z,jharia-open-pit,zone-b,PZ-401,0,0.06,2.29,0.01,0.56,35,-73,68,0.007,0.004,0,0.102,Normal
2042,2026-03-27T02:00:00.000Z,singareni-s4,zone-b,TL-301,1.64,0.22,3.17,0.58,2.47,51,-66,63,0.15,0.177,0.836,0.293,Normal
2043,2026-03-27T03:00:00.000Z,jharia-open-pit,zone-c,SN-101,0.93,0.09,2.53,0,0,18,-84,81,0.009,0,0.167,0.087,Normal
2044,2026-03-27T04:00:00.000Z,raniganj-south-slope,zone-a,PZ-401,0.5,0,1.06,0.14,0,28,-74,78,0,0.121,0.14,0.075,Normal
2045,2026-03-27T05:00:00.000Z,jharia-open-pit,zone-d,SN-101,0.65,0.06,0.49,0.12,0.93,25,-69,98,0.013,0.203,0.163,0.041,Normal
2046,2026-03-27T06:00:00.000Z,raniganj-south-slope,zone-b,SN-101,0.45,0.35,0,0.07,0.8,27,-75,79,0.059,0.7,0.122,0.15,Normal
2047,2026-03-27T07:00:00.000Z,jharia-open-pit,zone-c,TL-301,0.59,0.07,0.25,0.11,0,25,-84,97,0.015,0.314,0.147,0.034,Normal
2048,2026-03-27T08:00:00.000Z,jharia-open-pit,zone-c,EX-201,1.74,0.41,3.35,0.45,1.56,61,-65,92,0.226,0.13,1.061,0.309,Warning
2049,2026-03-27T09:00:00.000Z,korba-west-bench,zone-a,EX-201,0.72,0.05,2.04,0.07,0.47,10,-73,79,0.009,0.033,0.072,0.019,Normal
2050,2026-03-27T10:00:00.000Z,raniganj-south-slope,zone-b,TL-301,3.59,0.91,7.93,1.26,3.62,67,-62,64,1.238,0.157,2.405,0.65,Critical
2051,2026-03-27T11:00:00.000Z,korba-west-bench,zone-c,SN-101,0.22,0.09,1.81,0.07,1.37,14,-64,90,0.015,0.037,0.031,0.09,Normal
2052,2026-03-27T12:00:00.000Z,korba-west-bench,zone-c,EX-201,0.46,0.13,1.23,0,1.01,22,-73,99,0.013,0,0.101,0.109,Normal
2053,2026-03-27T13:00:00.000Z,korba-west-bench,zone-a,SN-101,0,0,1.01,0,0.94,33,-66,74,0,0,0,0.031,Normal
2054,2026-03-27T14:00:00.000Z,raniganj-south-slope,zone-c,TL-301,0.69,0.15,0,0.08,0.96,35,-72,85,0.027,0.8,0.241,0.095,Normal
2055,2026-03-27T15:00:00.000Z,raniganj-south-slope,zone-c,EX-201,2.66,0.72,8.26,1.18,3.11,77,-68,75,0.922,0.141,2.048,0.535,Warning
2056,2026-03-27T16:00:00.000Z,korba-west-bench,zone-c,TL-301,0.57,0.19,1.27,0.15,0.05,28,-80,61,0.048,0.109,0.16,0.13,Normal
2057,2026-03-27T17:00:00.000Z,jharia-open-pit,zone-a,SN-101,1.98,0.54,2.12,0.56,1.59,49,-74,77,0.356,0.252,0.97,0.336,Warning
2058,2026-03-27T18:00:00.000Z,raniganj-south-slope,zone-c,PZ-401,0.62,0.18,0,0,0.64,23,-62,77,0.018,0,0.143,0.062,Normal
2059,2026-03-27T19:00:00.000Z,singareni-s4,zone-a,TL-301,0.38,0.16,1.01,0,1.19,27,-65,67,0.016,0,0.103,0.163,Normal
2060,2026-03-27T20:00:00.000Z,singareni-s4,zone-c,PZ-401,0.35,0.13,0,0.11,0.26,25,-77,87,0.027,1.1,0.087,0.059,Normal
2061,2026-03-27T21:00:00.000Z,jharia-open-pit,zone-b,SN-101,1.28,0.4,2.44,0.62,2.14,58,-72,63,0.288,0.244,0.742,0.3,Warning
2062,2026-03-27T22:00:00.000Z,jharia-open-pit,zone-c,SN-101,1.13,0.23,4.53,0.47,2.08,34,-85,65,0.131,0.102,0.384,0.158,Normal
2063,2026-03-27T23:00:00.000Z,raniganj-south-slope,zone-d,SN-101,1.28,0.31,3.54,0.16,0.74,62,-65,70,0.081,0.044,0.794,0.276,Normal
2064,2026-03-28T00:00:00.000Z,jharia-open-pit,zone-d,SN-101,3.54,0.97,6.74,1.02,4.14,73,-70,76,1.086,0.149,2.584,0.663,Critical
2065,2026-03-28T01:00:00.000Z,singareni-s4,zone-b,SN-101,0,0,0.56,0.01,0.33,29,-72,79,0,0.015,0,0.065,Normal
2066,2026-03-28T02:00:00.000Z,jharia-open-pit,zone-a,EX-201,0.71,0.02,0.78,0.2,0,17,-70,78,0.006,0.227,0.121,0.084,Normal
2067,2026-03-28T03:00:00.000Z,jharia-open-pit,zone-d,SN-101,0.38,0,0,0,0.77,29,-73,72,0,0,0.11,0.103,Normal
2068,2026-03-28T04:00:00.000Z,raniganj-south-slope,zone-b,TL-301,0,0.1,1.22,0,0.43,27,-74,63,0.01,0,0,0.125,Normal
2069,2026-03-28T05:00:00.000Z,jharia-open-pit,zone-a,SN-101,1.72,0.1,3.65,0.43,0.75,32,-69,95,0.053,0.115,0.55,0.229,Normal
2070,2026-03-28T06:00:00.000Z,raniganj-south-slope,zone-a,EX-201,0.34,0.12,0,0.02,0.94,24,-82,93,0.014,0.2,0.082,0.019,Normal
2071,2026-03-28T07:00:00.000Z,korba-west-bench,zone-c,TL-301,1.29,0.33,1.74,0.53,2.35,50,-78,64,0.208,0.288,0.645,0.216,Normal
2072,2026-03-28T08:00:00.000Z,singareni-s4,zone-b,SN-101,0.86,0.06,0,0.03,0.15,34,-83,75,0.008,0.3,0.292,0.121,Normal
2073,2026-03-28T09:00:00.000Z,korba-west-bench,zone-b,EX-201,0,0.13,2.36,0,0.75,35,-80,83,0.013,0,0,0.052,Normal
2074,2026-03-28T10:00:00.000Z,korba-west-bench,zone-b,PZ-401,0.33,0.18,0.72,0.39,0.64,20,-81,64,0.088,0.476,0.066,0.142,Normal
2075,2026-03-28T11:00:00.000Z,korba-west-bench,zone-c,SN-101,3.72,0.93,6.77,1.01,3.61,72,-71,63,1.032,0.147,2.678,0.676,Critical
2076,2026-03-28T12:00:00.000Z,raniganj-south-slope,zone-c,EX-201,1.27,0.5,3.65,0.54,1.06,53,-65,69,0.32,0.144,0.673,0.351,Warning
2077,2026-03-28T13:00:00.000Z,raniganj-south-slope,zone-d,EX-201,3.15,0.88,8.7,1.34,3.39,70,-84,99,1.267,0.152,2.205,0.659,Critical
2078,2026-03-28T14:00:00.000Z,singareni-s4,zone-a,PZ-401,0.59,0,0.5,0.2,0.2,13,-76,94,0,0.333,0.077,0.032,Normal
2079,2026-03-28T15:00:00.000Z,jharia-open-pit,zone-d,TL-301,0.66,0.22,0.37,0.18,0.88,24,-76,64,0.062,0.383,0.158,0.154,Normal
2080,2026-03-28T16:00:00.000Z,jharia-open-pit,zone-b,EX-201,0.27,0.09,0.96,0.14,0.46,19,-71,62,0.022,0.132,0.051,0.126,Normal
2081,2026-03-28T17:00:00.000Z,jharia-open-pit,zone-b,PZ-401,0.4,0.23,1.25,0.4,1.19,32,-76,92,0.115,0.296,0.128,0.18,Normal
2082,2026-03-28T18:00:00.000Z,raniganj-south-slope,zone-d,EX-201,1.16,0.51,3.34,0.84,1.24,66,-76,87,0.479,0.244,0.766,0.34,Warning
2083,2026-03-28T19:00:00.000Z,raniganj-south-slope,zone-a,EX-201,3.81,0.74,8.33,1.11,3.08,54,-71,82,0.895,0.132,2.057,0.637,Critical
2084,2026-03-28T20:00:00.000Z,singareni-s4,zone-d,EX-201,0,0.02,1.57,0,0.86,25,-83,65,0.002,0,0,0.091,Normal
2085,2026-03-28T21:00:00.000Z,jharia-open-pit,zone-c,SN-101,3.7,0.99,6.72,1.24,3,74,-66,91,1.327,0.182,2.738,0.662,Critical
2086,2026-03-28T22:00:00.000Z,singareni-s4,zone-d,SN-101,1.56,0.31,3.65,0,1.66,52,-83,93,0.031,0,0.811,0.256,Normal
2087,2026-03-28T23:00:00.000Z,korba-west-bench,zone-a,PZ-401,0.46,0.21,1.22,0.3,0.6,20,-65,75,0.084,0.227,0.092,0.188,Normal
2088,2026-03-29T00:00:00.000Z,raniganj-south-slope,zone-a,PZ-401,0.55,0.01,1.91,0,1.22,26,-60,62,0.001,0,0.143,0.105,Normal
2089,2026-03-29T01:00:00.000Z,raniganj-south-slope,zone-b,SN-101,0.07,0,1.25,0.19,1.34,14,-75,62,0,0.141,0.01,0.099,Normal
2090,2026-03-29T02:00:00.000Z,raniganj-south-slope,zone-d,SN-101,3.16,0.89,6.15,1.25,3.28,78,-69,60,1.202,0.2,2.465,0.697,Critical
2091,2026-03-29T03:00:00.000Z,singareni-s4,zone-a,PZ-401,1,0.17,1.62,0.3,0,16,-64,68,0.068,0.174,0.16,0.123,Normal
2092,2026-03-29T04:00:00.000Z,singareni-s4,zone-d,SN-101,3.29,0.96,6.87,1.05,2.91,52,-71,90,1.104,0.151,1.711,0.627,Critical
2093,2026-03-29T05:00:00.000Z,raniganj-south-slope,zone-c,EX-201,0.11,0.22,0.32,0.18,0.33,23,-81,72,0.062,0.429,0.025,0.092,Normal
2094,2026-03-29T06:00:00.000Z,korba-west-bench,zone-d,PZ-401,0.44,0.2,1.68,0.14,0.23,37,-65,86,0.048,0.079,0.163,0.12,Normal
2095,2026-03-29T07:00:00.000Z,korba-west-bench,zone-a,PZ-401,1.23,0.56,2.53,0.46,1.02,48,-67,72,0.314,0.175,0.59,0.283,Normal
2096,2026-03-29T08:00:00.000Z,korba-west-bench,zone-b,TL-301,1.86,0.59,3.87,0.51,2.63,34,-75,82,0.36,0.128,0.632,0.402,Warning
2097,2026-03-29T09:00:00.000Z,raniganj-south-slope,zone-c,SN-101,0.33,0.08,0.25,0.01,0.22,36,-62,85,0.009,0.029,0.119,0.043,Normal
2098,2026-03-29T10:00:00.000Z,korba-west-bench,zone-a,EX-201,0.47,0,0.7,0.19,0.76,34,-68,91,0,0.238,0.16,0.15,Normal
2099,2026-03-29T11:00:00.000Z,korba-west-bench,zone-a,SN-101,0.47,0.2,0.24,0.03,0,41,-64,77,0.026,0.088,0.193,0.153,Normal
2100,2026-03-29T12:00:00.000Z,raniganj-south-slope,zone-c,PZ-401,0.44,0,0.07,0.13,0.42,29,-68,93,0,0.765,0.128,0.077,Normal
2101,2026-03-29T13:00:00.000Z,singareni-s4,zone-a,EX-201,1.05,0.47,3.94,0.45,2.3,50,-81,62,0.259,0.111,0.525,0.308,Warning
2102,2026-03-29T14:00:00.000Z,singareni-s4,zone-c,EX-201,0,0.28,0.8,0.1,1.05,25,-70,100,0.056,0.111,0,0.131,Normal
2103,2026-03-29T15:00:00.000Z,raniganj-south-slope,zone-d,EX-201,1.56,0.33,2.8,0.53,1.96,54,-80,93,0.208,0.183,0.842,0.314,Warning
2104,2026-03-29T16:00:00.000Z,raniganj-south-slope,zone-d,EX-201,0.45,0,1.42,0.05,0.56,22,-68,95,0,0.033,0.099,0.073,Normal
2105,2026-03-29T17:00:00.000Z,jharia-open-pit,zone-c,PZ-401,3.55,0.78,7.79,1.26,3.62,92,-70,63,1.061,0.16,3.266,0.706,Critical
2106,2026-03-29T18:00:00.000Z,raniganj-south-slope,zone-a,SN-101,1.55,0.25,3.64,0.42,1.5,49,-71,68,0.13,0.112,0.759,0.268,Normal
2107,2026-03-29T19:00:00.000Z,jharia-open-pit,zone-b,EX-201,0,0.08,0.69,0.15,0.84,28,-72,61,0.02,0.19,0,0.147,Normal
2108,2026-03-29T20:00:00.000Z,jharia-open-pit,zone-b,SN-101,0.22,0.21,1.06,0.13,0.55,38,-85,65,0.048,0.112,0.084,0.079,Normal
2109,2026-03-29T21:00:00.000Z,singareni-s4,zone-a,EX-201,3.39,1.23,7.13,1.33,2.96,73,-60,85,1.759,0.184,2.475,0.686,Critical
2110,2026-03-29T22:00:00.000Z,korba-west-bench,zone-c,SN-101,0,0.04,1.12,0,0,41,-81,81,0.004,0,0,0.102,Normal
2111,2026-03-29T23:00:00.000Z,raniganj-south-slope,zone-b,PZ-401,1.59,0.44,2.75,0.59,3.28,65,-63,74,0.304,0.207,1.034,0.37,Warning
2112,2026-03-30T00:00:00.000Z,singareni-s4,zone-a,PZ-401,0,0.07,2.18,0,0,24,-83,77,0.007,0,0,0.044,Normal
2113,2026-03-30T01:00:00.000Z,singareni-s4,zone-c,SN-101,1.48,0.21,3.19,0.37,2.28,35,-61,84,0.099,0.112,0.518,0.333,Warning
2114,2026-03-30T02:00:00.000Z,korba-west-bench,zone-a,SN-101,4.06,0.9,8.89,1.11,3.32,58,-76,90,1.089,0.123,2.355,0.72,Critical
2115,2026-03-30T03:00:00.000Z,jharia-open-pit,zone-b,EX-201,0.96,0.02,0.77,0.15,0,21,-71,71,0.005,0.172,0.202,0.066,Normal
2116,2026-03-30T04:00:00.000Z,korba-west-bench,zone-b,EX-201,0,0,0,0.06,0.93,25,-71,91,0,0.6,0,0.025,Normal
2117,2026-03-30T05:00:00.000Z,jharia-open-pit,zone-c,PZ-401,1.16,0.26,2.88,0.07,1.74,52,-75,80,0.044,0.023,0.603,0.22,Normal
2118,2026-03-30T06:00:00.000Z,korba-west-bench,zone-c,EX-201,3.39,1.13,9.05,1.03,2.8,96,-82,97,1.277,0.113,3.254,0.669,Critical
2119,2026-03-30T07:00:00.000Z,jharia-open-pit,zone-b,SN-101,4.08,0.84,5.97,1.16,3.6,80,-68,84,1.058,0.191,3.264,0.643,Critical
2120,2026-03-30T08:00:00.000Z,korba-west-bench,zone-a,EX-201,0.3,0.04,0.06,0.38,0.6,27,-83,72,0.019,2.375,0.081,0.034,Normal
2121,2026-03-30T09:00:00.000Z,singareni-s4,zone-b,TL-301,3.99,0.74,7.44,1.15,2.9,83,-67,74,0.925,0.153,3.312,0.535,Warning
2122,2026-03-30T10:00:00.000Z,jharia-open-pit,zone-b,SN-101,0.22,0.16,1.37,0,0,28,-79,72,0.016,0,0.062,0.03,Normal
2123,2026-03-30T11:00:00.000Z,singareni-s4,zone-b,EX-201,0.88,0.12,1.29,0.01,0.66,31,-81,67,0.013,0.007,0.273,0.094,Normal
2124,2026-03-30T12:00:00.000Z,jharia-open-pit,zone-b,EX-201,2.35,0.2,2.99,0.26,2.34,50,-61,91,0.072,0.084,1.175,0.258,Normal
2125,2026-03-30T13:00:00.000Z,jharia-open-pit,zone-a,PZ-401,1.07,0.09,0,0.12,0.91,41,-65,90,0.02,1.2,0.439,0.151,Normal
2126,2026-03-30T14:00:00.000Z,korba-west-bench,zone-d,SN-101,0.43,0.03,0.81,0.11,0.46,31,-67,70,0.006,0.121,0.133,0.085,Normal
2127,2026-03-30T15:00:00.000Z,raniganj-south-slope,zone-a,PZ-401,3.44,0.7,7.26,1.33,2.99,78,-82,99,1.001,0.181,2.683,0.628,Critical
2128,2026-03-30T16:00:00.000Z,korba-west-bench,zone-a,SN-101,0.51,0.01,0.88,0.29,0.37,29,-71,80,0.004,0.296,0.148,0.08,Normal
2129,2026-03-30T17:00:00.000Z,singareni-s4,zone-c,TL-301,3.43,0.82,7.94,1.13,3.8,80,-84,75,1.009,0.141,2.744,0.603,Critical
2130,2026-03-30T18:00:00.000Z,singareni-s4,zone-a,TL-301,0,0,0.49,0.11,0.4,25,-70,95,0,0.186,0,0.064,Normal
2131,2026-03-30T19:00:00.000Z,jharia-open-pit,zone-d,PZ-401,0.66,0.08,1.6,0.1,1.31,11,-64,79,0.016,0.059,0.073,0.139,Normal
2132,2026-03-30T20:00:00.000Z,jharia-open-pit,zone-b,SN-101,0.05,0.12,0.26,0,1.15,24,-77,76,0.012,0,0.012,0.11,Normal
2133,2026-03-30T21:00:00.000Z,singareni-s4,zone-b,SN-101,2.92,0.74,8.73,1.14,2.85,77,-73,91,0.918,0.129,2.248,0.671,Critical
2134,2026-03-30T22:00:00.000Z,jharia-open-pit,zone-c,EX-201,3.4,0.87,7.86,1.11,2.67,54,-70,78,1.053,0.139,1.836,0.568,Critical
2135,2026-03-30T23:00:00.000Z,jharia-open-pit,zone-a,TL-301,0.76,0.27,0,0,1.43,22,-66,89,0.027,0,0.167,0.147,Normal
2136,2026-03-31T00:00:00.000Z,korba-west-bench,zone-a,SN-101,0.48,0.27,0.85,0,0.36,29,-69,82,0.027,0,0.139,0.105,Normal
2137,2026-03-31T01:00:00.000Z,singareni-s4,zone-b,PZ-401,0.95,0.25,2.39,0.56,1.59,41,-70,74,0.165,0.225,0.389,0.231,Normal
2138,2026-03-31T02:00:00.000Z,korba-west-bench,zone-a,EX-201,0.79,0.02,0.11,0.25,0.68,22,-73,74,0.007,1.19,0.174,0.153,Normal
2139,2026-03-31T03:00:00.000Z,raniganj-south-slope,zone-c,EX-201,1.58,0.19,2.09,0.16,2.02,40,-68,68,0.049,0.073,0.632,0.315,Warning
2140,2026-03-31T04:00:00.000Z,jharia-open-pit,zone-a,SN-101,1.08,0.31,2.39,0.71,1.61,60,-65,89,0.251,0.285,0.648,0.252,Normal
2141,2026-03-31T05:00:00.000Z,raniganj-south-slope,zone-a,EX-201,0,0.4,0,0,0.37,31,-63,77,0.04,0,0,0.088,Normal
2142,2026-03-31T06:00:00.000Z,raniganj-south-slope,zone-d,TL-301,1.44,0.29,3.86,0.49,1.56,49,-67,96,0.171,0.124,0.706,0.325,Warning
2143,2026-03-31T07:00:00.000Z,jharia-open-pit,zone-b,TL-301,0.47,0,0,0.17,0.62,24,-63,92,0,1.7,0.113,0.049,Normal
2144,2026-03-31T08:00:00.000Z,jharia-open-pit,zone-a,SN-101,0.05,0.2,2.56,0,1.67,32,-65,73,0.02,0,0.016,0.187,Normal
2145,2026-03-31T09:00:00.000Z,singareni-s4,zone-b,EX-201,1.22,0.41,2.4,0.65,2.47,40,-84,71,0.307,0.26,0.488,0.272,Normal
2146,2026-03-31T10:00:00.000Z,jharia-open-pit,zone-a,TL-301,0.19,0.17,0.17,0,1.04,25,-68,72,0.017,0,0.048,0.082,Normal
2147,2026-03-31T11:00:00.000Z,jharia-open-pit,zone-b,TL-301,0.14,0,0.06,0.07,0.1,29,-64,69,0,0.438,0.041,0.043,Normal
2148,2026-03-31T12:00:00.000Z,raniganj-south-slope,zone-a,TL-301,0.92,0.24,0.42,0.16,0,15,-61,97,0.062,0.308,0.138,0.119,Normal
2149,2026-03-31T13:00:00.000Z,singareni-s4,zone-b,SN-101,1.44,0.17,0.2,0.08,0.35,24,-74,100,0.031,0.267,0.346,0.111,Normal
2150,2026-03-31T14:00:00.000Z,jharia-open-pit,zone-d,TL-301,0.69,0,1.41,0.21,0.47,20,-68,70,0,0.139,0.138,0.066,Normal
2151,2026-03-31T15:00:00.000Z,jharia-open-pit,zone-b,EX-201,0,0.01,1.5,0,0,28,-67,94,0.001,0,0,0.065,Normal
2152,2026-03-31T16:00:00.000Z,jharia-open-pit,zone-b,SN-101,0.4,0,0.68,0.15,0,30,-84,72,0,0.192,0.12,0.054,Normal
2153,2026-03-31T17:00:00.000Z,singareni-s4,zone-a,SN-101,1.11,0.51,2.22,0.78,1.73,35,-67,79,0.449,0.336,0.389,0.296,Normal
2154,2026-03-31T18:00:00.000Z,singareni-s4,zone-d,PZ-401,2.01,0.25,3.93,0.41,1.4,44,-76,63,0.128,0.102,0.884,0.347,Warning
2155,2026-03-31T19:00:00.000Z,korba-west-bench,zone-b,SN-101,0.22,0,1.81,0.03,0.64,37,-65,98,0,0.016,0.081,0.071,Normal
2156,2026-03-31T20:00:00.000Z,korba-west-bench,zone-b,TL-301,0.24,0.07,0.69,0.13,0.23,30,-67,96,0.016,0.165,0.072,0.113,Normal
2157,2026-03-31T21:00:00.000Z,raniganj-south-slope,zone-b,TL-301,3.62,1.1,8.66,1.18,3.29,75,-81,97,1.408,0.135,2.715,0.686,Critical
2158,2026-03-31T22:00:00.000Z,jharia-open-pit,zone-d,SN-101,1.02,0.32,3.25,0.5,0.57,44,-66,73,0.192,0.149,0.449,0.288,Normal
2159,2026-03-31T23:00:00.000Z,korba-west-bench,zone-b,SN-101,1.7,0.38,2.94,0.54,1.69,58,-64,63,0.243,0.178,0.986,0.339,Warning
2160,2026-04-01T00:00:00.000Z,raniganj-south-slope,zone-c,SN-101,0.68,0.21,1.95,0,0.13,24,-72,73,0.021,0,0.163,0.139,Normal
2161,2026-04-01T01:00:00.000Z,korba-west-bench,zone-c,SN-101,1.24,0.32,3.46,0.39,2.36,37,-83,67,0.157,0.11,0.459,0.262,Normal
2162,2026-04-01T02:00:00.000Z,singareni-s4,zone-b,PZ-401,1.03,0.01,0.61,0.04,0.26,28,-84,96,0.001,0.056,0.288,0.156,Normal
2163,2026-04-01T03:00:00.000Z,singareni-s4,zone-a,SN-101,3.14,0.96,7.62,1.2,3.8,75,-82,66,1.248,0.155,2.355,0.624,Critical
2164,2026-04-01T04:00:00.000Z,jharia-open-pit,zone-c,SN-101,0,0.19,0,0.26,0.28,21,-75,64,0.068,2.6,0,0.049,Normal
2165,2026-04-01T05:00:00.000Z,raniganj-south-slope,zone-c,EX-201,0.81,0.14,1.96,0.18,1.19,37,-69,70,0.039,0.087,0.3,0.245,Normal
2166,2026-04-01T06:00:00.000Z,singareni-s4,zone-b,TL-301,3.71,0.79,6.38,1.11,2.69,46,-72,68,0.956,0.171,1.707,0.592,Critical
2167,2026-04-01T07:00:00.000Z,raniganj-south-slope,zone-a,PZ-401,0.5,0.17,1.46,0.27,0.71,10,-74,87,0.063,0.173,0.05,0.134,Normal
2168,2026-04-01T08:00:00.000Z,korba-west-bench,zone-b,PZ-401,2.2,0.44,2.69,0.47,1.18,59,-62,85,0.251,0.168,1.298,0.314,Warning
2169,2026-04-01T09:00:00.000Z,jharia-open-pit,zone-a,TL-301,0.23,0.24,0.41,0.47,0.68,26,-73,87,0.137,0.922,0.06,0.186,Normal
2170,2026-04-01T10:00:00.000Z,korba-west-bench,zone-b,EX-201,0,0.09,1.62,0.15,0.45,24,-68,81,0.022,0.087,0,0.134,Normal
2171,2026-04-01T11:00:00.000Z,raniganj-south-slope,zone-c,TL-301,0.66,0.22,0,0,0.46,18,-63,67,0.022,0,0.119,0.074,Normal
2172,2026-04-01T12:00:00.000Z,raniganj-south-slope,zone-a,EX-201,1.08,0.43,1.67,0.61,0.87,50,-68,70,0.305,0.345,0.54,0.271,Normal
2173,2026-04-01T13:00:00.000Z,singareni-s4,zone-c,TL-301,0,0.19,1.05,0.04,0.69,14,-65,84,0.027,0.035,0,0.102,Normal
2174,2026-04-01T14:00:00.000Z,singareni-s4,zone-a,TL-301,0.81,0.06,0.38,0.1,0.41,20,-69,65,0.012,0.208,0.162,0.09,Normal
2175,2026-04-01T15:00:00.000Z,jharia-open-pit,zone-a,SN-101,1.93,0.35,4.01,0.36,2.17,48,-64,88,0.161,0.088,0.926,0.404,Warning
2176,2026-04-01T16:00:00.000Z,korba-west-bench,zone-a,EX-201,1.65,0.43,4.13,0.43,1.97,63,-74,92,0.228,0.102,1.039,0.373,Warning
2177,2026-04-01T17:00:00.000Z,jharia-open-pit,zone-b,PZ-401,0.14,0.11,0.49,0,0,25,-74,67,0.011,0,0.035,0.081,Normal
2178,2026-04-01T18:00:00.000Z,korba-west-bench,zone-a,PZ-401,0.86,0.03,1.88,0.08,0.8,24,-71,63,0.005,0.04,0.206,0.166,Normal
2179,2026-04-01T19:00:00.000Z,singareni-s4,zone-a,PZ-401,1.16,0,2.87,0.14,1.03,27,-61,62,0,0.047,0.313,0.113,Normal
2180,2026-04-01T20:00:00.000Z,raniganj-south-slope,zone-a,TL-301,0.11,0.03,0.86,0.05,0.8,40,-67,79,0.005,0.052,0.044,0.062,Normal
2181,2026-04-01T21:00:00.000Z,korba-west-bench,zone-c,SN-101,0.37,0.18,1.03,0.11,0.42,19,-60,88,0.038,0.097,0.07,0.115,Normal
2182,2026-04-01T22:00:00.000Z,raniganj-south-slope,zone-b,TL-301,1.56,0.17,3.89,0.52,1.01,53,-80,92,0.105,0.13,0.827,0.387,Warning
2183,2026-04-01T23:00:00.000Z,raniganj-south-slope,zone-a,PZ-401,1.29,0.34,2.97,0.32,1.77,50,-67,85,0.143,0.104,0.645,0.29,Normal
2184,2026-04-02T00:00:00.000Z,raniganj-south-slope,zone-d,EX-201,3.23,0.71,7.51,1.07,3.32,69,-81,66,0.831,0.141,2.229,0.636,Critical
2185,2026-04-02T01:00:00.000Z,singareni-s4,zone-c,EX-201,1.53,0.38,4.32,0.37,2.87,41,-67,99,0.179,0.084,0.627,0.25,Normal
2186,2026-04-02T02:00:00.000Z,singareni-s4,zone-c,SN-101,0.68,0.11,0.29,0.15,0,21,-69,65,0.028,0.385,0.143,0.068,Normal
2187,2026-04-02T03:00:00.000Z,korba-west-bench,zone-d,TL-301,3.93,0.86,7.05,0.78,3.72,72,-73,84,0.757,0.109,2.83,0.689,Critical
2188,2026-04-02T04:00:00.000Z,korba-west-bench,zone-d,TL-301,0,0.25,2.69,0,0.19,30,-74,81,0.025,0,0,0.088,Normal
2189,2026-04-02T05:00:00.000Z,korba-west-bench,zone-b,SN-101,1.65,0.46,2.29,0.4,1.97,59,-79,97,0.23,0.167,0.973,0.285,Normal
2190,2026-04-02T06:00:00.000Z,singareni-s4,zone-a,SN-101,0.31,0.13,0.44,0.11,1.2,25,-71,76,0.027,0.204,0.077,0.078,Normal
2191,2026-04-02T07:00:00.000Z,korba-west-bench,zone-a,EX-201,0.02,0.01,1.2,0.25,0.8,35,-67,65,0.003,0.192,0.007,0.118,Normal
2192,2026-04-02T08:00:00.000Z,singareni-s4,zone-b,TL-301,4.15,0.63,6.54,1.21,2.32,68,-72,84,0.825,0.182,2.822,0.582,Critical
2193,2026-04-02T09:00:00.000Z,jharia-open-pit,zone-a,PZ-401,0.26,0.18,0.61,0,1.09,30,-69,94,0.018,0,0.078,0.11,Normal
2194,2026-04-02T10:00:00.000Z,korba-west-bench,zone-b,TL-301,0.71,0.11,1.09,0.23,0.37,17,-63,76,0.036,0.193,0.121,0.186,Normal
2195,2026-04-02T11:00:00.000Z,singareni-s4,zone-c,PZ-401,3.61,0.69,6.97,1.04,3.78,71,-82,68,0.787,0.147,2.563,0.61,Critical
2196,2026-04-02T12:00:00.000Z,raniganj-south-slope,zone-c,SN-101,3.52,0.61,6.55,1.26,3.55,84,-84,96,0.83,0.189,2.957,0.625,Critical
2197,2026-04-02T13:00:00.000Z,singareni-s4,zone-a,TL-301,1.91,0.37,2.01,0.5,1.78,53,-67,65,0.222,0.237,1.012,0.334,Warning
2198,2026-04-02T14:00:00.000Z,raniganj-south-slope,zone-c,SN-101,1.42,0.34,2.82,0.39,1.56,56,-83,96,0.167,0.134,0.795,0.273,Normal
2199,2026-04-02T15:00:00.000Z,raniganj-south-slope,zone-b,PZ-401,2.78,0.94,7.69,1.15,3.95,79,-68,83,1.175,0.148,2.196,0.616,Critical
2200,2026-04-02T16:00:00.000Z,singareni-s4,zone-c,TL-301,2.09,0.02,2.61,0.64,1.4,46,-80,72,0.015,0.236,0.961,0.204,Normal
2201,2026-04-02T17:00:00.000Z,singareni-s4,zone-a,TL-301,0,0.35,0,0.24,0,22,-75,83,0.119,2.4,0,0.129,Normal
2202,2026-04-02T18:00:00.000Z,korba-west-bench,zone-d,PZ-401,0.85,0,0.81,0,0.51,31,-76,71,0,0,0.264,0.094,Normal
2203,2026-04-02T19:00:00.000Z,korba-west-bench,zone-b,PZ-401,0.03,0.09,0.69,0.28,0.44,26,-83,90,0.034,0.354,0.008,0.153,Normal
2204,2026-04-02T20:00:00.000Z,singareni-s4,zone-a,PZ-401,0,0,1.45,0,0.05,35,-60,77,0,0,0,0.043,Normal
2205,2026-04-02T21:00:00.000Z,raniganj-south-slope,zone-b,TL-301,0.44,0.19,1.19,0.22,0.25,24,-75,85,0.061,0.171,0.106,0.11,Normal
2206,2026-04-02T22:00:00.000Z,singareni-s4,zone-b,SN-101,0,0.31,0,0,1.25,18,-62,62,0.031,0,0,0.144,Normal
2207,2026-04-02T23:00:00.000Z,singareni-s4,zone-d,EX-201,2.18,0.26,4.45,0.35,1.58,51,-65,85,0.117,0.077,1.112,0.29,Normal
2208,2026-04-03T00:00:00.000Z,raniganj-south-slope,zone-c,EX-201,1.11,0.1,2.38,0.14,0.76,19,-71,71,0.024,0.056,0.211,0.128,Normal
2209,2026-04-03T01:00:00.000Z,korba-west-bench,zone-b,EX-201,0.5,0.22,1.11,0.04,1.47,11,-73,76,0.031,0.033,0.055,0.174,Normal
2210,2026-04-03T02:00:00.000Z,singareni-s4,zone-c,SN-101,0.65,0.09,2.37,0.14,0.09,10,-63,72,0.022,0.057,0.065,0.208,Normal
2211,2026-04-03T03:00:00.000Z,jharia-open-pit,zone-a,PZ-401,1.71,0.47,3.06,0.22,1.81,42,-60,84,0.15,0.07,0.718,0.241,Normal
2212,2026-04-03T04:00:00.000Z,raniganj-south-slope,zone-b,EX-201,0,0.05,0.77,0.25,0.47,41,-70,61,0.017,0.287,0,0.104,Normal
2213,2026-04-03T05:00:00.000Z,singareni-s4,zone-d,TL-301,0.44,0,1.69,0,0.21,11,-82,88,0,0,0.048,0.048,Normal
2214,2026-04-03T06:00:00.000Z,korba-west-bench,zone-a,EX-201,0.1,0,0.04,0.22,1.3,14,-68,69,0,1.571,0.014,0.013,Normal
2215,2026-04-03T07:00:00.000Z,singareni-s4,zone-c,PZ-401,0.49,0.23,2.76,0.05,0.04,24,-75,62,0.035,0.017,0.118,0.085,Normal
2216,2026-04-03T08:00:00.000Z,korba-west-bench,zone-a,TL-301,0.15,0.18,0,0.22,1.28,30,-62,78,0.058,2.2,0.045,0.084,Normal
2217,2026-04-03T09:00:00.000Z,jharia-open-pit,zone-b,EX-201,0.47,0.04,0,0.06,1.3,26,-66,81,0.006,0.6,0.122,0.078,Normal
2218,2026-04-03T10:00:00.000Z,singareni-s4,zone-a,PZ-401,1.66,0.42,2.44,0.3,1.79,50,-63,69,0.168,0.118,0.83,0.237,Normal
2219,2026-04-03T11:00:00.000Z,korba-west-bench,zone-a,SN-101,0,0.14,1.64,0,0.05,13,-63,96,0.014,0,0,0.058,Normal
2220,2026-04-03T12:00:00.000Z,singareni-s4,zone-c,SN-101,0.35,0.01,0.35,0.1,1.01,30,-72,65,0.002,0.222,0.105,0.06,Normal
2221,2026-04-03T13:00:00.000Z,korba-west-bench,zone-d,TL-301,3.48,0.81,6.75,1.26,3.67,74,-85,77,1.102,0.184,2.575,0.572,Critical
2222,2026-04-03T14:00:00.000Z,singareni-s4,zone-b,EX-201,0.08,0,0.44,0.25,0.46,17,-62,85,0,0.463,0.014,0.07,Normal
2223,2026-04-03T15:00:00.000Z,korba-west-bench,zone-c,SN-101,0.39,0.03,0.03,0.02,1.68,26,-68,92,0.004,0.154,0.101,0.036,Normal
2224,2026-04-03T16:00:00.000Z,korba-west-bench,zone-a,SN-101,0,0.23,0,0.21,0.85,35,-84,70,0.071,2.1,0,0.12,Normal
2225,2026-04-03T17:00:00.000Z,jharia-open-pit,zone-c,TL-301,0.43,0,1.4,0.18,0.49,30,-81,84,0,0.12,0.129,0.098,Normal
2226,2026-04-03T18:00:00.000Z,jharia-open-pit,zone-d,PZ-401,2,0.24,3.35,0.41,1.78,65,-73,91,0.122,0.119,1.3,0.399,Warning
2227,2026-04-03T19:00:00.000Z,singareni-s4,zone-b,PZ-401,0,0,1.21,0.12,0.29,30,-69,62,0,0.092,0,0.103,Normal
2228,2026-04-03T20:00:00.000Z,raniganj-south-slope,zone-a,EX-201,0.39,0.09,0.72,0.2,0.53,27,-79,62,0.027,0.244,0.105,0.151,Normal
2229,2026-04-03T21:00:00.000Z,singareni-s4,zone-d,SN-101,0.03,0.19,0,0.07,0.39,23,-68,71,0.032,0.7,0.007,0.079,Normal
2230,2026-04-03T22:00:00.000Z,korba-west-bench,zone-b,EX-201,3.45,1.05,7.66,1.23,2.31,71,-67,64,1.397,0.159,2.45,0.691,Critical
2231,2026-04-03T23:00:00.000Z,singareni-s4,zone-c,SN-101,0.63,0,0.24,0.28,0.29,29,-68,83,0,0.824,0.183,0.195,Normal
2232,2026-04-04T00:00:00.000Z,korba-west-bench,zone-c,SN-101,1.46,0.13,2.68,0.34,1.6,43,-72,74,0.057,0.122,0.628,0.212,Normal
2233,2026-04-04T01:00:00.000Z,raniganj-south-slope,zone-b,SN-101,0.92,0,0.02,0.06,0.83,17,-79,84,0,0.5,0.156,0.118,Normal
2234,2026-04-04T02:00:00.000Z,jharia-open-pit,zone-b,EX-201,3.03,0.94,8.35,1.25,3.39,81,-69,82,1.269,0.148,2.454,0.648,Critical
2235,2026-04-04T03:00:00.000Z,raniganj-south-slope,zone-d,PZ-401,2.61,0.92,6.24,1.36,3.43,78,-69,96,1.343,0.215,2.036,0.727,Critical
2236,2026-04-04T04:00:00.000Z,singareni-s4,zone-b,PZ-401,0,0.09,1.99,0.22,1.97,32,-74,95,0.029,0.105,0,0.147,Normal
2237,2026-04-04T05:00:00.000Z,korba-west-bench,zone-d,EX-201,1.16,0.01,0,0,0,10,-77,64,0.001,0,0.116,-0.002,Normal
2238,2026-04-04T06:00:00.000Z,singareni-s4,zone-d,EX-201,0,0,0.01,0.06,0.87,10,-74,91,0,0.545,0,0.064,Normal
2239,2026-04-04T07:00:00.000Z,jharia-open-pit,zone-d,TL-301,3.22,0.73,7.19,1.36,2.66,80,-61,86,1.066,0.187,2.576,0.608,Critical
2240,2026-04-04T08:00:00.000Z,jharia-open-pit,zone-a,TL-301,0.93,0.35,5.39,0.47,0.86,43,-77,83,0.199,0.086,0.4,0.328,Warning
2241,2026-04-04T09:00:00.000Z,korba-west-bench,zone-b,TL-301,0.91,0.09,0,0.19,1.09,20,-72,85,0.026,1.9,0.182,0.152,Normal
2242,2026-04-04T10:00:00.000Z,raniganj-south-slope,zone-c,TL-301,0.89,0.11,0.75,0.16,1.83,11,-82,81,0.029,0.188,0.098,0.101,Normal
2243,2026-04-04T11:00:00.000Z,korba-west-bench,zone-d,EX-201,1.25,0.38,3.21,0.61,1.65,39,-80,78,0.27,0.184,0.488,0.307,Warning
2244,2026-04-04T12:00:00.000Z,raniganj-south-slope,zone-d,PZ-401,0,0.04,1.39,0,0,29,-84,69,0.004,0,0,0.036,Normal
2245,2026-04-04T13:00:00.000Z,jharia-open-pit,zone-c,TL-301,1.55,0.06,0.47,0.33,0.31,10,-83,77,0.026,0.579,0.155,0.107,Normal
2246,2026-04-04T14:00:00.000Z,raniganj-south-slope,zone-b,PZ-401,0.9,0.09,1.72,0,0.72,39,-84,80,0.009,0,0.351,0.121,Normal
2247,2026-04-04T15:00:00.000Z,raniganj-south-slope,zone-d,TL-301,0,0.2,2.07,0.01,0.65,36,-77,81,0.022,0.005,0,0.083,Normal
2248,2026-04-04T16:00:00.000Z,raniganj-south-slope,zone-c,TL-301,0.11,0.09,0,0,0,24,-76,65,0.009,0,0.026,0.046,Normal
2249,2026-04-04T17:00:00.000Z,korba-west-bench,zone-d,EX-201,1.4,0.41,2.23,0.15,1.53,44,-69,66,0.102,0.064,0.616,0.284,Normal
2250,2026-04-04T18:00:00.000Z,singareni-s4,zone-d,TL-301,0.52,0.33,1.05,0,1.31,21,-62,98,0.033,0,0.109,0.105,Normal
2251,2026-04-04T19:00:00.000Z,raniganj-south-slope,zone-d,TL-301,0.87,0,1.03,0,0,30,-74,74,0,0,0.261,0.069,Normal
2252,2026-04-04T20:00:00.000Z,raniganj-south-slope,zone-c,SN-101,0.63,0.25,0.28,0.14,1.05,35,-65,95,0.06,0.368,0.22,0.153,Normal
2253,2026-04-04T21:00:00.000Z,raniganj-south-slope,zone-a,TL-301,1.52,0.24,4.07,0.37,2.3,45,-73,71,0.113,0.089,0.684,0.336,Warning
2254,2026-04-04T22:00:00.000Z,jharia-open-pit,zone-d,PZ-401,1.44,0.35,2.7,0.6,2.67,48,-77,93,0.245,0.214,0.691,0.311,Warning
2255,2026-04-04T23:00:00.000Z,korba-west-bench,zone-d,TL-301,0.17,0,0.83,0.09,0.2,32,-76,87,0,0.097,0.054,0.053,Normal
2256,2026-04-05T00:00:00.000Z,jharia-open-pit,zone-d,TL-301,1.14,0.42,4.08,0.37,1.92,59,-83,68,0.197,0.089,0.673,0.325,Warning
2257,2026-04-05T01:00:00.000Z,korba-west-bench,zone-d,PZ-401,0.36,0.3,0.18,0.14,0,25,-67,99,0.072,0.5,0.09,0.178,Normal
2258,2026-04-05T02:00:00.000Z,raniganj-south-slope,zone-b,SN-101,1.37,0.48,3.31,0.39,2.1,48,-76,77,0.235,0.114,0.658,0.419,Warning
2259,2026-04-05T03:00:00.000Z,raniganj-south-slope,zone-a,EX-201,1.74,0.34,3.49,0.46,1.48,53,-74,82,0.19,0.128,0.922,0.297,Normal
2260,2026-04-05T04:00:00.000Z,korba-west-bench,zone-a,TL-301,0.26,0.02,1.2,0.16,1.29,18,-76,98,0.005,0.123,0.047,0.062,Normal
2261,2026-04-05T05:00:00.000Z,singareni-s4,zone-a,SN-101,0.18,0,1.35,0.03,0.42,14,-74,68,0,0.021,0.025,0.027,Normal
2262,2026-04-05T06:00:00.000Z,korba-west-bench,zone-a,TL-301,0.07,0.16,0.64,0.05,0.38,25,-76,99,0.024,0.068,0.018,0.127,Normal
2263,2026-04-05T07:00:00.000Z,singareni-s4,zone-b,TL-301,2.01,0.18,2.69,0.51,1.88,57,-77,94,0.11,0.183,1.146,0.315,Warning
2264,2026-04-05T08:00:00.000Z,singareni-s4,zone-d,PZ-401,0.36,0.15,0.1,0.11,0.31,29,-84,77,0.032,0.55,0.104,0.114,Normal
2265,2026-04-05T09:00:00.000Z,jharia-open-pit,zone-a,TL-301,1.79,0.35,3.05,0.74,1.26,56,-70,84,0.294,0.235,1.002,0.293,Normal
2266,2026-04-05T10:00:00.000Z,singareni-s4,zone-d,EX-201,0.19,0,0.07,0.02,0.61,18,-77,85,0,0.118,0.034,0.139,Normal
2267,2026-04-05T11:00:00.000Z,singareni-s4,zone-b,SN-101,1.1,0.28,2.39,0.57,1.69,47,-78,62,0.188,0.229,0.517,0.209,Normal
2268,2026-04-05T12:00:00.000Z,raniganj-south-slope,zone-a,SN-101,0.14,0.17,1.07,0.21,0.8,28,-66,60,0.053,0.179,0.039,0.158,Normal
2269,2026-04-05T13:00:00.000Z,singareni-s4,zone-d,EX-201,1.18,0.15,0.19,0.07,0.51,35,-84,94,0.026,0.241,0.413,0.117,Normal
2270,2026-04-05T14:00:00.000Z,raniganj-south-slope,zone-b,TL-301,0.24,0.08,0.43,0,0.68,34,-65,86,0.008,0,0.082,0.046,Normal
2271,2026-04-05T15:00:00.000Z,singareni-s4,zone-b,EX-201,1.61,0.3,3.08,0.39,1.31,46,-77,70,0.147,0.123,0.741,0.219,Normal
2272,2026-04-05T16:00:00.000Z,singareni-s4,zone-a,TL-301,0.19,0.06,0.54,0.02,0.83,18,-79,71,0.007,0.031,0.034,0.103,Normal
2273,2026-04-05T17:00:00.000Z,korba-west-bench,zone-d,PZ-401,2.04,0.15,2.72,0.37,1.3,52,-63,64,0.07,0.131,1.061,0.216,Normal
2274,2026-04-05T18:00:00.000Z,korba-west-bench,zone-a,PZ-401,0.02,0.06,0.75,0.13,0.59,43,-63,63,0.014,0.153,0.009,0.071,Normal
2275,2026-04-05T19:00:00.000Z,raniganj-south-slope,zone-c,TL-301,0.13,0,0.59,0,1.35,27,-73,63,0,0,0.035,0.042,Normal
2276,2026-04-05T20:00:00.000Z,jharia-open-pit,zone-a,PZ-401,2.27,0.55,3.62,0.73,1.78,54,-80,93,0.457,0.196,1.226,0.454,Warning
2277,2026-04-05T21:00:00.000Z,raniganj-south-slope,zone-d,TL-301,0.76,0.1,0.34,0,0.84,13,-84,75,0.01,0,0.099,0.059,Normal
2278,2026-04-05T22:00:00.000Z,korba-west-bench,zone-b,TL-301,0.47,0.06,2.08,0,0.42,26,-61,88,0.006,0,0.122,0.144,Normal
2279,2026-04-05T23:00:00.000Z,korba-west-bench,zone-c,PZ-401,0.39,0.22,0.58,0,0.84,20,-72,68,0.022,0,0.078,0.062,Normal
2280,2026-04-06T00:00:00.000Z,raniganj-south-slope,zone-c,TL-301,0.01,0,1.68,0.1,0.88,21,-73,78,0,0.056,0.002,0.112,Normal
2281,2026-04-06T01:00:00.000Z,singareni-s4,zone-c,SN-101,0.72,0.23,0.62,0.39,1.16,21,-82,77,0.113,0.542,0.151,0.285,Normal
2282,2026-04-06T02:00:00.000Z,singareni-s4,zone-d,PZ-401,1.89,0.45,4.16,0.59,2.33,49,-81,79,0.31,0.138,0.926,0.305,Warning
2283,2026-04-06T03:00:00.000Z,raniganj-south-slope,zone-b,TL-301,1.17,0.28,3.72,0.45,2.52,47,-77,84,0.154,0.118,0.55,0.323,Warning
2284,2026-04-06T04:00:00.000Z,jharia-open-pit,zone-a,TL-301,0.66,0,0.22,0,1.08,38,-71,80,0,0,0.251,0.093,Normal
2285,2026-04-06T05:00:00.000Z,korba-west-bench,zone-d,SN-101,0,0,0.36,0,1.33,28,-73,86,0,0,0,0.065,Normal
2286,2026-04-06T06:00:00.000Z,raniganj-south-slope,zone-a,PZ-401,1.8,0.48,3.36,0.37,1.13,43,-60,92,0.226,0.107,0.774,0.336,Warning
2287,2026-04-06T07:00:00.000Z,raniganj-south-slope,zone-d,PZ-401,1.6,0.37,2.28,0.49,2.5,60,-66,85,0.218,0.206,0.96,0.361,Warning
2288,2026-04-06T08:00:00.000Z,singareni-s4,zone-d,PZ-401,0.46,0,1.18,0.23,1.59,27,-63,90,0,0.18,0.124,0.051,Normal
2289,2026-04-06T09:00:00.000Z,korba-west-bench,zone-d,SN-101,0.82,0,0.72,0,1.01,26,-62,70,0,0,0.213,0.067,Normal
2290,2026-04-06T10:00:00.000Z,korba-west-bench,zone-b,EX-201,0.48,0,0,0,0.5,20,-66,95,0,0,0.096,0.052,Normal
2291,2026-04-06T11:00:00.000Z,jharia-open-pit,zone-d,SN-101,2.87,0.89,8.3,1.28,4.29,84,-71,71,1.228,0.152,2.411,0.655,Critical
2292,2026-04-06T12:00:00.000Z,korba-west-bench,zone-d,EX-201,1.17,0.42,4.09,0.13,1.27,59,-76,83,0.097,0.031,0.69,0.234,Normal
2293,2026-04-06T13:00:00.000Z,singareni-s4,zone-b,EX-201,0.59,0,0.46,0,0.93,30,-82,77,0,0,0.177,0.047,Normal
2294,2026-04-06T14:00:00.000Z,korba-west-bench,zone-d,SN-101,0.39,0.04,0,0,0.36,10,-77,72,0.004,0,0.039,0.045,Normal
2295,2026-04-06T15:00:00.000Z,raniganj-south-slope,zone-b,SN-101,0,0.23,0.57,0,0.96,17,-76,62,0.023,0,0,0.07,Normal
2296,2026-04-06T16:00:00.000Z,korba-west-bench,zone-b,SN-101,0.13,0.03,1.25,0.26,0.97,46,-60,65,0.011,0.193,0.06,0.088,Normal
2297,2026-04-06T17:00:00.000Z,raniganj-south-slope,zone-b,TL-301,4,0.9,7.72,1.19,2.28,80,-80,83,1.161,0.152,3.2,0.604,Critical
2298,2026-04-06T18:00:00.000Z,jharia-open-pit,zone-a,EX-201,0.86,0,0.92,0.11,0.38,26,-70,68,0,0.108,0.224,0.104,Normal
2299,2026-04-06T19:00:00.000Z,korba-west-bench,zone-c,SN-101,0.33,0,0.68,0.18,0.59,47,-77,67,0,0.231,0.155,0.177,Normal
2300,2026-04-06T20:00:00.000Z,raniganj-south-slope,zone-c,EX-201,1.7,0.32,2.65,0.16,2.53,47,-69,69,0.083,0.058,0.799,0.242,Normal
2301,2026-04-06T21:00:00.000Z,korba-west-bench,zone-c,TL-301,0.62,0.09,1.37,0,0.22,11,-70,65,0.009,0,0.068,0.119,Normal
2302,2026-04-06T22:00:00.000Z,singareni-s4,zone-c,SN-101,0.73,0.11,0.11,0.04,0.89,41,-64,93,0.015,0.19,0.299,0.195,Normal
2303,2026-04-06T23:00:00.000Z,korba-west-bench,zone-c,SN-101,1.79,0.24,3.66,0.55,2.36,52,-61,82,0.156,0.146,0.931,0.353,Warning
2304,2026-04-07T00:00:00.000Z,raniganj-south-slope,zone-b,SN-101,0.72,0,0,0.18,1.88,26,-74,73,0,1.8,0.187,0.119,Normal
2305,2026-04-07T01:00:00.000Z,korba-west-bench,zone-d,TL-301,1.1,0.4,4.34,0.76,1.13,51,-80,97,0.344,0.171,0.561,0.386,Warning
2306,2026-04-07T02:00:00.000Z,jharia-open-pit,zone-a,PZ-401,1.43,0.37,1.8,0.52,2.46,45,-63,88,0.229,0.274,0.643,0.249,Normal
2307,2026-04-07T03:00:00.000Z,jharia-open-pit,zone-a,EX-201,3.51,0.84,8.39,1.35,5.1,73,-78,80,1.218,0.159,2.562,0.684,Critical
2308,2026-04-07T04:00:00.000Z,singareni-s4,zone-a,EX-201,0.46,0.17,0,0,0.09,10,-82,99,0.017,0,0.046,0.082,Normal
2309,2026-04-07T05:00:00.000Z,jharia-open-pit,zone-d,PZ-401,1.98,0.24,3.3,0.32,2.03,32,-74,95,0.101,0.094,0.634,0.261,Normal
2310,2026-04-07T06:00:00.000Z,jharia-open-pit,zone-c,EX-201,0.61,0.07,1.24,0,0,28,-61,86,0.007,0,0.171,0.102,Normal
2311,2026-04-07T07:00:00.000Z,singareni-s4,zone-d,PZ-401,0.59,0,0.34,0,0.94,18,-81,79,0,0,0.106,0.128,Normal
2312,2026-04-07T08:00:00.000Z,korba-west-bench,zone-b,TL-301,0.49,0,0.7,0,0.88,35,-76,89,0,0,0.171,0.098,Normal
2313,2026-04-07T09:00:00.000Z,raniganj-south-slope,zone-c,TL-301,1.07,0,1.06,0.15,0,28,-77,96,0,0.129,0.3,0.085,Normal
2314,2026-04-07T10:00:00.000Z,korba-west-bench,zone-d,EX-201,1.51,0.39,3.58,0.33,1.84,60,-67,86,0.168,0.09,0.906,0.249,Normal
2315,2026-04-07T11:00:00.000Z,korba-west-bench,zone-d,PZ-401,0,0,1.74,0.25,0,28,-79,94,0,0.136,0,0.013,Normal
2316,2026-04-07T12:00:00.000Z,korba-west-bench,zone-d,PZ-401,0.64,0.07,0.62,0.22,1.13,17,-71,90,0.022,0.306,0.109,0.167,Normal
2317,2026-04-07T13:00:00.000Z,jharia-open-pit,zone-c,TL-301,3.88,1.06,8.42,1.09,3.67,75,-80,73,1.261,0.128,2.91,0.666,Critical
2318,2026-04-07T14:00:00.000Z,singareni-s4,zone-b,SN-101,0.88,0.16,0.84,0,1.38,32,-80,71,0.016,0,0.282,0.067,Normal
2319,2026-04-07T15:00:00.000Z,singareni-s4,zone-d,TL-301,1.7,0.27,1.54,0.38,0.78,45,-79,63,0.13,0.232,0.765,0.153,Normal
2320,2026-04-07T16:00:00.000Z,raniganj-south-slope,zone-d,SN-101,0.41,0.23,1.4,0,0,19,-68,68,0.023,0,0.078,0.111,Normal
2321,2026-04-07T17:00:00.000Z,raniganj-south-slope,zone-c,TL-301,1.47,0.31,2.04,0.71,2.14,46,-63,94,0.251,0.332,0.676,0.267,Normal
2322,2026-04-07T18:00:00.000Z,raniganj-south-slope,zone-d,PZ-401,2.14,0.4,2.6,0.45,2.22,43,-81,68,0.22,0.167,0.92,0.321,Warning
2323,2026-04-07T19:00:00.000Z,raniganj-south-slope,zone-c,SN-101,0.56,0.13,0.27,0,1.16,11,-70,62,0.013,0,0.062,0.053,Normal
2324,2026-04-07T20:00:00.000Z,korba-west-bench,zone-a,TL-301,0.27,0.18,1.02,0.05,0.34,13,-65,89,0.027,0.045,0.035,0.059,Normal
2325,2026-04-07T21:00:00.000Z,singareni-s4,zone-d,SN-101,3.48,0.85,7.65,1.68,3.51,70,-61,61,1.513,0.217,2.436,0.679,Critical
2326,2026-04-07T22:00:00.000Z,jharia-open-pit,zone-a,PZ-401,0.43,0,0.85,0.17,0.33,37,-71,68,0,0.179,0.159,0.016,Normal
2327,2026-04-07T23:00:00.000Z,korba-west-bench,zone-b,PZ-401,0,0,1.46,0.03,0.5,28,-74,77,0,0.019,0,0.029,Normal
2328,2026-04-08T00:00:00.000Z,jharia-open-pit,zone-a,EX-201,0.17,0.17,0.74,0.13,0,40,-64,92,0.039,0.155,0.068,0.119,Normal
2329,2026-04-08T01:00:00.000Z,singareni-s4,zone-d,EX-201,1.09,0.12,2.37,0.31,0.86,25,-78,70,0.049,0.126,0.273,0.179,Normal
2330,2026-04-08T02:00:00.000Z,jharia-open-pit,zone-a,EX-201,0.9,0.19,0.31,0.41,0.85,31,-74,83,0.097,1,0.279,0.188,Normal
2331,2026-04-08T03:00:00.000Z,raniganj-south-slope,zone-a,EX-201,0.44,0,0,0.31,1.46,13,-74,98,0,3.1,0.057,0.069,Normal
2332,2026-04-08T04:00:00.000Z,singareni-s4,zone-d,SN-101,0.02,0.2,2.33,0.26,0,18,-76,100,0.072,0.107,0.004,0.075,Normal
2333,2026-04-08T05:00:00.000Z,korba-west-bench,zone-a,TL-301,0.35,0.4,0.81,0,0.62,21,-61,92,0.04,0,0.073,0.127,Normal
2334,2026-04-08T06:00:00.000Z,jharia-open-pit,zone-b,TL-301,1.41,0.39,3.71,0.22,2.44,33,-82,64,0.125,0.058,0.465,0.356,Warning
2335,2026-04-08T07:00:00.000Z,singareni-s4,zone-c,TL-301,0,0.09,0.14,0.22,0.68,16,-74,99,0.029,0.917,0,0.062,Normal
2336,2026-04-08T08:00:00.000Z,raniganj-south-slope,zone-d,PZ-401,0.49,0.04,0.17,0.36,0.35,19,-77,92,0.018,1.333,0.093,0.141,Normal
2337,2026-04-08T09:00:00.000Z,raniganj-south-slope,zone-a,TL-301,0.13,0,0,0.12,0.28,21,-73,62,0,1.2,0.027,0.081,Normal
2338,2026-04-08T10:00:00.000Z,korba-west-bench,zone-d,EX-201,0.28,0.24,0.17,0.26,0.22,10,-71,68,0.086,0.963,0.028,0.21,Normal
2339,2026-04-08T11:00:00.000Z,korba-west-bench,zone-b,PZ-401,1.17,0.51,5.36,0.64,2.31,49,-65,95,0.377,0.117,0.573,0.396,Warning
2340,2026-04-08T12:00:00.000Z,jharia-open-pit,zone-b,TL-301,0,0,1.92,0.35,0.32,34,-60,91,0,0.173,0,0.072,Normal
2341,2026-04-08T13:00:00.000Z,singareni-s4,zone-c,EX-201,0.57,0,0.34,0.03,0,37,-62,89,0,0.068,0.211,0.039,Normal
2342,2026-04-08T14:00:00.000Z,singareni-s4,zone-b,SN-101,0.09,0.2,1.92,0.05,0.19,39,-73,67,0.03,0.025,0.035,0.079,Normal
2343,2026-04-08T15:00:00.000Z,raniganj-south-slope,zone-a,EX-201,1.63,0.31,3.36,0.61,1.82,50,-84,98,0.22,0.176,0.815,0.351,Warning
2344,2026-04-08T16:00:00.000Z,raniganj-south-slope,zone-a,PZ-401,1.83,0.04,3.58,0.48,2.23,43,-75,96,0.023,0.13,0.787,0.321,Warning
2345,2026-04-08T17:00:00.000Z,raniganj-south-slope,zone-a,TL-301,0.01,0.04,1.45,0,0.43,16,-68,77,0.004,0,0.002,-0.052,Normal
2346,2026-04-08T18:00:00.000Z,korba-west-bench,zone-b,TL-301,0.35,0,0,0,0.26,22,-61,89,0,0,0.077,0.069,Normal
2347,2026-04-08T19:00:00.000Z,raniganj-south-slope,zone-d,PZ-401,4.18,1.11,7.94,1.52,3.57,65,-61,61,1.798,0.189,2.717,0.729,Critical
2348,2026-04-08T20:00:00.000Z,korba-west-bench,zone-a,SN-101,1.73,0.34,3.16,0.25,1.52,34,-80,88,0.119,0.077,0.588,0.224,Normal
2349,2026-04-08T21:00:00.000Z,singareni-s4,zone-a,PZ-401,3.01,0.89,8.38,1.17,3.25,72,-82,91,1.13,0.138,2.167,0.633,Critical
2350,2026-04-08T22:00:00.000Z,korba-west-bench,zone-d,SN-101,1.34,0.35,3.1,0.18,2.99,45,-73,64,0.098,0.056,0.603,0.231,Normal
2351,2026-04-08T23:00:00.000Z,singareni-s4,zone-a,PZ-401,2.14,0.39,4.37,0.61,1.6,43,-73,79,0.277,0.136,0.92,0.374,Warning
2352,2026-04-09T00:00:00.000Z,jharia-open-pit,zone-c,PZ-401,3.38,0.78,7.43,1.24,3.21,70,-77,82,1.045,0.165,2.366,0.631,Critical
2353,2026-04-09T01:00:00.000Z,singareni-s4,zone-d,TL-301,0.25,0.07,0.46,0.06,0.53,33,-77,74,0.011,0.107,0.083,0.078,Normal
2354,2026-04-09T02:00:00.000Z,raniganj-south-slope,zone-b,TL-301,1.35,0.43,3.86,0.26,1.58,34,-83,68,0.155,0.066,0.459,0.306,Warning
2355,2026-04-09T03:00:00.000Z,korba-west-bench,zone-a,TL-301,0.87,0,0.29,0.13,0.8,15,-60,72,0,0.333,0.131,0.117,Normal
2356,2026-04-09T04:00:00.000Z,raniganj-south-slope,zone-d,PZ-401,2.87,0.82,7.33,1.03,3.06,83,-78,63,0.927,0.139,2.382,0.647,Critical
2357,2026-04-09T05:00:00.000Z,korba-west-bench,zone-c,TL-301,2.4,0.4,3.34,0.35,2.14,46,-71,81,0.18,0.102,1.104,0.338,Warning
2358,2026-04-09T06:00:00.000Z,jharia-open-pit,zone-c,SN-101,1.11,0,0.43,0.07,1.3,21,-69,92,0,0.132,0.233,0.117,Normal
2359,2026-04-09T07:00:00.000Z,raniganj-south-slope,zone-b,TL-301,1.35,0.12,3.96,0.7,3.33,51,-85,99,0.096,0.172,0.689,0.327,Warning
2360,2026-04-09T08:00:00.000Z,jharia-open-pit,zone-c,SN-101,3.56,0.99,7.64,1.25,3.92,72,-61,70,1.337,0.161,2.563,0.752,Critical
2361,2026-04-09T09:00:00.000Z,jharia-open-pit,zone-c,PZ-401,1.33,0.22,3.51,0.45,2.39,56,-68,94,0.121,0.125,0.745,0.285,Normal
2362,2026-04-09T10:00:00.000Z,jharia-open-pit,zone-a,EX-201,1.59,0.12,3.52,0.38,2.09,49,-69,77,0.058,0.105,0.779,0.261,Normal
2363,2026-04-09T11:00:00.000Z,korba-west-bench,zone-d,EX-201,0,0.19,0,0,0.81,30,-68,89,0.019,0,0,0.118,Normal
2364,2026-04-09T12:00:00.000Z,singareni-s4,zone-b,EX-201,0.77,0.1,0.67,0.18,1.32,22,-77,69,0.028,0.234,0.169,0.109,Normal
2365,2026-04-09T13:00:00.000Z,korba-west-bench,zone-d,EX-201,0.38,0.12,0.76,0.18,1,21,-61,91,0.034,0.209,0.08,0.201,Normal
2366,2026-04-09T14:00:00.000Z,singareni-s4,zone-c,PZ-401,0.36,0.22,1.38,0,0.15,30,-67,94,0.022,0,0.108,0.112,Normal
2367,2026-04-09T15:00:00.000Z,korba-west-bench,zone-a,PZ-401,0.24,0,1.07,0.22,1.22,24,-65,86,0,0.188,0.058,0.063,Normal
2368,2026-04-09T16:00:00.000Z,korba-west-bench,zone-d,EX-201,0.54,0.15,1.08,0.11,0,21,-63,76,0.032,0.093,0.113,0.145,Normal
2369,2026-04-09T17:00:00.000Z,korba-west-bench,zone-d,TL-301,0.76,0.1,0,0.1,0.5,20,-72,74,0.02,1,0.152,0.039,Normal
2370,2026-04-09T18:00:00.000Z,jharia-open-pit,zone-a,PZ-401,0.68,0.05,0,0,0.68,41,-76,71,0.005,0,0.279,0.145,Normal
2371,2026-04-09T19:00:00.000Z,korba-west-bench,zone-b,TL-301,1.25,0.08,1.52,0.01,0.87,22,-71,67,0.009,0.006,0.275,0.047,Normal
2372,2026-04-09T20:00:00.000Z,korba-west-bench,zone-c,PZ-401,0.01,0,0.31,0.1,0.69,25,-73,66,0,0.244,0.003,0.091,Normal
2373,2026-04-09T21:00:00.000Z,singareni-s4,zone-d,SN-101,0.36,0.05,0.79,0.23,1.13,28,-61,63,0.017,0.258,0.101,0.165,Normal
2374,2026-04-09T22:00:00.000Z,jharia-open-pit,zone-c,SN-101,0.84,0.09,0.71,0.44,0,24,-76,89,0.049,0.543,0.202,0.146,Normal
2375,2026-04-09T23:00:00.000Z,korba-west-bench,zone-b,SN-101,0.49,0,0.55,0.04,0.56,30,-69,61,0,0.062,0.147,0.052,Normal
2376,2026-04-10T00:00:00.000Z,korba-west-bench,zone-a,TL-301,1.19,0.35,3.99,0.59,2.01,46,-66,73,0.241,0.144,0.547,0.297,Normal
2377,2026-04-10T01:00:00.000Z,raniganj-south-slope,zone-b,TL-301,0.13,0.08,0,0.06,0.72,34,-81,80,0.013,0.6,0.044,0.077,Normal
2378,2026-04-10T02:00:00.000Z,jharia-open-pit,zone-c,PZ-401,1.92,0.19,3.21,0.63,1.83,47,-82,65,0.139,0.19,0.902,0.244,Normal
2379,2026-04-10T03:00:00.000Z,korba-west-bench,zone-c,SN-101,2.73,0.9,7.22,1.13,3.01,68,-62,95,1.107,0.154,1.856,0.62,Critical
2380,2026-04-10T04:00:00.000Z,korba-west-bench,zone-c,EX-201,0.66,0,0.94,0,0.59,10,-74,99,0,0,0.066,0.027,Normal
2381,2026-04-10T05:00:00.000Z,singareni-s4,zone-b,SN-101,0.55,0.31,1.87,0.11,0.58,25,-60,87,0.065,0.056,0.138,0.179,Normal
2382,2026-04-10T06:00:00.000Z,raniganj-south-slope,zone-d,SN-101,0.85,0.17,0.18,0,0.86,20,-61,75,0.017,0,0.17,0.168,Normal
2383,2026-04-10T07:00:00.000Z,korba-west-bench,zone-c,PZ-401,0.31,0,2.51,0.35,0.59,18,-80,93,0,0.134,0.056,0.102,Normal
2384,2026-04-10T08:00:00.000Z,raniganj-south-slope,zone-c,TL-301,1.13,0.14,1.96,0.03,0.64,44,-71,70,0.018,0.015,0.497,0.091,Normal
2385,2026-04-10T09:00:00.000Z,jharia-open-pit,zone-c,EX-201,1.78,0.27,2.62,0.4,1.41,40,-79,94,0.135,0.147,0.712,0.348,Warning
2386,2026-04-10T10:00:00.000Z,korba-west-bench,zone-d,SN-101,0.14,0.06,1.98,0.15,0.64,21,-74,79,0.015,0.072,0.029,0.093,Normal
2387,2026-04-10T11:00:00.000Z,raniganj-south-slope,zone-b,SN-101,0.55,0,0.76,0.12,0.68,29,-85,62,0,0.14,0.16,0.014,Normal
2388,2026-04-10T12:00:00.000Z,raniganj-south-slope,zone-d,EX-201,0.27,0.2,1.62,0.01,1.02,14,-76,66,0.022,0.006,0.038,0.127,Normal
2389,2026-04-10T13:00:00.000Z,jharia-open-pit,zone-a,TL-301,0.19,0.09,0.59,0,0.86,28,-84,100,0.009,0,0.053,0.035,Normal
2390,2026-04-10T14:00:00.000Z,korba-west-bench,zone-a,EX-201,0.83,0.23,0.71,0.13,0,20,-81,62,0.053,0.16,0.166,0.123,Normal
2391,2026-04-10T15:00:00.000Z,singareni-s4,zone-c,TL-301,0.85,0.04,0,0.1,0.35,20,-66,70,0.008,1,0.17,0.086,Normal
2392,2026-04-10T16:00:00.000Z,raniganj-south-slope,zone-b,EX-201,3.51,0.88,7.06,1.14,3.35,62,-64,90,1.091,0.159,2.176,0.618,Critical
2393,2026-04-10T17:00:00.000Z,raniganj-south-slope,zone-d,PZ-401,3.59,0.98,8.2,1.56,3.26,65,-63,63,1.627,0.188,2.333,0.699,Critical
2394,2026-04-10T18:00:00.000Z,raniganj-south-slope,zone-d,EX-201,0.06,0,1.63,0.29,0.42,28,-74,68,0,0.168,0.017,0.052,Normal
2395,2026-04-10T19:00:00.000Z,korba-west-bench,zone-d,EX-201,0.22,0.19,0.41,0.43,0.69,26,-82,67,0.101,0.843,0.057,0.078,Normal
2396,2026-04-10T20:00:00.000Z,raniganj-south-slope,zone-c,SN-101,0.49,0.08,1.66,0.14,0.47,31,-71,69,0.019,0.08,0.152,0.131,Normal
2397,2026-04-10T21:00:00.000Z,jharia-open-pit,zone-b,EX-201,0.73,0,0.87,0.48,0.62,21,-67,89,0,0.495,0.153,0.109,Normal
2398,2026-04-10T22:00:00.000Z,raniganj-south-slope,zone-d,PZ-401,0.38,0,1.26,0.03,0.21,28,-65,86,0,0.022,0.106,0.114,Normal
2399,2026-04-10T23:00:00.000Z,raniganj-south-slope,zone-a,SN-101,0.5,0.06,1.54,0.11,0,37,-62,86,0.013,0.067,0.185,0.074,Normal
2400,2026-04-11T00:00:00.000Z,jharia-open-pit,zone-b,PZ-401,0,0.04,1.33,0.32,0.8,25,-81,64,0.017,0.224,0,0.08,Normal
2401,2026-04-11T01:00:00.000Z,korba-west-bench,zone-b,SN-101,1.63,0.16,2.31,0.62,2.46,55,-74,83,0.115,0.257,0.896,0.368,Warning
2402,2026-04-11T02:00:00.000Z,raniganj-south-slope,zone-d,SN-101,0.42,0.09,1.52,0,0.44,23,-71,98,0.009,0,0.097,0.079,Normal
2403,2026-04-11T03:00:00.000Z,raniganj-south-slope,zone-d,PZ-401,0.7,0,0.79,0.04,0.6,23,-79,92,0,0.045,0.161,0.052,Normal
2404,2026-04-11T04:00:00.000Z,korba-west-bench,zone-b,TL-301,1.8,0.38,3.55,0.43,1.25,47,-70,85,0.201,0.118,0.846,0.268,Normal
2405,2026-04-11T05:00:00.000Z,jharia-open-pit,zone-a,EX-201,0.63,0.69,4.39,0.52,2.17,53,-62,74,0.428,0.116,0.334,0.355,Warning
2406,2026-04-11T06:00:00.000Z,raniganj-south-slope,zone-c,TL-301,0,0.05,0.62,0.21,0.27,20,-64,81,0.015,0.292,0,-0.011,Normal
2407,2026-04-11T07:00:00.000Z,korba-west-bench,zone-d,SN-101,0.42,0,0,0.12,0.77,26,-85,60,0,1.2,0.109,0.06,Normal
2408,2026-04-11T08:00:00.000Z,korba-west-bench,zone-b,SN-101,0.72,0.06,0.02,0.19,0.19,33,-69,79,0.017,1.583,0.238,0.075,Normal
2409,2026-04-11T09:00:00.000Z,singareni-s4,zone-b,TL-301,0.46,0.12,0.38,0.29,0.02,25,-65,74,0.047,0.604,0.115,0.071,Normal
2410,2026-04-11T10:00:00.000Z,jharia-open-pit,zone-c,EX-201,1.13,0.03,0.64,0.38,1.27,25,-65,90,0.014,0.514,0.282,0.147,Normal
2411,2026-04-11T11:00:00.000Z,korba-west-bench,zone-c,PZ-401,0.49,0,1.64,0.21,0.64,32,-61,89,0,0.121,0.157,0.098,Normal
2412,2026-04-11T12:00:00.000Z,jharia-open-pit,zone-c,EX-201,2.18,0.65,4.32,0.46,1.81,61,-84,92,0.364,0.104,1.33,0.376,Warning
2413,2026-04-11T13:00:00.000Z,singareni-s4,zone-a,PZ-401,0.76,0.15,0.07,0.42,0.88,29,-69,65,0.078,2.471,0.22,0.146,Normal
2414,2026-04-11T14:00:00.000Z,raniganj-south-slope,zone-a,EX-201,2.35,0.47,3.67,0.44,1.23,60,-64,86,0.254,0.117,1.41,0.393,Warning
2415,2026-04-11T15:00:00.000Z,raniganj-south-slope,zone-a,PZ-401,1.52,0.32,2.09,0.73,1.03,59,-62,89,0.266,0.333,0.897,0.29,Normal
2416,2026-04-11T16:00:00.000Z,singareni-s4,zone-a,EX-201,0.01,0.04,1.63,0.23,0.96,36,-73,90,0.013,0.133,0.004,0.084,Normal
2417,2026-04-11T17:00:00.000Z,jharia-open-pit,zone-a,EX-201,0.45,0.01,0,0.07,0.43,12,-73,75,0.002,0.7,0.054,0.005,Normal
2418,2026-04-11T18:00:00.000Z,jharia-open-pit,zone-d,SN-101,0.94,0.11,1.27,0.36,0.74,24,-66,68,0.051,0.263,0.226,0.147,Normal
2419,2026-04-11T19:00:00.000Z,jharia-open-pit,zone-c,TL-301,1.21,0.28,4.21,0.25,1.06,32,-76,61,0.098,0.058,0.387,0.229,Normal
2420,2026-04-11T20:00:00.000Z,korba-west-bench,zone-d,SN-101,0.18,0,1.1,0.22,0.5,24,-79,94,0,0.183,0.043,0,Normal
2421,2026-04-11T21:00:00.000Z,jharia-open-pit,zone-a,TL-301,0.91,0,1.65,0.07,1.14,23,-73,61,0,0.04,0.209,0.056,Normal
2422,2026-04-11T22:00:00.000Z,singareni-s4,zone-b,PZ-401,1.75,0.4,2.51,0.29,1.4,48,-72,81,0.156,0.111,0.84,0.285,Normal
2423,2026-04-11T23:00:00.000Z,jharia-open-pit,zone-d,PZ-401,0.94,0.29,3.87,0.25,1.66,53,-71,86,0.101,0.063,0.498,0.259,Normal
2424,2026-04-12T00:00:00.000Z,singareni-s4,zone-d,TL-301,0.36,0.04,0.06,0.08,0,15,-73,69,0.007,0.5,0.054,0.072,Normal
2425,2026-04-12T01:00:00.000Z,raniganj-south-slope,zone-b,TL-301,1.51,0.44,3,0.48,2.2,45,-65,92,0.255,0.155,0.679,0.301,Warning
2426,2026-04-12T02:00:00.000Z,raniganj-south-slope,zone-b,TL-301,1.04,0,1.22,0.24,0.03,31,-75,64,0,0.182,0.322,0.086,Normal
2427,2026-04-12T03:00:00.000Z,singareni-s4,zone-c,TL-301,2.97,0.89,7.55,1.38,3.14,66,-83,80,1.317,0.18,1.96,0.655,Critical
2428,2026-04-12T04:00:00.000Z,jharia-open-pit,zone-b,EX-201,3.72,0.8,7.53,1.09,3.9,78,-81,70,0.952,0.143,2.902,0.689,Critical
2429,2026-04-12T05:00:00.000Z,korba-west-bench,zone-b,EX-201,0.94,0,1.06,0.02,1.29,10,-72,99,0,0.017,0.094,0.041,Normal
2430,2026-04-12T06:00:00.000Z,korba-west-bench,zone-d,SN-101,4.04,0.87,7.86,1.46,3.59,76,-82,68,1.357,0.183,3.07,0.765,Critical
2431,2026-04-12T07:00:00.000Z,raniganj-south-slope,zone-b,EX-201,0,0.01,2.14,0.2,0.92,19,-60,71,0.003,0.089,0,0.185,Normal
2432,2026-04-12T08:00:00.000Z,jharia-open-pit,zone-d,SN-101,0.77,0.11,0.07,0.22,1.25,43,-70,92,0.035,1.294,0.331,0.138,Normal
2433,2026-04-12T09:00:00.000Z,korba-west-bench,zone-a,EX-201,2.02,0.52,2.61,0.51,1.44,45,-67,83,0.317,0.188,0.909,0.294,Normal
2434,2026-04-12T10:00:00.000Z,korba-west-bench,zone-d,SN-101,0.38,0.08,1.03,0.2,0.2,10,-85,95,0.024,0.177,0.038,0.083,Normal
2435,2026-04-12T11:00:00.000Z,raniganj-south-slope,zone-a,EX-201,0.53,0.21,2.09,0.06,0.29,32,-72,60,0.034,0.027,0.17,0.109,Normal
2436,2026-04-12T12:00:00.000Z,raniganj-south-slope,zone-a,EX-201,0.38,0.2,1.79,0.19,0.06,31,-70,71,0.058,0.101,0.118,0.131,Normal
2437,2026-04-12T13:00:00.000Z,korba-west-bench,zone-c,PZ-401,3.38,0.97,8.21,1.08,3.16,49,-84,86,1.145,0.13,1.656,0.602,Critical
2438,2026-04-12T14:00:00.000Z,raniganj-south-slope,zone-a,EX-201,0.44,0,0.87,0.05,0.95,18,-70,67,0,0.052,0.079,0.123,Normal
2439,2026-04-12T15:00:00.000Z,singareni-s4,zone-b,EX-201,0.09,0.04,1.12,0.14,0.72,14,-71,68,0.01,0.115,0.013,0.03,Normal
2440,2026-04-12T16:00:00.000Z,singareni-s4,zone-c,SN-101,1.37,0.51,1.92,0.43,1.84,38,-73,79,0.27,0.213,0.521,0.238,Normal
2441,2026-04-12T17:00:00.000Z,singareni-s4,zone-c,EX-201,0.8,0.53,3.3,0.29,2.02,60,-74,76,0.207,0.085,0.48,0.284,Normal
2442,2026-04-12T18:00:00.000Z,jharia-open-pit,zone-b,TL-301,0.51,0.12,1.03,0.16,0.14,25,-73,65,0.031,0.142,0.128,0.093,Normal
2443,2026-04-12T19:00:00.000Z,korba-west-bench,zone-d,SN-101,0.92,0,2.06,0.5,1.37,28,-76,67,0,0.231,0.258,0.202,Normal
2444,2026-04-12T20:00:00.000Z,singareni-s4,zone-d,SN-101,2.64,0.78,8.77,1.18,2.53,64,-82,73,0.998,0.133,1.69,0.629,Critical
2445,2026-04-12T21:00:00.000Z,jharia-open-pit,zone-b,PZ-401,0.82,0.12,0.23,0.11,0.68,16,-65,96,0.025,0.333,0.131,0.043,Normal
2446,2026-04-12T22:00:00.000Z,korba-west-bench,zone-b,EX-201,0.27,0.14,1.09,0.39,0.08,19,-64,89,0.069,0.328,0.051,0.055,Normal
2447,2026-04-12T23:00:00.000Z,raniganj-south-slope,zone-b,PZ-401,1.39,0.29,3.18,0.44,1.43,43,-77,89,0.157,0.134,0.598,0.242,Normal
2448,2026-04-13T00:00:00.000Z,singareni-s4,zone-b,EX-201,0.09,0,0,0,0.87,28,-75,72,0,0,0.025,0.07,Normal
2449,2026-04-13T01:00:00.000Z,korba-west-bench,zone-b,EX-201,0.28,0,0.59,0.29,0.59,10,-61,90,0,0.42,0.028,0.048,Normal
2450,2026-04-13T02:00:00.000Z,singareni-s4,zone-d,PZ-401,0.05,0,0.61,0,0.33,37,-67,91,0,0,0.018,0.017,Normal
2451,2026-04-13T03:00:00.000Z,raniganj-south-slope,zone-b,PZ-401,3.11,0.92,6.21,1.05,3.03,55,-74,63,1.058,0.166,1.711,0.548,Warning
2452,2026-04-13T04:00:00.000Z,raniganj-south-slope,zone-d,PZ-401,0,0.03,0.68,0.18,0.67,11,-85,87,0.008,0.231,0,0.086,Normal
2453,2026-04-13T05:00:00.000Z,raniganj-south-slope,zone-d,SN-101,3.61,0.78,8.26,1.33,3.06,70,-65,72,1.115,0.159,2.527,0.711,Critical
2454,2026-04-13T06:00:00.000Z,korba-west-bench,zone-c,SN-101,0.61,0.16,0.04,0.11,0.33,15,-84,96,0.034,0.786,0.091,0.028,Normal
2455,2026-04-13T07:00:00.000Z,raniganj-south-slope,zone-c,TL-301,0.47,0.1,0.35,0.25,0.92,28,-65,84,0.035,0.556,0.132,0.106,Normal
2456,2026-04-13T08:00:00.000Z,singareni-s4,zone-c,EX-201,1.97,0.22,3.08,0.41,1.74,46,-66,61,0.112,0.129,0.906,0.283,Normal
2457,2026-04-13T09:00:00.000Z,jharia-open-pit,zone-a,EX-201,1.53,0.31,4.46,0.33,2.29,54,-69,63,0.133,0.072,0.826,0.383,Warning
2458,2026-04-13T10:00:00.000Z,singareni-s4,zone-c,SN-101,0.21,0,1.37,0.06,0,32,-73,74,0,0.041,0.067,0.073,Normal
2459,2026-04-13T11:00:00.000Z,korba-west-bench,zone-d,SN-101,0.28,0.1,1.41,0.07,1.13,27,-72,98,0.017,0.046,0.076,0.113,Normal
2460,2026-04-13T12:00:00.000Z,korba-west-bench,zone-c,SN-101,3.5,0.69,6.68,1.03,3.22,72,-62,89,0.78,0.152,2.52,0.608,Critical
2461,2026-04-13T13:00:00.000Z,singareni-s4,zone-b,SN-101,1.48,0.16,3.59,0.77,1.3,42,-83,60,0.139,0.209,0.622,0.331,Warning
2462,2026-04-13T14:00:00.000Z,singareni-s4,zone-b,SN-101,2.94,0.61,7.82,1.31,3.25,69,-65,73,0.86,0.165,2.029,0.578,Critical
2463,2026-04-13T15:00:00.000Z,korba-west-bench,zone-a,EX-201,0.67,0.11,1.2,0.22,0.27,25,-65,86,0.035,0.169,0.168,0.122,Normal
2464,2026-04-13T16:00:00.000Z,korba-west-bench,zone-d,SN-101,0.11,0.06,0.22,0.21,0.64,23,-70,97,0.019,0.656,0.025,0.129,Normal
2465,2026-04-13T17:00:00.000Z,raniganj-south-slope,zone-d,EX-201,0.08,0.05,1.53,0,0,21,-79,75,0.005,0,0.017,-0.012,Normal
2466,2026-04-13T18:00:00.000Z,korba-west-bench,zone-d,EX-201,0.16,0.04,0.46,0.14,0.6,45,-74,86,0.01,0.25,0.072,0.074,Normal
2467,2026-04-13T19:00:00.000Z,korba-west-bench,zone-c,SN-101,0.57,0.12,1.08,0.05,0.36,24,-80,78,0.018,0.042,0.137,0.091,Normal
2468,2026-04-13T20:00:00.000Z,singareni-s4,zone-c,TL-301,0.84,0.01,0.89,0,1.95,15,-62,70,0.001,0,0.126,0.124,Normal
2469,2026-04-13T21:00:00.000Z,jharia-open-pit,zone-b,SN-101,0.76,0,1.09,0.04,0.42,22,-81,95,0,0.034,0.167,0.025,Normal
2470,2026-04-13T22:00:00.000Z,korba-west-bench,zone-b,TL-301,0.93,0,1.75,0.08,0,23,-85,80,0,0.043,0.214,0.005,Normal
2471,2026-04-13T23:00:00.000Z,jharia-open-pit,zone-d,SN-101,0.62,0,0.89,0.12,0.68,25,-83,97,0,0.121,0.155,0.062,Normal
2472,2026-04-14T00:00:00.000Z,raniganj-south-slope,zone-c,PZ-401,0.11,0.12,1.17,0.1,0.9,32,-73,84,0.024,0.079,0.035,0.153,Normal
2473,2026-04-14T01:00:00.000Z,raniganj-south-slope,zone-d,TL-301,3.45,0.95,7.32,1.05,2.64,80,-69,98,1.093,0.142,2.76,0.642,Critical
2474,2026-04-14T02:00:00.000Z,raniganj-south-slope,zone-c,PZ-401,1.85,0.69,2.27,0.6,2.25,57,-82,84,0.483,0.253,1.054,0.345,Warning
2475,2026-04-14T03:00:00.000Z,korba-west-bench,zone-b,PZ-401,1.83,0.23,2.68,0.57,2.14,61,-80,79,0.154,0.205,1.116,0.299,Normal
2476,2026-04-14T04:00:00.000Z,korba-west-bench,zone-a,EX-201,1.46,0.39,3.74,0.33,1.55,42,-67,84,0.168,0.086,0.613,0.278,Normal
2477,2026-04-14T05:00:00.000Z,raniganj-south-slope,zone-b,TL-301,0,0.06,1.12,0,0.62,33,-79,63,0.006,0,0,0.09,Normal
2478,2026-04-14T06:00:00.000Z,singareni-s4,zone-c,SN-101,0.37,0,0,0.09,1.26,27,-67,68,0,0.9,0.1,0.092,Normal
2479,2026-04-14T07:00:00.000Z,jharia-open-pit,zone-c,TL-301,0.83,0.05,0.15,0.21,0.37,28,-64,96,0.015,0.84,0.232,0.083,Normal
2480,2026-04-14T08:00:00.000Z,jharia-open-pit,zone-a,PZ-401,4.31,0.75,7.38,1.4,2.76,71,-84,79,1.125,0.187,3.06,0.698,Critical
2481,2026-04-14T09:00:00.000Z,singareni-s4,zone-d,PZ-401,0.47,0,0.21,0.14,1.29,14,-64,85,0,0.452,0.066,0.048,Normal
2482,2026-04-14T10:00:00.000Z,korba-west-bench,zone-a,SN-101,3.33,0.98,8.07,1.02,3.64,73,-63,86,1.098,0.125,2.431,0.67,Critical
2483,2026-04-14T11:00:00.000Z,korba-west-bench,zone-d,SN-101,0.56,0,0.7,0.28,0.86,38,-81,95,0,0.35,0.213,0.089,Normal
2484,2026-04-14T12:00:00.000Z,singareni-s4,zone-a,TL-301,0.2,0,2.04,0.1,1.39,15,-66,63,0,0.047,0.03,0.106,Normal
2485,2026-04-14T13:00:00.000Z,raniganj-south-slope,zone-d,EX-201,2.26,0.2,2.82,0.35,2.4,50,-68,74,0.09,0.12,1.13,0.315,Warning
2486,2026-04-14T14:00:00.000Z,singareni-s4,zone-a,PZ-401,1.25,0.38,2.91,0.47,1.85,56,-73,81,0.217,0.156,0.7,0.267,Normal
2487,2026-04-14T15:00:00.000Z,singareni-s4,zone-d,EX-201,0.02,0.05,1.4,0.1,1.29,27,-78,63,0.01,0.067,0.005,0.175,Normal
2488,2026-04-14T16:00:00.000Z,singareni-s4,zone-d,EX-201,1.11,0.02,0,0.13,0.92,28,-61,61,0.005,1.3,0.311,0.081,Normal
2489,2026-04-14T17:00:00.000Z,raniganj-south-slope,zone-c,EX-201,1.9,0.35,3.69,0.56,2.83,60,-71,76,0.231,0.148,1.14,0.384,Warning
2490,2026-04-14T18:00:00.000Z,singareni-s4,zone-d,SN-101,0.73,0,2.06,0,0,24,-72,74,0,0,0.175,0.1,Normal
2491,2026-04-14T19:00:00.000Z,singareni-s4,zone-b,EX-201,0.56,0.12,0.65,0.45,0.54,10,-75,97,0.066,0.6,0.056,0.118,Normal
2492,2026-04-14T20:00:00.000Z,singareni-s4,zone-b,SN-101,0,0,0,0.04,0.62,25,-74,98,0,0.4,0,-0.021,Normal
2493,2026-04-14T21:00:00.000Z,jharia-open-pit,zone-c,SN-101,0,0,0.53,0.18,0.3,33,-72,83,0,0.286,0,0.038,Normal
2494,2026-04-14T22:00:00.000Z,korba-west-bench,zone-d,TL-301,0,0.18,0,0.02,1.08,36,-66,91,0.022,0.2,0,0.095,Normal
2495,2026-04-14T23:00:00.000Z,singareni-s4,zone-c,TL-301,1.13,0,1.93,0.35,0.48,33,-68,63,0,0.172,0.373,0.205,Normal
2496,2026-04-15T00:00:00.000Z,singareni-s4,zone-c,TL-301,1.64,0.19,1.95,0.63,1.43,56,-72,75,0.139,0.307,0.918,0.2,Normal
2497,2026-04-15T01:00:00.000Z,singareni-s4,zone-b,TL-301,1.12,0,0.98,0.17,0.57,23,-64,96,0,0.157,0.258,0.132,Normal
2498,2026-04-15T02:00:00.000Z,singareni-s4,zone-c,EX-201,1.31,0.45,3.43,0.7,1.55,48,-63,97,0.36,0.198,0.629,0.287,Normal
2499,2026-04-15T03:00:00.000Z,raniganj-south-slope,zone-d,SN-101,0.24,0,0.64,0,0.4,39,-66,100,0,0,0.094,0.066,Normal
2500,2026-04-15T04:00:00.000Z,singareni-s4,zone-a,TL-301,3.53,0.76,8.2,1.08,4.07,72,-75,66,0.897,0.13,2.542,0.642,Critical