reading_id,timestamp,site_id,zone_id,sensor_id,ground_displacement_mm,displacement_rate_mm_hr,tilt_angle_deg,tilt_rate_deg_hr,crack_width_mm,crack_rate_mm_hr,vibration_ppv_mms,soil_moisture_pct,sensor_battery_pct,risk_class
1,2026-01-01T01:00:00.000Z,raniganj-south-slope,zone-b,SN-101,3.98,0.58,0.36,0.07,0.38,0.06,0.33,21,79,Normal
2,2026-01-01T02:00:00.000Z,korba-west-bench,zone-c,SN-102,26.80,3.27,4.45,0.81,7.15,1.63,5.54,83,81,Critical
3,2026-01-01T03:00:00.000Z,singareni-s4,zone-b,EX-201,0.34,0.16,0.63,0.13,0.17,0.02,0.35,31,76,Normal
4,2026-01-01T04:00:00.000Z,raniganj-south-slope,zone-d,TL-301,27.75,3.93,3.13,1.08,9.86,2.33,2.79,62,70,Critical
5,2026-01-01T05:00:00.000Z,jharia-open-pit,zone-d,TL-301,8.74,2.11,1.13,0.34,3.33,0.47,1.28,40,84,Warning
6,2026-01-01T06:00:00.000Z,singareni-s4,zone-b,PZ-401,0.69,0.11,0.77,0.02,0.89,0.18,0.36,24,98,Normal
7,2026-01-01T07:00:00.000Z,raniganj-south-slope,zone-c,SN-102,9.34,2.17,1.66,0.51,2.77,0.59,1.29,51,87,Warning
8,2026-01-01T08:00:00.000Z,jharia-open-pit,zone-c,EX-201,2.24,0.16,0.00,0.12,1.32,0.03,0.62,21,96,Normal
9,2026-01-01T09:00:00.000Z,jharia-open-pit,zone-d,SN-102,28.48,4.64,3.43,0.50,8.86,2.39,4.75,90,80,Critical
10,2026-01-01T10:00:00.000Z,raniganj-south-slope,zone-d,SN-102,2.19,0.15,0.64,0.13,0.32,0.15,0.35,34,63,Normal
11,2026-01-01T11:00:00.000Z,korba-west-bench,zone-b,SN-101,1.35,0.05,0.17,0.00,0.04,0.02,0.22,17,83,Normal
12,2026-01-01T12:00:00.000Z,raniganj-south-slope,zone-c,TL-301,2.35,0.42,0.24,0.15,0.68,0.12,0.22,33,75,Normal
13,2026-01-01T13:00:00.000Z,korba-west-bench,zone-c,TL-301,2.53,0.47,0.18,0.09,0.54,0.03,0.28,24,87,Normal
14,2026-01-01T14:00:00.000Z,jharia-open-pit,zone-a,PZ-401,2.78,0.70,0.73,0.10,1.31,0.12,0.09,28,62,Normal
15,2026-01-01T15:00:00.000Z,singareni-s4,zone-a,PZ-401,4.14,0.34,0.29,0.14,0.60,0.04,0.10,28,81,Normal
16,2026-01-01T16:00:00.000Z,korba-west-bench,zone-c,EX-201,0.49,0.46,0.00,0.13,0.22,0.03,0.05,20,79,Normal
17,2026-01-01T17:00:00.000Z,korba-west-bench,zone-c,TL-301,10.54,1.74,2.52,0.51,2.96,0.28,1.67,64,84,Warning
18,2026-01-01T18:00:00.000Z,korba-west-bench,zone-b,SN-102,1.62,0.42,0.26,0.01,1.44,0.08,0.78,15,88,Normal
19,2026-01-01T19:00:00.000Z,singareni-s4,zone-d,SN-101,3.93,0.32,0.31,0.04,0.67,0.02,0.15,15,95,Normal
20,2026-01-01T20:00:00.000Z,jharia-open-pit,zone-d,SN-102,0.40,0.77,0.63,0.11,0.49,0.09,1.11,17,61,Normal
21,2026-01-01T21:00:00.000Z,jharia-open-pit,zone-a,SN-101,2.07,0.50,0.51,0.08,1.01,0.03,0.60,17,65,Normal
22,2026-01-01T22:00:00.000Z,singareni-s4,zone-a,SN-102,3.89,0.73,0.37,0.01,0.70,0.18,0.57,16,72,Normal
23,2026-01-01T23:00:00.000Z,singareni-s4,zone-c,PZ-401,2.74,0.65,0.29,0.10,0.33,0.04,0.39,20,64,Normal
24,2026-01-02T00:00:00.000Z,jharia-open-pit,zone-d,EX-201,3.72,0.12,0.02,0.14,0.10,0.10,0.40,29,69,Normal
25,2026-01-02T01:00:00.000Z,korba-west-bench,zone-c,EX-201,2.18,0.62,0.02,0.02,0.82,0.05,0.10,20,70,Normal
26,2026-01-02T02:00:00.000Z,korba-west-bench,zone-a,TL-301,26.63,4.00,3.00,1.16,12.20,1.73,2.72,92,87,Critical
27,2026-01-02T03:00:00.000Z,raniganj-south-slope,zone-b,SN-102,23.62,4.32,3.48,0.86,5.23,2.01,2.53,83,76,Critical
28,2026-01-02T04:00:00.000Z,raniganj-south-slope,zone-c,SN-102,0.80,0.16,0.05,0.01,0.59,0.09,0.84,23,68,Normal
29,2026-01-02T05:00:00.000Z,raniganj-south-slope,zone-c,TL-301,9.33,2.11,1.73,0.15,3.88,0.57,1.56,48,94,Warning
30,2026-01-02T06:00:00.000Z,singareni-s4,zone-b,PZ-401,3.63,0.50,0.67,0.00,0.26,0.17,1.04,19,80,Normal
31,2026-01-02T07:00:00.000Z,singareni-s4,zone-a,PZ-401,8.69,1.11,1.59,0.58,2.40,0.36,2.64,53,68,Warning
32,2026-01-02T08:00:00.000Z,korba-west-bench,zone-a,EX-201,3.17,0.15,0.46,0.14,0.06,0.06,0.53,35,73,Normal
33,2026-01-02T09:00:00.000Z,raniganj-south-slope,zone-d,TL-301,0.12,0.50,0.32,0.11,0.25,0.04,1.15,24,76,Normal
34,2026-01-02T10:00:00.000Z,korba-west-bench,zone-d,SN-102,2.16,0.55,0.78,0.08,1.48,0.03,0.80,30,83,Normal
35,2026-01-02T11:00:00.000Z,singareni-s4,zone-a,SN-101,8.91,1.82,0.82,0.19,2.09,0.39,2.58,37,89,Warning
36,2026-01-02T12:00:00.000Z,jharia-open-pit,zone-b,TL-301,2.84,0.09,0.28,0.14,1.07,0.09,0.77,34,65,Normal
37,2026-01-02T13:00:00.000Z,singareni-s4,zone-d,TL-301,26.65,4.65,3.71,1.48,7.91,1.83,4.92,76,82,Critical
38,2026-01-02T14:00:00.000Z,jharia-open-pit,zone-a,SN-102,6.47,0.87,2.20,0.53,2.16,0.56,2.36,58,63,Warning
39,2026-01-02T15:00:00.000Z,jharia-open-pit,zone-b,SN-101,5.68,0.82,1.31,0.39,3.94,0.54,2.32,50,87,Warning
40,2026-01-02T16:00:00.000Z,korba-west-bench,zone-b,SN-102,8.81,1.92,2.20,0.34,2.69,0.51,1.70,40,77,Warning
41,2026-01-02T17:00:00.000Z,korba-west-bench,zone-d,PZ-401,4.39,0.03,0.17,0.00,0.80,0.03,0.41,37,75,Normal
42,2026-01-02T18:00:00.000Z,singareni-s4,zone-c,SN-101,3.18,0.13,0.54,0.13,0.42,0.12,0.10,39,68,Normal
43,2026-01-02T19:00:00.000Z,raniganj-south-slope,zone-d,TL-301,2.98,0.70,0.19,0.14,0.61,0.18,0.43,16,61,Normal
44,2026-01-02T20:00:00.000Z,raniganj-south-slope,zone-d,SN-101,10.36,1.23,2.26,0.36,3.62,0.20,2.78,42,70,Warning
45,2026-01-02T21:00:00.000Z,jharia-open-pit,zone-c,TL-301,2.84,0.16,0.62,0.09,0.90,0.01,0.87,30,76,Normal
46,2026-01-02T22:00:00.000Z,jharia-open-pit,zone-b,TL-301,0.45,0.62,0.17,0.02,0.63,0.08,1.03,28,69,Normal
47,2026-01-02T23:00:00.000Z,raniganj-south-slope,zone-b,EX-201,4.39,0.47,0.38,0.03,1.17,0.04,0.92,17,65,Normal
48,2026-01-03T00:00:00.000Z,singareni-s4,zone-b,SN-101,6.16,1.67,1.86,0.43,2.63,0.54,1.44,37,89,Warning
49,2026-01-03T01:00:00.000Z,singareni-s4,zone-c,TL-301,0.02,0.15,0.64,0.14,0.48,0.13,0.72,18,95,Normal
50,2026-01-03T02:00:00.000Z,jharia-open-pit,zone-d,TL-301,1.62,0.52,0.67,0.10,1.11,0.11,0.22,21,83,Normal
51,2026-01-03T03:00:00.000Z,raniganj-south-slope,zone-d,EX-201,6.20,1.06,1.85,0.15,3.73,0.35,2.93,46,90,Warning
52,2026-01-03T04:00:00.000Z,korba-west-bench,zone-c,PZ-401,26.32,3.88,3.95,0.75,8.92,2.53,4.06,71,67,Critical
53,2026-01-03T05:00:00.000Z,jharia-open-pit,zone-d,SN-101,0.13,0.47,0.47,0.08,0.90,0.02,0.73,25,79,Normal
54,2026-01-03T06:00:00.000Z,jharia-open-pit,zone-d,TL-301,7.07,1.50,2.52,0.59,1.78,0.36,1.30,36,66,Warning
55,2026-01-03T07:00:00.000Z,korba-west-bench,zone-c,SN-102,25.36,6.73,2.85,0.95,10.19,0.91,4.10,80,77,Critical
56,2026-01-03T08:00:00.000Z,singareni-s4,zone-c,PZ-401,8.20,1.79,1.63,0.52,4.48,0.41,2.94,41,61,Warning
57,2026-01-03T09:00:00.000Z,singareni-s4,zone-b,SN-101,0.56,0.15,0.37,0.09,0.17,0.14,0.93,20,71,Normal
58,2026-01-03T10:00:00.000Z,jharia-open-pit,zone-b,TL-301,2.70,0.04,0.25,0.08,0.20,0.10,0.83,30,87,Normal
59,2026-01-03T11:00:00.000Z,korba-west-bench,zone-d,TL-301,9.65,1.63,1.08,0.43,3.59,0.75,2.09,58,66,Warning
60,2026-01-03T12:00:00.000Z,korba-west-bench,zone-c,SN-102,3.00,0.17,0.75,0.07,0.41,0.03,0.00,17,68,Normal
61,2026-01-03T13:00:00.000Z,raniganj-south-slope,zone-d,SN-101,0.54,0.25,0.54,0.07,0.97,0.05,0.34,30,97,Normal
62,2026-01-03T14:00:00.000Z,raniganj-south-slope,zone-d,PZ-401,23.38,5.07,3.12,1.04,9.42,2.36,6.00,91,84,Critical
63,2026-01-03T15:00:00.000Z,raniganj-south-slope,zone-d,TL-301,1.05,0.06,0.25,0.11,0.20,0.10,0.50,25,87,Normal
64,2026-01-03T16:00:00.000Z,korba-west-bench,zone-a,SN-102,1.72,0.76,0.09,0.12,0.50,0.05,0.39,21,96,Normal
65,2026-01-03T17:00:00.000Z,korba-west-bench,zone-c,SN-101,5.50,1.79,2.30,0.47,2.87,0.67,1.35,47,68,Warning
66,2026-01-03T18:00:00.000Z,singareni-s4,zone-c,SN-102,0.52,0.60,0.12,0.10,1.10,0.14,0.99,38,83,Normal
67,2026-01-03T19:00:00.000Z,singareni-s4,zone-c,TL-301,1.52,0.74,0.02,0.15,0.88,0.17,0.33,24,95,Normal
68,2026-01-03T20:00:00.000Z,korba-west-bench,zone-b,PZ-401,4.27,0.68,0.41,0.01,0.82,0.00,0.86,19,82,Normal
69,2026-01-03T21:00:00.000Z,singareni-s4,zone-b,SN-102,3.61,0.32,0.56,0.09,1.48,0.06,0.54,28,95,Normal
70,2026-01-03T22:00:00.000Z,raniganj-south-slope,zone-c,PZ-401,10.84,1.16,1.30,0.30,2.07,0.72,1.95,55,93,Warning
71,2026-01-03T23:00:00.000Z,korba-west-bench,zone-d,SN-101,2.47,0.78,0.71,0.14,0.97,0.18,0.83,26,64,Normal
72,2026-01-04T00:00:00.000Z,korba-west-bench,zone-a,SN-101,2.28,0.13,0.10,0.04,1.31,0.01,1.05,29,89,Normal
73,2026-01-04T01:00:00.000Z,korba-west-bench,zone-a,SN-102,19.40,3.29,4.43,0.96,6.62,1.50,5.04,90,89,Critical
74,2026-01-04T02:00:00.000Z,korba-west-bench,zone-b,SN-102,15.21,6.12,5.97,1.62,12.89,1.07,5.74,60,97,Critical
75,2026-01-04T03:00:00.000Z,korba-west-bench,zone-a,PZ-401,0.11,0.18,0.43,0.10,1.08,0.06,0.91,28,97,Normal
76,2026-01-04T04:00:00.000Z,korba-west-bench,zone-d,SN-101,3.62,0.24,0.38,0.01,0.50,0.19,0.65,37,70,Normal
77,2026-01-04T05:00:00.000Z,korba-west-bench,zone-b,SN-102,4.01,0.52,0.67,0.14,1.04,0.05,0.59,21,80,Normal
78,2026-01-04T06:00:00.000Z,jharia-open-pit,zone-d,SN-101,3.99,0.67,0.51,0.08,1.17,0.03,0.82,25,69,Normal
79,2026-01-04T07:00:00.000Z,jharia-open-pit,zone-a,TL-301,2.77,0.38,0.42,0.02,0.84,0.08,0.70,20,88,Normal
80,2026-01-04T08:00:00.000Z,jharia-open-pit,zone-b,PZ-401,3.94,0.24,0.64,0.04,0.99,0.18,0.06,39,83,Normal
81,2026-01-04T09:00:00.000Z,korba-west-bench,zone-c,TL-301,0.89,0.74,0.45,0.05,0.95,0.19,0.77,26,85,Normal
82,2026-01-04T10:00:00.000Z,singareni-s4,zone-d,SN-102,1.75,0.39,0.55,0.06,0.80,0.20,0.34,20,68,Normal
83,2026-01-04T11:00:00.000Z,singareni-s4,zone-c,EX-201,6.73,1.64,2.55,0.22,2.67,0.24,2.45,51,67,Warning
84,2026-01-04T12:00:00.000Z,raniganj-south-slope,zone-b,TL-301,8.58,2.06,2.56,0.25,2.63,0.62,2.94,59,66,Warning
85,2026-01-04T13:00:00.000Z,korba-west-bench,zone-a,SN-102,4.24,0.02,0.40,0.14,0.33,0.18,0.32,24,63,Normal
86,2026-01-04T14:00:00.000Z,singareni-s4,zone-d,PZ-401,5.76,2.13,2.25,0.56,2.34,0.58,1.57,62,96,Warning
87,2026-01-04T15:00:00.000Z,singareni-s4,zone-d,SN-101,1.25,0.53,0.69,0.12,1.13,0.01,0.22,34,86,Normal
88,2026-01-04T16:00:00.000Z,raniganj-south-slope,zone-c,SN-101,12.83,6.03,4.51,0.87,5.09,1.13,4.90,79,87,Critical
89,2026-01-04T17:00:00.000Z,jharia-open-pit,zone-b,EX-201,4.01,0.51,0.42,0.09,1.37,0.18,0.93,16,67,Normal
90,2026-01-04T18:00:00.000Z,jharia-open-pit,zone-c,SN-101,1.65,0.37,0.24,0.10,1.11,0.03,1.04,33,77,Normal
91,2026-01-04T19:00:00.000Z,raniganj-south-slope,zone-d,SN-101,6.92,1.70,1.35,0.50,1.63,0.43,2.40,54,63,Warning
92,2026-01-04T20:00:00.000Z,jharia-open-pit,zone-c,PZ-401,3.22,0.19,0.03,0.05,0.88,0.05,0.73,28,74,Normal
93,2026-01-04T21:00:00.000Z,jharia-open-pit,zone-a,SN-101,0.01,0.62,0.33,0.01,1.17,0.02,0.35,34,92,Normal
94,2026-01-04T22:00:00.000Z,korba-west-bench,zone-d,PZ-401,28.13,3.67,3.04,1.37,10.36,1.41,4.05,90,89,Critical
95,2026-01-04T23:00:00.000Z,jharia-open-pit,zone-a,PZ-401,0.26,0.43,0.67,0.04,0.49,0.12,0.36,38,74,Normal
96,2026-01-05T00:00:00.000Z,korba-west-bench,zone-c,PZ-401,0.84,0.06,0.12,0.02,0.71,0.10,0.88,36,80,Normal
97,2026-01-05T01:00:00.000Z,singareni-s4,zone-c,TL-301,6.84,1.08,1.26,0.31,3.65,0.30,1.32,46,62,Warning
98,2026-01-05T02:00:00.000Z,singareni-s4,zone-d,TL-301,13.02,4.35,5.81,0.60,5.27,2.47,4.43,62,87,Critical
99,2026-01-05T03:00:00.000Z,korba-west-bench,zone-c,TL-301,2.97,0.77,0.15,0.15,0.58,0.07,0.47,38,76,Normal
100,2026-01-05T04:00:00.000Z,singareni-s4,zone-c,TL-301,3.96,0.48,0.30,0.08,1.44,0.09,0.18,32,63,Normal
101,2026-01-05T05:00:00.000Z,singareni-s4,zone-d,SN-101,0.21,0.46,0.43,0.01,0.75,0.13,0.05,21,97,Normal
102,2026-01-05T06:00:00.000Z,jharia-open-pit,zone-c,TL-301,2.66,0.06,0.49,0.13,0.78,0.16,0.58,28,87,Normal
103,2026-01-05T07:00:00.000Z,korba-west-bench,zone-b,EX-201,3.25,0.57,0.78,0.12,0.11,0.01,0.89,15,94,Normal
104,2026-01-05T08:00:00.000Z,jharia-open-pit,zone-a,PZ-401,6.09,1.98,2.09,0.58,2.70,0.60,2.06,40,96,Warning
105,2026-01-05T09:00:00.000Z,jharia-open-pit,zone-c,EX-201,3.59,0.30,0.66,0.04,0.11,0.02,0.59,19,88,Normal
106,2026-01-05T10:00:00.000Z,jharia-open-pit,zone-a,EX-201,6.96,2.24,2.00,0.16,2.08,0.67,1.35,54,78,Warning
107,2026-01-05T11:00:00.000Z,jharia-open-pit,zone-b,SN-101,9.67,0.82,1.43,0.42,2.10,0.72,2.84,44,89,Warning
108,2026-01-05T12:00:00.000Z,jharia-open-pit,zone-d,EX-201,1.22,0.24,0.35,0.03,1.33,0.11,0.23,17,94,Normal
109,2026-01-05T13:00:00.000Z,korba-west-bench,zone-b,SN-102,1.33,0.50,0.27,0.08,0.02,0.04,0.08,17,94,Normal
110,2026-01-05T14:00:00.000Z,jharia-open-pit,zone-b,SN-101,0.09,0.56,0.23,0.06,0.96,0.19,0.57,39,97,Normal
111,2026-01-05T15:00:00.000Z,jharia-open-pit,zone-d,PZ-401,1.01,0.06,0.20,0.13,1.19,0.06,0.47,32,86,Normal
112,2026-01-05T16:00:00.000Z,singareni-s4,zone-c,PZ-401,3.01,0.06,0.14,0.03,0.49,0.11,0.66,22,74,Normal
113,2026-01-05T17:00:00.000Z,korba-west-bench,zone-c,SN-101,5.13,1.47,1.21,0.39,2.28,0.48,1.95,46,82,Warning
114,2026-01-05T18:00:00.000Z,singareni-s4,zone-b,EX-201,0.48,0.11,0.01,0.04,0.68,0.16,0.61,19,83,Normal
115,2026-01-05T19:00:00.000Z,korba-west-bench,zone-d,SN-102,6.83,1.01,1.59,0.33,1.57,0.68,1.74,64,82,Warning
116,2026-01-05T20:00:00.000Z,raniganj-south-slope,zone-c,SN-102,4.32,0.55,0.48,0.13,0.74,0.10,0.78,22,88,Normal
117,2026-01-05T21:00:00.000Z,raniganj-south-slope,zone-c,SN-101,4.03,0.37,0.77,0.11,0.40,0.10,0.47,36,70,Normal
118,2026-01-05T22:00:00.000Z,singareni-s4,zone-a,SN-101,1.98,0.54,0.31,0.07,0.13,0.20,0.57,37,99,Normal
119,2026-01-05T23:00:00.000Z,singareni-s4,zone-d,TL-301,24.87,6.08,5.69,1.07,6.22,2.13,5.40,75,83,Critical
120,2026-01-06T00:00:00.000Z,raniganj-south-slope,zone-a,SN-101,1.01,0.80,0.08,0.12,0.81,0.11,0.95,38,60,Normal
121,2026-01-06T01:00:00.000Z,raniganj-south-slope,zone-c,SN-102,4.14,0.18,0.66,0.03,0.64,0.14,1.01,27,88,Normal
122,2026-01-06T02:00:00.000Z,jharia-open-pit,zone-d,SN-101,0.73,0.26,0.41,0.08,1.06,0.12,0.73,23,75,Normal
123,2026-01-06T03:00:00.000Z,jharia-open-pit,zone-a,SN-101,1.79,0.46,0.23,0.10,1.07,0.08,0.84,21,70,Normal
124,2026-01-06T04:00:00.000Z,jharia-open-pit,zone-b,SN-102,3.83,0.06,0.19,0.10,0.99,0.18,,24,86,Normal
125,2026-01-06T05:00:00.000Z,jharia-open-pit,zone-c,SN-102,6.00,1.85,1.87,0.35,4.11,0.34,2.35,36,87,Warning
126,2026-01-06T06:00:00.000Z,singareni-s4,zone-b,PZ-401,0.82,0.60,0.60,0.12,1.07,0.01,0.30,37,65,Normal
127,2026-01-06T07:00:00.000Z,raniganj-south-slope,zone-d,SN-102,0.68,0.15,0.55,0.07,0.19,0.08,0.99,36,90,Normal
128,2026-01-06T08:00:00.000Z,jharia-open-pit,zone-c,SN-101,4.38,0.30,0.78,0.04,0.64,0.20,0.40,18,77,Normal
129,2026-01-06T09:00:00.000Z,korba-west-bench,zone-d,EX-201,14.27,5.97,5.57,1.45,12.86,1.08,5.75,66,75,Critical
130,2026-01-06T10:00:00.000Z,raniganj-south-slope,zone-b,SN-102,0.37,0.51,0.10,0.07,0.22,0.16,0.67,27,79,Normal
131,2026-01-06T11:00:00.000Z,jharia-open-pit,zone-c,SN-102,4.11,0.19,0.78,0.01,0.59,0.19,0.44,17,88,Normal
132,2026-01-06T12:00:00.000Z,jharia-open-pit,zone-b,TL-301,3.24,0.69,0.54,0.09,0.09,0.06,0.74,34,81,Normal
133,2026-01-06T13:00:00.000Z,jharia-open-pit,zone-d,TL-301,21.21,5.55,5.71,0.93,6.57,1.00,3.78,64,70,Critical
134,2026-01-06T14:00:00.000Z,jharia-open-pit,zone-c,SN-102,1.03,0.66,0.17,0.13,1.46,0.17,0.97,25,80,Normal
135,2026-01-06T15:00:00.000Z,korba-west-bench,zone-c,EX-201,3.48,0.31,0.01,0.13,0.36,0.13,0.09,21,77,Normal
136,2026-01-06T16:00:00.000Z,singareni-s4,zone-a,TL-301,1.01,0.39,0.78,0.01,0.89,0.08,0.11,25,62,Normal
137,2026-01-06T17:00:00.000Z,jharia-open-pit,zone-b,SN-102,26.20,5.78,4.22,1.03,10.23,1.70,2.66,85,85,Critical
138,2026-01-06T18:00:00.000Z,raniganj-south-slope,zone-a,SN-101,4.44,0.16,0.57,0.09,0.47,0.11,0.29,32,60,Normal
139,2026-01-06T19:00:00.000Z,singareni-s4,zone-b,SN-102,6.13,2.35,1.26,0.56,3.72,0.29,1.48,49,93,Warning
140,2026-01-06T20:00:00.000Z,singareni-s4,zone-b,SN-102,9.47,1.15,1.54,0.51,2.37,0.52,1.61,44,64,Warning
141,2026-01-06T21:00:00.000Z,raniganj-south-slope,zone-b,SN-102,1.06,0.42,0.26,0.08,0.29,0.11,0.81,35,90,Normal
142,2026-01-06T22:00:00.000Z,singareni-s4,zone-b,SN-102,17.01,5.89,2.83,0.85,9.22,2.51,2.51,71,99,Critical
143,2026-01-06T23:00:00.000Z,singareni-s4,zone-b,PZ-401,13.83,6.61,3.53,0.52,12.97,1.89,6.23,78,61,Critical
144,2026-01-07T00:00:00.000Z,jharia-open-pit,zone-d,PZ-401,1.60,0.33,0.27,0.15,0.40,0.14,1.04,27,99,Normal
145,2026-01-07T01:00:00.000Z,jharia-open-pit,zone-d,PZ-401,22.21,3.05,3.32,0.80,12.29,1.69,2.52,58,88,Critical
146,2026-01-07T02:00:00.000Z,raniganj-south-slope,zone-d,TL-301,0.34,0.17,0.60,0.04,1.41,0.11,,32,94,Normal
147,2026-01-07T03:00:00.000Z,jharia-open-pit,zone-b,SN-101,3.68,0.48,0.69,0.06,1.15,0.12,1.04,39,94,Normal
148,2026-01-07T04:00:00.000Z,korba-west-bench,zone-d,TL-301,0.29,0.45,0.29,0.14,0.03,0.12,0.86,18,60,Normal
149,2026-01-07T05:00:00.000Z,korba-west-bench,zone-c,EX-201,22.08,4.47,3.33,0.62,5.12,0.80,4.73,81,93,Critical
150,2026-01-07T06:00:00.000Z,singareni-s4,zone-d,SN-101,1.22,0.68,0.75,0.15,1.50,0.00,0.38,23,85,Normal
151,2026-01-07T07:00:00.000Z,raniganj-south-slope,zone-c,TL-301,17.98,6.48,2.96,1.03,6.37,1.29,3.70,60,73,Critical
152,2026-01-07T08:00:00.000Z,raniganj-south-slope,zone-d,EX-201,0.54,0.77,0.06,0.07,0.77,0.06,0.51,23,85,Normal
153,2026-01-07T09:00:00.000Z,raniganj-south-slope,zone-a,EX-201,4.14,0.77,0.33,0.02,1.36,0.18,0.30,26,99,Normal
154,2026-01-07T10:00:00.000Z,korba-west-bench,zone-a,EX-201,4.26,0.34,0.61,0.10,1.22,0.06,0.51,18,69,Normal
155,2026-01-07T11:00:00.000Z,korba-west-bench,zone-c,TL-301,7.19,2.14,2.26,0.56,4.49,0.38,2.71,63,99,Warning
156,2026-01-07T12:00:00.000Z,singareni-s4,zone-c,TL-301,2.23,0.06,0.07,0.08,1.02,0.13,0.47,33,90,Normal
157,2026-01-07T13:00:00.000Z,korba-west-bench,zone-a,SN-102,3.82,0.73,0.02,0.04,0.11,0.09,0.61,31,84,Normal
158,2026-01-07T14:00:00.000Z,raniganj-south-slope,zone-c,SN-102,1.52,0.09,0.23,0.07,0.52,0.15,0.71,21,67,Normal
159,2026-01-07T15:00:00.000Z,raniganj-south-slope,zone-b,SN-101,0.25,0.64,0.71,0.09,0.71,0.09,0.57,34,60,Normal
160,2026-01-07T16:00:00.000Z,jharia-open-pit,zone-c,TL-301,3.87,0.15,0.50,0.11,0.32,0.17,0.97,35,96,Normal
161,2026-01-07T17:00:00.000Z,singareni-s4,zone-c,PZ-401,1.76,0.54,0.00,0.07,0.12,0.12,0.18,27,69,Normal
162,2026-01-07T18:00:00.000Z,singareni-s4,zone-b,SN-102,1.45,0.74,0.48,0.11,0.89,0.14,0.88,30,91,Normal
163,2026-01-07T19:00:00.000Z,raniganj-south-slope,zone-b,SN-101,0.48,0.71,0.22,0.12,0.24,0.07,0.35,36,66,Normal
164,2026-01-07T20:00:00.000Z,raniganj-south-slope,zone-d,EX-201,5.84,1.67,2.10,0.48,4.64,0.69,2.91,47,62,Warning
165,2026-01-07T21:00:00.000Z,korba-west-bench,zone-b,SN-101,8.90,1.80,1.39,0.55,2.86,0.23,2.74,64,77,Warning
166,2026-01-07T22:00:00.000Z,raniganj-south-slope,zone-d,PZ-401,5.38,2.03,1.34,0.37,2.38,0.37,1.31,52,61,Warning
167,2026-01-07T23:00:00.000Z,jharia-open-pit,zone-d,PZ-401,5.93,0.91,2.04,0.44,3.12,0.59,2.02,35,88,Warning
168,2026-01-08T00:00:00.000Z,jharia-open-pit,zone-b,PZ-401,23.18,3.71,3.72,1.40,11.01,0.94,5.57,65,67,Critical
169,2026-01-08T01:00:00.000Z,raniganj-south-slope,zone-a,SN-101,1.08,0.57,0.66,0.08,1.25,0.08,1.17,37,68,Normal
170,2026-01-08T02:00:00.000Z,raniganj-south-slope,zone-a,EX-201,8.27,2.20,1.79,0.59,4.18,0.67,2.13,57,99,Warning
171,2026-01-08T03:00:00.000Z,singareni-s4,zone-a,TL-301,2.59,0.79,0.58,0.13,0.50,0.09,0.61,18,98,Normal
172,2026-01-08T04:00:00.000Z,korba-west-bench,zone-d,SN-101,5.65,1.13,0.95,0.51,4.17,0.64,1.30,43,84,Warning
173,2026-01-08T05:00:00.000Z,jharia-open-pit,zone-b,TL-301,1.14,0.53,0.27,0.06,1.03,0.03,0.28,22,77,Normal
174,2026-01-08T06:00:00.000Z,singareni-s4,zone-a,SN-102,3.83,0.31,0.39,0.08,1.21,0.12,0.08,18,97,Normal
175,2026-01-08T07:00:00.000Z,jharia-open-pit,zone-d,SN-102,2.87,0.72,0.13,0.05,0.12,0.07,0.11,21,90,Normal
176,2026-01-08T08:00:00.000Z,korba-west-bench,zone-c,TL-301,11.01,1.68,1.48,0.59,4.28,0.54,1.84,35,99,Warning
177,2026-01-08T09:00:00.000Z,singareni-s4,zone-d,PZ-401,26.34,4.96,4.81,1.54,8.49,2.45,2.75,80,72,Critical
178,2026-01-08T10:00:00.000Z,korba-west-bench,zone-d,SN-101,4.19,0.70,0.76,0.13,1.37,0.13,0.64,29,74,Normal
179,2026-01-08T11:00:00.000Z,raniganj-south-slope,zone-b,SN-102,2.91,0.71,0.62,0.11,1.28,0.06,1.17,20,87,Normal
180,2026-01-08T12:00:00.000Z,singareni-s4,zone-a,SN-102,0.82,0.58,0.44,0.01,1.16,0.19,0.27,39,66,Normal
181,2026-01-08T13:00:00.000Z,raniganj-south-slope,zone-c,TL-301,3.86,0.47,0.12,0.11,1.43,0.11,0.51,28,78,Normal
182,2026-01-08T14:00:00.000Z,raniganj-south-slope,zone-a,TL-301,11.28,1.04,2.10,0.56,1.63,0.68,2.90,48,69,Warning
183,2026-01-08T15:00:00.000Z,jharia-open-pit,zone-d,SN-101,3.08,0.66,0.34,0.08,1.21,0.15,0.67,28,95,Normal
184,2026-01-08T16:00:00.000Z,korba-west-bench,zone-b,EX-201,1.13,0.00,0.70,0.01,0.35,0.08,0.10,21,87,Normal
185,2026-01-08T17:00:00.000Z,korba-west-bench,zone-a,EX-201,5.83,2.16,2.14,0.41,3.70,0.49,2.32,51,92,Warning
186,2026-01-08T18:00:00.000Z,raniganj-south-slope,zone-a,SN-101,2.76,0.37,0.25,0.11,0.43,0.05,0.62,34,84,Normal
187,2026-01-08T19:00:00.000Z,singareni-s4,zone-d,EX-201,20.07,4.26,2.58,1.21,8.17,0.77,6.19,87,66,Critical
188,2026-01-08T20:00:00.000Z,korba-west-bench,zone-a,PZ-401,5.71,1.29,2.35,0.33,1.65,0.56,1.85,56,69,Warning
189,2026-01-08T21:00:00.000Z,singareni-s4,zone-c,SN-102,14.60,2.65,5.08,1.53,5.26,2.24,3.56,58,96,Critical
190,2026-01-08T22:00:00.000Z,jharia-open-pit,zone-d,EX-201,1.77,0.66,0.47,0.06,0.45,0.17,0.41,37,63,Normal
191,2026-01-08T23:00:00.000Z,raniganj-south-slope,zone-a,SN-101,2.46,0.65,0.01,0.08,0.90,0.04,0.98,38,63,Normal
192,2026-01-09T00:00:00.000Z,korba-west-bench,zone-d,EX-201,3.60,0.72,0.40,0.14,0.61,0.01,0.15,32,99,Normal
193,2026-01-09T01:00:00.000Z,korba-west-bench,zone-a,SN-102,20.83,3.28,3.88,1.61,12.06,1.61,5.65,92,77,Critical
194,2026-01-09T02:00:00.000Z,raniganj-south-slope,zone-a,SN-101,1.84,0.41,0.80,0.07,0.10,0.05,0.22,17,70,Normal
195,2026-01-09T03:00:00.000Z,singareni-s4,zone-c,SN-102,1.22,0.22,0.75,0.03,0.11,0.01,0.05,35,67,Normal
196,2026-01-09T04:00:00.000Z,raniganj-south-slope,zone-c,PZ-401,1.69,0.20,0.68,0.02,0.43,0.04,0.79,35,78,Normal
197,2026-01-09T05:00:00.000Z,singareni-s4,zone-c,PZ-401,4.02,0.42,0.32,0.15,1.38,0.17,0.08,29,71,Normal
198,2026-01-09T06:00:00.000Z,raniganj-south-slope,zone-c,SN-102,15.71,6.88,3.04,0.82,11.46,2.20,3.93,58,77,Critical
199,2026-01-09T07:00:00.000Z,raniganj-south-slope,zone-c,EX-201,4.18,0.04,0.48,0.12,0.05,0.07,0.66,27,93,Normal
200,2026-01-09T08:00:00.000Z,jharia-open-pit,zone-d,SN-102,0.66,0.29,0.75,0.13,1.35,0.03,0.72,35,80,Normal
201,2026-01-09T09:00:00.000Z,korba-west-bench,zone-a,PZ-401,0.54,0.18,0.47,0.07,0.08,0.08,0.47,21,94,Normal
202,2026-01-09T10:00:00.000Z,raniganj-south-slope,zone-d,SN-102,2.28,0.25,0.10,0.06,1.41,0.19,0.31,31,75,Normal
203,2026-01-09T11:00:00.000Z,jharia-open-pit,zone-b,SN-102,19.92,6.75,5.95,0.80,6.74,0.97,4.33,87,99,Critical
204,2026-01-09T12:00:00.000Z,singareni-s4,zone-a,TL-301,1.55,0.01,0.79,0.13,0.01,0.16,0.49,29,94,Normal
205,2026-01-09T13:00:00.000Z,jharia-open-pit,zone-a,EX-201,1.39,0.22,0.22,0.07,1.37,0.15,1.16,32,72,Normal
206,2026-01-09T14:00:00.000Z,singareni-s4,zone-b,PZ-401,5.47,1.24,2.34,0.32,2.10,0.45,2.15,41,67,Warning
207,2026-01-09T15:00:00.000Z,raniganj-south-slope,zone-b,EX-201,2.12,0.32,0.16,0.03,0.58,0.07,0.89,32,86,Normal
208,2026-01-09T16:00:00.000Z,singareni-s4,zone-b,SN-101,6.99,1.99,2.37,0.35,4.51,0.33,1.37,51,65,Warning
209,2026-01-09T17:00:00.000Z,singareni-s4,zone-a,SN-101,3.11,0.54,0.44,0.12,1.19,0.01,0.29,19,63,Normal
210,2026-01-09T18:00:00.000Z,jharia-open-pit,zone-d,EX-201,24.64,3.34,5.94,0.60,5.34,1.93,6.21,87,89,Critical
211,2026-01-09T19:00:00.000Z,raniganj-south-slope,zone-a,SN-102,3.71,0.12,0.39,0.12,0.71,0.11,0.11,35,95,Normal
212,2026-01-09T20:00:00.000Z,jharia-open-pit,zone-d,EX-201,2.84,0.58,0.06,0.08,0.66,0.19,0.27,31,86,Normal
213,2026-01-09T21:00:00.000Z,singareni-s4,zone-c,SN-102,28.10,4.52,5.71,1.07,7.08,0.99,3.66,83,96,Critical
214,2026-01-09T22:00:00.000Z,jharia-open-pit,zone-a,SN-102,1.30,0.77,0.23,0.11,0.20,0.14,0.20,20,67,Normal
215,2026-01-09T23:00:00.000Z,raniganj-south-slope,zone-d,TL-301,10.70,2.37,2.18,0.45,2.27,0.32,2.29,37,71,Warning
216,2026-01-10T00:00:00.000Z,jharia-open-pit,zone-c,PZ-401,3.09,0.71,0.43,0.08,0.28,0.15,0.16,31,85,Normal
217,2026-01-10T01:00:00.000Z,korba-west-bench,zone-b,PZ-401,3.70,0.29,0.77,0.13,0.60,0.12,0.52,16,72,Normal
218,2026-01-10T02:00:00.000Z,jharia-open-pit,zone-a,TL-301,2.53,0.41,0.64,0.02,0.21,0.18,0.86,17,60,Normal
219,2026-01-10T03:00:00.000Z,raniganj-south-slope,zone-a,EX-201,11.37,1.15,1.60,0.20,2.36,0.49,1.32,50,77,Warning
220,2026-01-10T04:00:00.000Z,jharia-open-pit,zone-a,SN-101,4.47,0.19,0.70,0.04,0.21,0.16,0.17,22,63,Normal
221,2026-01-10T05:00:00.000Z,korba-west-bench,zone-d,SN-101,27.20,6.09,4.60,1.59,8.42,1.77,5.47,59,60,Critical
222,2026-01-10T06:00:00.000Z,raniganj-south-slope,zone-c,EX-201,2.07,0.71,0.75,0.12,1.44,0.10,0.39,33,90,Normal
223,2026-01-10T07:00:00.000Z,raniganj-south-slope,zone-c,EX-201,2.53,0.13,0.23,0.11,0.50,0.08,0.61,36,63,Normal
224,2026-01-10T08:00:00.000Z,raniganj-south-slope,zone-a,PZ-401,10.01,1.74,1.68,0.27,3.58,0.31,1.58,61,92,Warning
225,2026-01-10T09:00:00.000Z,jharia-open-pit,zone-a,EX-201,3.79,0.50,0.41,0.07,0.01,0.07,0.55,18,74,Normal
226,2026-01-10T10:00:00.000Z,raniganj-south-slope,zone-a,TL-301,25.97,4.81,3.90,1.62,11.19,1.81,3.86,65,93,Critical
227,2026-01-10T11:00:00.000Z,singareni-s4,zone-d,EX-201,5.42,2.11,1.39,0.60,2.83,0.66,2.91,39,74,Warning
228,2026-01-10T12:00:00.000Z,raniganj-south-slope,zone-a,EX-201,0.85,0.28,0.11,0.09,0.88,0.09,0.93,34,93,Normal
229,2026-01-10T13:00:00.000Z,singareni-s4,zone-d,EX-201,5.31,0.97,1.84,0.25,3.27,0.43,2.33,56,99,Warning
230,2026-01-10T14:00:00.000Z,korba-west-bench,zone-d,EX-201,3.79,0.48,0.51,0.07,0.03,0.18,0.50,35,71,Normal
231,2026-01-10T15:00:00.000Z,korba-west-bench,zone-a,SN-101,7.54,2.37,1.22,0.58,3.60,0.44,2.31,43,99,Warning
232,2026-01-10T16:00:00.000Z,jharia-open-pit,zone-a,SN-102,27.31,3.27,4.91,0.98,5.64,1.86,5.70,64,63,Critical
233,2026-01-10T17:00:00.000Z,singareni-s4,zone-b,SN-102,0.28,0.48,0.40,0.12,1.17,0.04,1.04,18,73,Normal
234,2026-01-10T18:00:00.000Z,singareni-s4,zone-b,PZ-401,5.45,2.37,1.53,0.17,1.81,0.23,2.67,58,73,Warning
235,2026-01-10T19:00:00.000Z,korba-west-bench,zone-a,SN-101,9.81,1.02,1.06,0.35,2.33,0.26,2.67,47,63,Warning
236,2026-01-10T20:00:00.000Z,singareni-s4,zone-a,TL-301,10.88,1.56,1.14,0.37,3.01,0.49,2.78,39,75,Warning
237,2026-01-10T21:00:00.000Z,raniganj-south-slope,zone-a,SN-102,3.72,0.74,0.45,0.11,0.18,0.16,0.70,38,83,Normal
238,2026-01-10T22:00:00.000Z,korba-west-bench,zone-c,SN-102,2.38,0.63,0.39,0.09,0.77,0.01,0.43,17,61,Normal
239,2026-01-10T23:00:00.000Z,singareni-s4,zone-c,EX-201,2.14,0.19,0.04,0.02,1.22,0.12,0.38,16,82,Normal
240,2026-01-11T00:00:00.000Z,singareni-s4,zone-a,SN-101,8.00,1.04,1.51,0.53,2.38,0.34,2.17,64,95,Warning
241,2026-01-11T01:00:00.000Z,jharia-open-pit,zone-a,EX-201,7.17,1.26,2.08,0.17,4.52,0.72,2.23,50,85,Warning
242,2026-01-11T02:00:00.000Z,raniganj-south-slope,zone-b,TL-301,4.37,0.34,0.14,0.10,0.56,0.14,1.01,16,60,Normal
243,2026-01-11T03:00:00.000Z,korba-west-bench,zone-b,PZ-401,25.57,2.40,3.51,0.87,11.64,2.06,5.71,60,92,Critical
244,2026-01-11T04:00:00.000Z,raniganj-south-slope,zone-b,PZ-401,10.88,1.78,2.10,0.33,1.87,0.72,1.29,59,78,Warning
245,2026-01-11T05:00:00.000Z,jharia-open-pit,zone-a,TL-301,2.59,0.42,0.05,0.02,0.47,0.16,0.14,32,71,Normal
246,2026-01-11T06:00:00.000Z,raniganj-south-slope,zone-a,EX-201,2.50,0.37,0.76,0.05,0.69,0.11,0.41,22,81,Normal
247,2026-01-11T07:00:00.000Z,singareni-s4,zone-d,SN-101,1.59,0.41,0.33,0.12,0.29,0.13,0.96,35,73,Normal
248,2026-01-11T08:00:00.000Z,singareni-s4,zone-a,EX-201,0.48,0.77,0.01,0.04,1.38,0.05,0.94,16,95,Normal
249,2026-01-11T09:00:00.000Z,jharia-open-pit,zone-c,PZ-401,1.89,0.20,0.60,0.10,1.48,0.16,0.02,28,80,Normal
250,2026-01-11T10:00:00.000Z,korba-west-bench,zone-c,TL-301,19.89,6.49,2.52,0.88,8.18,2.33,5.74,71,89,Critical
251,2026-01-11T11:00:00.000Z,raniganj-south-slope,zone-c,SN-101,18.10,6.63,4.45,0.86,8.46,2.40,4.32,92,92,Critical
252,2026-01-11T12:00:00.000Z,raniganj-south-slope,zone-a,EX-201,1.20,0.10,0.33,0.03,0.68,0.00,0.80,38,66,Normal
253,2026-01-11T13:00:00.000Z,raniganj-south-slope,zone-a,EX-201,3.80,0.50,0.24,0.05,0.19,0.19,0.87,26,94,Normal
254,2026-01-11T14:00:00.000Z,jharia-open-pit,zone-c,PZ-401,4.32,0.23,0.77,0.10,0.08,0.19,0.40,31,94,Normal
255,2026-01-11T15:00:00.000Z,jharia-open-pit,zone-d,PZ-401,2.15,0.46,0.02,0.05,0.44,0.14,0.49,17,62,Normal
256,2026-01-11T16:00:00.000Z,korba-west-bench,zone-a,TL-301,2.88,0.13,0.40,0.09,0.26,0.03,0.30,33,92,Normal
257,2026-01-11T17:00:00.000Z,korba-west-bench,zone-d,SN-102,2.22,0.75,0.75,0.02,0.60,0.12,0.79,26,68,Normal
258,2026-01-11T18:00:00.000Z,singareni-s4,zone-b,TL-301,5.93,1.57,1.44,0.56,3.69,0.47,1.93,37,98,Warning
259,2026-01-11T19:00:00.000Z,korba-west-bench,zone-d,PZ-401,27.96,6.59,3.62,1.07,10.06,1.13,5.87,82,70,Critical
260,2026-01-11T20:00:00.000Z,raniganj-south-slope,zone-d,SN-102,1.22,0.17,0.11,0.12,1.21,0.07,1.16,38,68,Normal
261,2026-01-11T21:00:00.000Z,raniganj-south-slope,zone-a,SN-101,2.25,0.43,0.73,0.10,0.33,0.11,0.67,31,69,Normal
262,2026-01-11T22:00:00.000Z,jharia-open-pit,zone-d,TL-301,3.06,0.30,0.70,0.03,0.40,0.01,0.69,19,93,Normal
263,2026-01-11T23:00:00.000Z,raniganj-south-slope,zone-d,EX-201,20.62,6.78,3.06,1.57,11.03,1.09,5.93,57,72,Critical
264,2026-01-12T00:00:00.000Z,korba-west-bench,zone-c,SN-102,3.85,0.23,0.56,0.09,0.78,0.08,0.88,34,88,Normal
265,2026-01-12T01:00:00.000Z,raniganj-south-slope,zone-c,PZ-401,10.10,1.43,2.07,0.31,1.98,0.28,2.86,52,67,Warning
266,2026-01-12T02:00:00.000Z,jharia-open-pit,zone-c,SN-101,8.95,1.41,2.41,0.58,2.10,0.21,2.54,64,98,Warning
267,2026-01-12T03:00:00.000Z,raniganj-south-slope,zone-d,PZ-401,0.43,0.68,0.56,0.04,0.92,0.07,0.04,22,75,Normal
268,2026-01-12T04:00:00.000Z,korba-west-bench,zone-b,SN-102,5.20,1.10,1.62,0.25,2.92,0.34,2.29,63,71,Warning
269,2026-01-12T05:00:00.000Z,singareni-s4,zone-d,PZ-401,19.88,6.08,2.51,0.51,6.83,2.53,4.09,94,75,Critical
270,2026-01-12T06:00:00.000Z,korba-west-bench,zone-b,TL-301,0.77,0.41,0.67,0.01,0.77,0.07,0.68,36,95,Normal
271,2026-01-12T07:00:00.000Z,jharia-open-pit,zone-b,PZ-401,8.77,1.57,1.25,0.38,2.20,0.51,2.91,37,83,Warning
272,2026-01-12T08:00:00.000Z,raniganj-south-slope,zone-a,SN-101,3.04,0.74,0.55,0.09,1.12,0.07,0.79,15,91,Normal
273,2026-01-12T09:00:00.000Z,singareni-s4,zone-b,SN-101,5.48,1.01,2.20,0.22,3.84,0.30,1.41,51,81,Warning
274,2026-01-12T10:00:00.000Z,raniganj-south-slope,zone-c,TL-301,7.60,1.13,1.45,0.54,3.00,0.44,1.95,53,79,Warning
275,2026-01-12T11:00:00.000Z,singareni-s4,zone-c,PZ-401,3.59,0.23,0.08,0.15,1.16,0.04,1.03,29,61,Normal
276,2026-01-12T12:00:00.000Z,raniganj-south-slope,zone-b,EX-201,0.68,0.51,0.19,0.03,0.29,0.13,0.31,18,95,Normal
277,2026-01-12T13:00:00.000Z,singareni-s4,zone-c,PZ-401,0.37,0.04,0.21,0.05,0.58,0.09,1.04,23,66,Normal
278,2026-01-12T14:00:00.000Z,singareni-s4,zone-a,SN-102,10.40,1.93,1.89,0.42,3.52,0.69,1.97,39,84,Warning
279,2026-01-12T15:00:00.000Z,singareni-s4,zone-c,EX-201,22.76,5.80,5.19,1.29,8.54,0.77,5.42,60,64,Critical
280,2026-01-12T16:00:00.000Z,raniganj-south-slope,zone-d,TL-301,23.38,4.47,3.15,1.41,5.64,1.32,3.55,90,92,Critical
281,2026-01-12T17:00:00.000Z,jharia-open-pit,zone-d,EX-201,1.90,0.49,0.63,0.14,0.26,0.10,1.07,36,86,Normal
282,2026-01-12T18:00:00.000Z,singareni-s4,zone-c,SN-102,9.31,1.55,1.91,0.42,4.01,0.38,2.27,36,64,Warning
283,2026-01-12T19:00:00.000Z,jharia-open-pit,zone-d,EX-201,2.26,0.02,0.41,0.05,1.39,0.11,1.04,36,96,Normal
284,2026-01-12T20:00:00.000Z,korba-west-bench,zone-c,PZ-401,4.20,0.23,0.06,0.11,1.36,0.15,0.47,18,68,Normal
285,2026-01-12T21:00:00.000Z,jharia-open-pit,zone-b,TL-301,17.75,3.04,2.98,1.17,10.89,2.51,5.11,92,83,Critical
286,2026-01-12T22:00:00.000Z,raniganj-south-slope,zone-a,EX-201,4.00,0.50,0.10,0.10,0.38,0.17,1.11,22,77,Normal
287,2026-01-12T23:00:00.000Z,korba-west-bench,zone-c,SN-101,0.26,0.07,0.55,0.09,1.07,0.19,0.87,28,61,Normal
288,2026-01-13T00:00:00.000Z,raniganj-south-slope,zone-c,EX-201,1.25,0.06,0.26,0.15,0.39,0.04,0.88,20,79,Normal
289,2026-01-13T01:00:00.000Z,korba-west-bench,zone-a,SN-102,5.38,1.40,1.78,0.30,4.57,0.57,2.45,58,63,Warning
290,2026-01-13T02:00:00.000Z,jharia-open-pit,zone-a,SN-102,4.39,0.80,0.60,0.12,0.67,0.06,0.17,36,63,Normal
291,2026-01-13T03:00:00.000Z,jharia-open-pit,zone-b,EX-201,2.04,0.05,0.80,0.06,1.02,0.07,0.15,33,99,Normal
292,2026-01-13T04:00:00.000Z,korba-west-bench,zone-b,TL-301,5.27,1.61,2.36,0.23,1.88,0.67,1.42,47,73,Warning
293,2026-01-13T05:00:00.000Z,singareni-s4,zone-b,SN-102,9.87,1.31,2.59,0.55,4.34,0.58,1.27,45,65,Warning
294,2026-01-13T06:00:00.000Z,korba-west-bench,zone-a,TL-301,3.40,0.58,0.28,0.01,1.23,0.17,0.67,38,67,Normal
295,2026-01-13T07:00:00.000Z,singareni-s4,zone-c,TL-301,2.42,0.69,0.49,0.05,1.18,0.14,0.39,34,75,Normal
296,2026-01-13T08:00:00.000Z,jharia-open-pit,zone-c,SN-102,18.67,3.85,3.27,0.94,6.20,2.53,5.02,76,62,Critical
297,2026-01-13T09:00:00.000Z,korba-west-bench,zone-d,TL-301,0.50,0.07,0.31,0.03,0.76,0.10,0.53,28,72,Normal
298,2026-01-13T10:00:00.000Z,korba-west-bench,zone-d,EX-201,7.44,1.25,1.26,0.35,3.06,0.58,2.48,63,79,Warning
299,2026-01-13T11:00:00.000Z,raniganj-south-slope,zone-d,TL-301,25.97,4.17,4.96,1.20,10.99,1.98,6.05,86,87,Critical
300,2026-01-13T12:00:00.000Z,singareni-s4,zone-c,PZ-401,2.55,0.53,0.45,0.01,0.82,0.08,0.17,23,94,Normal
301,2026-01-13T13:00:00.000Z,singareni-s4,zone-a,TL-301,1.17,0.80,0.66,0.06,0.74,0.14,0.83,28,76,Normal
302,2026-01-13T14:00:00.000Z,jharia-open-pit,zone-a,SN-101,1.62,0.68,0.73,0.06,0.71,0.06,1.16,30,64,Normal
303,2026-01-13T15:00:00.000Z,singareni-s4,zone-b,TL-301,10.90,2.31,1.92,0.47,3.79,0.28,1.51,64,83,Warning
304,2026-01-13T16:00:00.000Z,raniganj-south-slope,zone-d,SN-101,2.50,0.71,0.32,0.11,1.28,0.18,0.65,17,81,Normal
305,2026-01-13T17:00:00.000Z,singareni-s4,zone-d,SN-101,3.40,0.12,0.73,0.01,0.97,0.11,0.10,30,66,Normal
306,2026-01-13T18:00:00.000Z,korba-west-bench,zone-c,EX-201,1.76,0.14,0.79,0.06,0.75,0.18,0.51,34,91,Normal
307,2026-01-13T19:00:00.000Z,singareni-s4,zone-b,SN-102,22.63,4.34,3.52,0.64,9.99,2.34,3.97,83,91,Critical
308,2026-01-13T20:00:00.000Z,jharia-open-pit,zone-d,EX-201,1.30,0.31,0.46,0.00,0.72,0.02,0.94,29,92,Normal
309,2026-01-13T21:00:00.000Z,singareni-s4,zone-a,SN-102,26.41,4.04,3.72,0.67,8.61,1.05,5.64,87,67,Critical
310,2026-01-13T22:00:00.000Z,singareni-s4,zone-c,SN-102,19.72,3.43,4.43,1.65,9.82,1.95,4.62,79,87,Critical
311,2026-01-13T23:00:00.000Z,raniganj-south-slope,zone-c,TL-301,3.76,0.79,0.30,0.11,0.92,0.02,1.13,17,60,Normal
312,2026-01-14T00:00:00.000Z,singareni-s4,zone-c,TL-301,3.74,0.44,0.02,0.14,0.42,0.05,0.40,19,89,Normal
313,2026-01-14T01:00:00.000Z,jharia-open-pit,zone-b,PZ-401,2.17,0.13,0.74,0.12,1.39,0.04,0.98,34,61,Normal
314,2026-01-14T02:00:00.000Z,jharia-open-pit,zone-c,SN-102,1.77,0.63,0.27,0.09,0.75,0.15,0.30,25,89,Normal
315,2026-01-14T03:00:00.000Z,raniganj-south-slope,zone-c,SN-102,4.22,0.10,0.18,0.12,0.13,0.20,0.80,15,86,Normal
316,2026-01-14T04:00:00.000Z,jharia-open-pit,zone-b,SN-101,4.49,0.46,0.31,0.02,0.86,0.17,0.83,25,80,Normal
317,2026-01-14T05:00:00.000Z,raniganj-south-slope,zone-a,PZ-401,6.62,1.08,2.48,0.60,1.50,0.51,1.60,38,65,Warning
318,2026-01-14T06:00:00.000Z,raniganj-south-slope,zone-b,PZ-401,1.66,0.33,0.63,0.06,1.12,0.01,0.06,24,74,Normal
319,2026-01-14T07:00:00.000Z,jharia-open-pit,zone-c,PZ-401,4.46,0.40,0.25,0.10,1.07,0.11,0.43,20,95,Normal
320,2026-01-14T08:00:00.000Z,korba-west-bench,zone-c,SN-102,6.49,1.81,1.80,0.49,1.85,0.64,1.98,46,83,Warning
321,2026-01-14T09:00:00.000Z,korba-west-bench,zone-c,SN-101,8.10,1.26,1.18,0.44,2.54,0.73,1.77,62,92,Warning
322,2026-01-14T10:00:00.000Z,singareni-s4,zone-d,SN-102,0.63,0.32,0.26,0.05,0.50,0.05,0.98,19,69,Normal
323,2026-01-14T11:00:00.000Z,jharia-open-pit,zone-a,SN-102,2.75,0.13,0.01,0.14,0.21,0.09,0.28,29,69,Normal
324,2026-01-14T12:00:00.000Z,jharia-open-pit,zone-c,SN-101,1.55,0.48,0.53,0.06,1.06,0.04,0.73,32,61,Normal
325,2026-01-14T13:00:00.000Z,singareni-s4,zone-a,SN-102,1.77,0.48,0.52,0.01,0.13,0.07,0.93,18,75,Normal
326,2026-01-14T14:00:00.000Z,raniganj-south-slope,zone-a,PZ-401,10.16,2.15,0.95,0.28,2.08,0.31,1.36,50,66,Warning
327,2026-01-14T15:00:00.000Z,jharia-open-pit,zone-c,SN-102,2.67,0.66,0.20,0.04,1.45,0.04,1.06,15,82,Normal
328,2026-01-14T16:00:00.000Z,raniganj-south-slope,zone-b,SN-101,1.80,0.53,0.65,0.15,1.37,0.10,0.19,22,98,Normal
329,2026-01-14T17:00:00.000Z,raniganj-south-slope,zone-b,SN-102,1.20,0.50,0.22,0.09,0.33,0.20,0.26,15,95,Normal
330,2026-01-14T18:00:00.000Z,singareni-s4,zone-d,SN-102,0.53,0.67,0.40,0.10,1.01,0.19,1.04,37,69,Normal
331,2026-01-14T19:00:00.000Z,jharia-open-pit,zone-c,SN-101,7.04,1.64,2.59,0.38,2.57,0.47,2.62,36,86,Warning
332,2026-01-14T20:00:00.000Z,raniganj-south-slope,zone-c,SN-101,2.73,0.08,0.48,0.04,0.38,0.01,0.65,33,76,Normal
333,2026-01-14T21:00:00.000Z,korba-west-bench,zone-b,TL-301,0.41,0.36,0.18,0.02,1.31,0.15,0.04,32,70,Normal
334,2026-01-14T22:00:00.000Z,korba-west-bench,zone-c,SN-102,1.09,0.12,0.14,0.04,0.11,0.11,0.08,19,75,Normal
335,2026-01-14T23:00:00.000Z,jharia-open-pit,zone-c,SN-101,3.59,0.18,0.16,0.13,0.11,0.14,0.84,27,64,Normal
336,2026-01-15T00:00:00.000Z,singareni-s4,zone-c,SN-101,12.39,5.53,4.55,1.44,9.98,1.60,6.17,85,74,Critical
337,2026-01-15T01:00:00.000Z,raniganj-south-slope,zone-b,EX-201,21.24,6.74,3.47,1.55,9.29,2.45,4.30,63,95,Critical
338,2026-01-15T02:00:00.000Z,jharia-open-pit,zone-b,SN-101,1.95,0.04,0.60,0.04,0.72,0.02,0.32,29,91,Normal
339,2026-01-15T03:00:00.000Z,korba-west-bench,zone-d,EX-201,0.20,0.07,0.56,0.09,0.28,0.13,0.86,27,65,Normal
340,2026-01-15T04:00:00.000Z,korba-west-bench,zone-d,TL-301,4.14,0.30,0.68,0.11,1.04,0.04,0.94,38,92,Normal
341,2026-01-15T05:00:00.000Z,korba-west-bench,zone-d,PZ-401,3.29,0.74,0.58,0.00,1.42,0.19,0.38,34,75,Normal
342,2026-01-15T06:00:00.000Z,korba-west-bench,zone-b,PZ-401,3.12,0.54,0.45,0.02,1.00,0.15,0.60,15,72,Normal
343,2026-01-15T07:00:00.000Z,korba-west-bench,zone-c,SN-101,2.37,0.74,0.02,0.05,0.68,0.17,0.34,32,82,Normal
344,2026-01-15T08:00:00.000Z,singareni-s4,zone-b,EX-201,1.55,0.34,0.26,0.05,0.90,0.14,0.61,21,82,Normal
345,2026-01-15T09:00:00.000Z,raniganj-south-slope,zone-a,SN-102,3.43,0.50,0.24,0.00,1.24,0.00,0.82,39,61,Normal
346,2026-01-15T10:00:00.000Z,jharia-open-pit,zone-b,EX-201,5.38,1.48,2.25,0.25,2.92,0.61,2.80,42,63,Warning
347,2026-01-15T11:00:00.000Z,korba-west-bench,zone-a,SN-102,18.95,4.49,3.36,0.68,10.50,2.51,4.46,94,97,Critical
348,2026-01-15T12:00:00.000Z,korba-west-bench,zone-b,SN-102,3.43,0.49,0.49,0.14,0.06,0.13,,18,79,Normal
349,2026-01-15T13:00:00.000Z,singareni-s4,zone-a,PZ-401,3.90,0.15,0.46,0.09,0.52,0.17,0.48,15,64,Normal
350,2026-01-15T14:00:00.000Z,jharia-open-pit,zone-a,PZ-401,8.24,1.99,1.87,0.26,1.97,0.61,1.86,39,86,Warning
351,2026-01-15T15:00:00.000Z,singareni-s4,zone-b,EX-201,12.80,4.25,2.78,1.29,4.81,1.29,3.28,55,72,Critical
352,2026-01-15T16:00:00.000Z,singareni-s4,zone-b,SN-102,2.04,0.45,0.36,0.01,0.88,0.06,0.29,26,97,Normal
353,2026-01-15T17:00:00.000Z,korba-west-bench,zone-d,SN-102,3.82,0.73,0.22,0.15,1.44,0.16,0.87,,95,Normal
354,2026-01-15T18:00:00.000Z,raniganj-south-slope,zone-a,SN-102,1.63,0.17,0.71,0.11,1.05,0.18,0.04,30,79,Normal
355,2026-01-15T19:00:00.000Z,korba-west-bench,zone-b,TL-301,6.56,2.34,2.50,0.15,4.42,0.40,2.86,64,87,Warning
356,2026-01-15T20:00:00.000Z,singareni-s4,zone-a,EX-201,0.32,0.60,0.35,0.02,0.58,0.07,0.55,37,86,Normal
357,2026-01-15T21:00:00.000Z,jharia-open-pit,zone-c,SN-101,1.55,0.61,0.79,0.15,0.39,0.01,0.65,22,94,Normal
358,2026-01-15T22:00:00.000Z,singareni-s4,zone-a,TL-301,6.28,2.30,0.97,0.23,2.73,0.40,1.95,41,72,Warning
359,2026-01-15T23:00:00.000Z,korba-west-bench,zone-b,PZ-401,2.80,0.39,0.31,0.02,0.12,0.19,0.13,28,88,Normal
360,2026-01-16T00:00:00.000Z,jharia-open-pit,zone-c,EX-201,1.44,0.59,0.09,0.03,1.42,0.16,1.07,22,91,Normal
361,2026-01-16T01:00:00.000Z,jharia-open-pit,zone-c,PZ-401,0.31,0.63,0.04,0.04,1.26,0.16,0.78,33,75,Normal
362,2026-01-16T02:00:00.000Z,korba-west-bench,zone-a,PZ-401,5.66,1.81,1.02,0.58,3.10,0.47,2.29,40,97,Warning
363,2026-01-16T03:00:00.000Z,singareni-s4,zone-c,EX-201,5.48,1.08,2.00,0.47,2.53,0.59,2.96,35,71,Warning
364,2026-01-16T04:00:00.000Z,korba-west-bench,zone-d,SN-101,0.20,0.38,0.06,0.06,0.40,0.02,0.72,28,98,Normal
365,2026-01-16T05:00:00.000Z,raniganj-south-slope,zone-b,SN-102,4.17,0.31,0.01,0.02,0.04,0.17,0.44,21,81,Normal
366,2026-01-16T06:00:00.000Z,korba-west-bench,zone-b,TL-301,0.68,0.54,0.23,0.02,1.15,0.08,0.17,28,76,Normal
367,2026-01-16T07:00:00.000Z,raniganj-south-slope,zone-c,TL-301,7.71,1.97,0.89,0.51,3.58,0.56,1.59,57,80,Warning
368,2026-01-16T08:00:00.000Z,korba-west-bench,zone-d,PZ-401,0.01,0.23,0.66,0.10,0.30,0.08,0.90,32,80,Normal
369,2026-01-16T09:00:00.000Z,jharia-open-pit,zone-b,TL-301,0.83,0.50,0.12,0.01,0.91,0.16,0.75,38,86,Normal
370,2026-01-16T10:00:00.000Z,jharia-open-pit,zone-a,SN-101,6.69,2.19,1.63,0.26,4.40,0.31,1.83,54,90,Warning
371,2026-01-16T11:00:00.000Z,raniganj-south-slope,zone-d,TL-301,3.68,0.45,0.23,0.09,0.53,0.16,0.09,31,71,Normal
372,2026-01-16T12:00:00.000Z,singareni-s4,zone-a,PZ-401,2.88,0.32,0.56,0.10,0.00,0.13,0.24,16,96,Normal
373,2026-01-16T13:00:00.000Z,raniganj-south-slope,zone-c,TL-301,10.78,1.31,2.49,0.28,2.79,0.74,2.02,49,92,Warning
374,2026-01-16T14:00:00.000Z,jharia-open-pit,zone-b,EX-201,7.17,2.27,0.93,0.23,3.00,0.24,2.67,57,89,Warning
375,2026-01-16T15:00:00.000Z,jharia-open-pit,zone-d,EX-201,3.73,0.51,0.55,0.12,0.78,0.20,0.07,31,83,Normal
376,2026-01-16T16:00:00.000Z,korba-west-bench,zone-d,PZ-401,1.90,0.57,0.62,0.12,0.91,0.17,0.03,15,72,Normal
377,2026-01-16T17:00:00.000Z,raniganj-south-slope,zone-b,PZ-401,2.14,0.40,0.70,0.12,1.11,0.02,0.41,16,73,Normal
378,2026-01-16T18:00:00.000Z,korba-west-bench,zone-b,EX-201,4.11,0.53,0.18,0.04,0.39,0.14,0.42,25,61,Normal
379,2026-01-16T19:00:00.000Z,jharia-open-pit,zone-a,TL-301,8.87,1.30,1.33,0.26,4.42,0.21,2.74,62,91,Warning
380,2026-01-16T20:00:00.000Z,raniganj-south-slope,zone-b,PZ-401,27.67,4.60,5.38,0.63,9.36,1.84,6.25,67,83,Critical
381,2026-01-16T21:00:00.000Z,jharia-open-pit,zone-b,SN-101,3.00,0.24,0.68,0.14,1.44,0.01,0.68,33,62,Normal
382,2026-01-16T22:00:00.000Z,singareni-s4,zone-c,EX-201,3.90,0.69,0.68,0.09,0.74,0.11,0.68,35,63,Normal
383,2026-01-16T23:00:00.000Z,jharia-open-pit,zone-c,SN-101,0.03,0.49,0.18,0.02,0.75,0.11,0.91,17,95,Normal
384,2026-01-17T00:00:00.000Z,korba-west-bench,zone-d,TL-301,5.41,1.19,2.57,0.51,4.00,0.71,2.15,46,96,Warning
385,2026-01-17T01:00:00.000Z,raniganj-south-slope,zone-c,TL-301,2.07,0.34,0.03,0.08,0.26,0.16,0.78,16,88,Normal
386,2026-01-17T02:00:00.000Z,jharia-open-pit,zone-a,SN-102,0.99,0.12,0.66,0.15,1.07,0.02,0.74,18,68,Normal
387,2026-01-17T03:00:00.000Z,raniganj-south-slope,zone-a,PZ-401,1.93,0.26,0.13,0.08,0.82,0.10,0.59,25,87,Normal
388,2026-01-17T04:00:00.000Z,jharia-open-pit,zone-d,PZ-401,4.25,0.15,0.14,0.10,0.81,0.07,0.25,25,67,Normal
389,2026-01-17T05:00:00.000Z,raniganj-south-slope,zone-a,PZ-401,10.92,1.85,0.81,0.33,2.50,0.31,1.39,48,98,Warning
390,2026-01-17T06:00:00.000Z,singareni-s4,zone-b,TL-301,4.10,0.03,0.29,0.07,0.98,0.13,0.59,27,72,Normal
391,2026-01-17T07:00:00.000Z,jharia-open-pit,zone-a,EX-201,0.55,0.39,0.12,0.12,1.19,0.12,0.14,32,71,Normal
392,2026-01-17T08:00:00.000Z,raniganj-south-slope,zone-a,SN-101,2.73,0.41,0.46,0.06,1.41,0.04,0.61,33,85,Normal
393,2026-01-17T09:00:00.000Z,singareni-s4,zone-c,SN-101,7.48,1.22,2.21,0.18,4.33,0.55,2.81,57,89,Warning
394,2026-01-17T10:00:00.000Z,jharia-open-pit,zone-d,PZ-401,21.22,4.89,4.43,1.66,6.95,0.89,5.77,91,75,Critical
395,2026-01-17T11:00:00.000Z,jharia-open-pit,zone-b,SN-101,8.02,1.09,1.45,0.53,2.97,0.56,1.30,40,62,Warning
396,2026-01-17T12:00:00.000Z,jharia-open-pit,zone-b,TL-301,1.13,0.40,0.59,0.02,1.16,0.07,0.14,15,74,Normal
397,2026-01-17T13:00:00.000Z,raniganj-south-slope,zone-a,EX-201,4.20,0.59,0.65,0.01,0.51,0.18,0.49,35,83,Normal
398,2026-01-17T14:00:00.000Z,raniganj-south-slope,zone-c,PZ-401,6.14,1.10,2.58,0.57,4.36,0.47,2.98,42,61,Warning
399,2026-01-17T15:00:00.000Z,korba-west-bench,zone-c,SN-102,3.17,0.60,0.35,0.13,1.16,0.07,0.02,38,94,Normal
400,2026-01-17T16:00:00.000Z,jharia-open-pit,zone-a,PZ-401,1.47,0.22,0.08,0.14,1.31,0.10,0.19,36,69,Normal
401,2026-01-17T17:00:00.000Z,jharia-open-pit,zone-a,EX-201,3.95,0.32,0.54,0.03,0.02,0.19,0.46,27,70,Normal
402,2026-01-17T18:00:00.000Z,korba-west-bench,zone-d,TL-301,0.46,0.59,0.70,0.03,0.79,0.14,0.55,38,77,Normal
403,2026-01-17T19:00:00.000Z,jharia-open-pit,zone-b,TL-301,1.29,0.21,0.72,0.13,0.41,0.07,0.43,35,96,Normal
404,2026-01-17T20:00:00.000Z,korba-west-bench,zone-b,SN-101,0.62,0.59,0.53,0.09,1.48,0.10,0.43,24,85,Normal
405,2026-01-17T21:00:00.000Z,raniganj-south-slope,zone-a,TL-301,5.25,1.96,1.68,0.41,1.80,0.59,2.93,53,95,Warning
406,2026-01-17T22:00:00.000Z,raniganj-south-slope,zone-a,EX-201,8.57,1.21,2.41,0.46,2.56,0.32,2.77,40,61,Warning
407,2026-01-17T23:00:00.000Z,korba-west-bench,zone-a,PZ-401,0.77,0.17,0.10,0.01,0.88,0.18,0.18,37,63,Normal
408,2026-01-18T00:00:00.000Z,korba-west-bench,zone-c,SN-101,1.64,0.55,0.44,0.04,1.07,0.02,0.37,29,70,Normal
409,2026-01-18T01:00:00.000Z,korba-west-bench,zone-a,TL-301,12.70,2.61,5.33,0.66,8.23,1.60,4.14,76,62,Critical
410,2026-01-18T02:00:00.000Z,singareni-s4,zone-a,TL-301,3.96,0.50,0.12,0.09,0.27,0.10,1.15,15,77,Normal
411,2026-01-18T03:00:00.000Z,jharia-open-pit,zone-c,EX-201,9.71,1.51,1.36,0.40,2.68,0.51,1.22,38,99,Warning
412,2026-01-18T04:00:00.000Z,singareni-s4,zone-a,EX-201,1.65,0.52,0.56,0.13,0.89,0.14,0.96,29,73,Normal
413,2026-01-18T05:00:00.000Z,jharia-open-pit,zone-c,SN-102,5.22,1.08,1.92,0.25,2.95,0.72,1.28,61,91,Warning
414,2026-01-18T06:00:00.000Z,raniganj-south-slope,zone-c,PZ-401,1.22,0.18,0.21,0.11,0.52,0.19,0.92,28,63,Normal
415,2026-01-18T07:00:00.000Z,raniganj-south-slope,zone-d,SN-101,16.26,2.53,4.54,0.74,5.33,1.49,5.78,93,74,Critical
416,2026-01-18T08:00:00.000Z,singareni-s4,zone-a,EX-201,0.35,0.44,0.04,0.02,1.32,0.11,0.26,25,77,Normal
417,2026-01-18T09:00:00.000Z,raniganj-south-slope,zone-c,SN-101,0.39,0.70,0.23,0.09,0.50,0.06,0.45,37,91,Normal
418,2026-01-18T10:00:00.000Z,korba-west-bench,zone-b,TL-301,5.49,1.50,1.28,0.38,2.83,0.42,2.48,60,70,Warning
419,2026-01-18T11:00:00.000Z,korba-west-bench,zone-c,SN-102,7.55,1.96,1.73,0.50,3.20,0.33,2.39,46,94,Warning
420,2026-01-18T12:00:00.000Z,raniganj-south-slope,zone-b,TL-301,19.87,6.55,3.33,0.67,10.30,1.45,5.41,88,66,Critical
421,2026-01-18T13:00:00.000Z,singareni-s4,zone-d,TL-301,7.64,2.01,0.88,0.54,2.30,0.47,2.09,51,82,Warning
422,2026-01-18T14:00:00.000Z,raniganj-south-slope,zone-b,SN-102,1.26,0.58,0.53,0.14,1.34,0.02,0.37,17,83,Normal
423,2026-01-18T15:00:00.000Z,jharia-open-pit,zone-b,PZ-401,3.01,0.20,0.25,0.14,0.99,0.17,0.76,20,79,Normal
424,2026-01-18T16:00:00.000Z,jharia-open-pit,zone-d,SN-102,2.88,0.57,0.66,0.06,0.45,0.01,1.15,34,64,Normal
425,2026-01-18T17:00:00.000Z,raniganj-south-slope,zone-c,PZ-401,10.01,1.65,2.08,0.21,3.63,0.52,1.31,62,63,Warning
426,2026-01-18T18:00:00.000Z,singareni-s4,zone-d,TL-301,2.64,0.63,0.04,0.03,0.41,0.10,0.93,36,76,Normal
427,2026-01-18T19:00:00.000Z,korba-west-bench,zone-b,EX-201,21.67,3.96,5.93,0.63,8.80,1.32,3.98,65,64,Critical
428,2026-01-18T20:00:00.000Z,korba-west-bench,zone-b,SN-101,7.75,2.16,2.43,0.32,2.25,0.24,2.99,38,94,Warning
429,2026-01-18T21:00:00.000Z,raniganj-south-slope,zone-b,EX-201,2.47,0.03,0.10,0.00,0.77,0.07,0.53,39,73,Normal
430,2026-01-18T22:00:00.000Z,raniganj-south-slope,zone-b,EX-201,2.16,0.75,0.72,0.11,0.87,0.18,0.07,33,63,Normal
431,2026-01-18T23:00:00.000Z,raniganj-south-slope,zone-c,TL-301,1.35,0.12,0.18,0.04,0.23,0.15,0.62,29,73,Normal
432,2026-01-19T00:00:00.000Z,singareni-s4,zone-c,PZ-401,3.99,0.34,0.12,0.09,1.31,0.01,0.67,30,65,Normal
433,2026-01-19T01:00:00.000Z,jharia-open-pit,zone-b,TL-301,1.55,0.54,0.61,0.10,0.48,0.13,0.79,36,65,Normal
434,2026-01-19T02:00:00.000Z,singareni-s4,zone-c,SN-102,3.66,0.12,0.64,0.06,0.36,0.14,1.11,28,62,Normal
435,2026-01-19T03:00:00.000Z,korba-west-bench,zone-d,TL-301,6.07,1.96,2.35,0.30,3.37,0.24,2.57,52,97,Warning
436,2026-01-19T04:00:00.000Z,jharia-open-pit,zone-a,PZ-401,1.76,0.39,0.50,0.10,0.18,0.09,0.84,28,88,Normal
437,2026-01-19T05:00:00.000Z,korba-west-bench,zone-b,PZ-401,6.02,2.03,2.25,0.35,3.65,0.48,1.90,39,91,Warning
438,2026-01-19T06:00:00.000Z,singareni-s4,zone-d,SN-102,3.58,0.17,0.55,0.01,0.79,0.14,1.08,38,96,Normal
439,2026-01-19T07:00:00.000Z,raniganj-south-slope,zone-a,TL-301,3.99,0.28,0.77,0.08,0.13,0.13,0.06,17,85,Normal
440,2026-01-19T08:00:00.000Z,jharia-open-pit,zone-a,SN-101,1.14,0.38,0.35,0.05,0.44,0.15,0.04,19,67,Normal
441,2026-01-19T09:00:00.000Z,jharia-open-pit,zone-c,SN-101,3.17,0.70,0.30,0.14,0.65,0.19,0.43,38,90,Normal
442,2026-01-19T10:00:00.000Z,jharia-open-pit,zone-c,TL-301,26.34,3.36,5.47,1.31,10.93,0.76,5.15,70,82,Critical
443,2026-01-19T11:00:00.000Z,jharia-open-pit,zone-d,SN-102,2.08,0.16,0.61,0.03,0.76,0.00,1.09,23,91,Normal
444,2026-01-19T12:00:00.000Z,singareni-s4,zone-b,TL-301,3.87,0.41,0.17,0.01,1.09,0.15,0.15,25,71,Normal
445,2026-01-19T13:00:00.000Z,singareni-s4,zone-a,EX-201,19.65,3.37,3.33,1.64,7.67,1.99,3.23,74,97,Critical
446,2026-01-19T14:00:00.000Z,korba-west-bench,zone-b,PZ-401,10.12,2.16,1.19,0.46,1.86,0.26,1.82,53,71,Warning
447,2026-01-19T15:00:00.000Z,jharia-open-pit,zone-b,SN-101,1.81,0.33,0.44,0.05,0.20,0.14,1.04,23,67,Normal
448,2026-01-19T16:00:00.000Z,jharia-open-pit,zone-b,TL-301,9.26,2.11,1.25,0.17,1.55,0.68,2.81,38,80,Warning
449,2026-01-19T17:00:00.000Z,korba-west-bench,zone-a,EX-201,2.62,0.19,0.20,0.05,1.26,0.14,1.10,26,65,Normal
450,2026-01-19T18:00:00.000Z,raniganj-south-slope,zone-d,SN-101,2.34,0.80,0.68,0.08,1.03,0.18,0.61,29,83,Normal
451,2026-01-19T19:00:00.000Z,raniganj-south-slope,zone-a,PZ-401,2.06,0.53,0.01,0.10,0.64,0.12,0.24,29,86,Normal
452,2026-01-19T20:00:00.000Z,raniganj-south-slope,zone-d,EX-201,16.26,3.14,5.14,0.69,8.63,1.15,3.67,92,68,Critical
453,2026-01-19T21:00:00.000Z,raniganj-south-slope,zone-a,SN-102,1.94,0.22,0.74,0.15,0.59,0.16,1.10,22,92,Normal
454,2026-01-19T22:00:00.000Z,singareni-s4,zone-a,PZ-401,0.71,0.18,0.41,0.13,1.08,0.13,0.18,29,79,Normal
455,2026-01-19T23:00:00.000Z,korba-west-bench,zone-c,PZ-401,1.76,0.27,0.09,0.10,0.77,0.19,0.15,25,65,Normal
456,2026-01-20T00:00:00.000Z,raniganj-south-slope,zone-a,SN-102,24.34,4.07,4.57,0.92,6.13,1.99,4.19,75,93,Critical
457,2026-01-20T01:00:00.000Z,singareni-s4,zone-d,SN-101,9.05,1.73,1.02,0.25,3.06,0.66,1.39,56,95,Warning
458,2026-01-20T02:00:00.000Z,korba-west-bench,zone-b,PZ-401,14.58,5.89,3.52,1.42,7.55,1.03,3.71,84,63,Critical
459,2026-01-20T03:00:00.000Z,korba-west-bench,zone-a,EX-201,3.87,0.36,0.56,0.09,1.38,0.15,0.43,39,80,Normal
460,2026-01-20T04:00:00.000Z,singareni-s4,zone-a,SN-102,3.65,0.22,0.16,0.12,0.94,0.10,0.89,33,89,Normal
461,2026-01-20T05:00:00.000Z,jharia-open-pit,zone-b,TL-301,0.84,0.34,0.77,0.06,1.47,0.03,0.79,34,78,Normal
462,2026-01-20T06:00:00.000Z,raniganj-south-slope,zone-a,TL-301,2.38,0.31,0.13,0.10,0.46,0.19,0.39,19,92,Normal
463,2026-01-20T07:00:00.000Z,jharia-open-pit,zone-a,TL-301,1.39,0.54,0.51,0.08,1.20,0.13,0.79,30,97,Normal
464,2026-01-20T08:00:00.000Z,raniganj-south-slope,zone-c,EX-201,0.44,0.06,0.09,0.08,1.35,0.10,0.48,23,72,Normal
465,2026-01-20T09:00:00.000Z,raniganj-south-slope,zone-b,SN-101,7.37,1.97,2.39,0.21,2.57,0.41,1.28,53,99,Warning
466,2026-01-20T10:00:00.000Z,raniganj-south-slope,zone-b,EX-201,3.26,0.04,0.49,0.13,0.56,0.10,0.34,38,93,Normal
467,2026-01-20T11:00:00.000Z,raniganj-south-slope,zone-a,EX-201,0.47,0.31,0.69,0.09,0.55,0.19,1.19,34,95,Normal
468,2026-01-20T12:00:00.000Z,singareni-s4,zone-c,SN-101,1.52,0.55,0.23,0.08,0.20,0.00,0.11,35,86,Normal
469,2026-01-20T13:00:00.000Z,singareni-s4,zone-d,SN-101,0.26,0.64,0.61,0.13,0.37,0.17,0.17,27,73,Normal
470,2026-01-20T14:00:00.000Z,raniganj-south-slope,zone-b,SN-101,0.85,0.68,0.25,0.04,0.81,0.15,0.96,35,72,Normal
471,2026-01-20T15:00:00.000Z,korba-west-bench,zone-c,PZ-401,13.49,6.14,4.31,1.16,5.04,2.49,4.26,64,85,Critical
472,2026-01-20T16:00:00.000Z,jharia-open-pit,zone-c,TL-301,5.82,1.37,1.05,0.55,2.45,0.31,1.86,38,70,Warning
473,2026-01-20T17:00:00.000Z,jharia-open-pit,zone-c,TL-301,2.17,0.80,0.20,0.02,0.92,0.03,0.35,15,77,Normal
474,2026-01-20T18:00:00.000Z,singareni-s4,zone-b,EX-201,3.69,0.30,0.48,0.01,0.30,0.06,0.90,29,90,Normal
475,2026-01-20T19:00:00.000Z,jharia-open-pit,zone-c,SN-101,2.86,0.06,0.35,0.11,0.23,0.05,0.31,27,78,Normal
476,2026-01-20T20:00:00.000Z,korba-west-bench,zone-b,SN-101,9.43,1.44,2.32,0.41,3.87,0.22,1.22,53,92,Warning
477,2026-01-20T21:00:00.000Z,singareni-s4,zone-a,PZ-401,0.47,0.21,0.01,0.12,0.40,0.18,0.68,17,91,Normal
478,2026-01-20T22:00:00.000Z,jharia-open-pit,zone-a,SN-101,2.86,0.70,0.14,0.01,0.29,0.14,0.89,26,78,Normal
479,2026-01-20T23:00:00.000Z,raniganj-south-slope,zone-a,EX-201,3.40,0.53,0.50,0.08,0.03,0.17,1.09,30,83,Normal
480,2026-01-21T00:00:00.000Z,korba-west-bench,zone-a,SN-102,8.18,2.17,1.95,0.35,3.68,0.74,2.77,45,63,Warning
481,2026-01-21T01:00:00.000Z,singareni-s4,zone-d,SN-101,6.27,1.85,2.59,0.22,2.95,0.42,1.86,48,99,Warning
482,2026-01-21T02:00:00.000Z,korba-west-bench,zone-d,SN-101,2.85,0.59,0.43,0.03,0.86,0.13,0.23,35,68,Normal
483,2026-01-21T03:00:00.000Z,jharia-open-pit,zone-a,SN-102,2.41,0.63,0.69,0.03,1.30,0.12,0.10,16,97,Normal
484,2026-01-21T04:00:00.000Z,korba-west-bench,zone-a,EX-201,1.07,0.78,0.15,0.06,0.64,0.07,0.49,20,64,Normal
485,2026-01-21T05:00:00.000Z,korba-west-bench,zone-d,SN-102,11.06,1.80,1.63,0.22,4.24,0.35,1.53,40,70,Warning
486,2026-01-21T06:00:00.000Z,jharia-open-pit,zone-c,EX-201,15.29,4.75,4.30,0.82,6.99,1.61,5.40,88,88,Critical
487,2026-01-21T07:00:00.000Z,korba-west-bench,zone-c,EX-201,13.48,3.67,4.62,1.42,8.19,2.33,5.85,61,63,Critical
488,2026-01-21T08:00:00.000Z,raniganj-south-slope,zone-c,SN-102,3.47,0.67,0.50,0.09,1.33,0.14,0.44,38,73,Normal
489,2026-01-21T09:00:00.000Z,singareni-s4,zone-b,SN-101,8.01,1.85,1.19,0.53,3.02,0.31,1.31,43,81,Warning
490,2026-01-21T10:00:00.000Z,singareni-s4,zone-b,PZ-401,2.04,0.75,0.28,0.08,1.34,0.17,1.13,16,91,Normal
491,2026-01-21T11:00:00.000Z,jharia-open-pit,zone-d,EX-201,16.68,6.77,5.83,0.61,7.34,1.40,2.74,67,82,Critical
492,2026-01-21T12:00:00.000Z,korba-west-bench,zone-a,TL-301,9.48,1.98,1.37,0.16,2.63,0.35,2.35,58,67,Warning
493,2026-01-21T13:00:00.000Z,singareni-s4,zone-d,PZ-401,7.59,1.04,1.89,0.37,2.17,0.49,1.51,59,80,Warning
494,2026-01-21T14:00:00.000Z,raniganj-south-slope,zone-d,SN-101,6.34,2.28,2.47,0.18,1.83,0.72,2.10,37,64,Warning
495,2026-01-21T15:00:00.000Z,jharia-open-pit,zone-c,SN-102,10.67,1.86,0.92,0.22,2.92,0.24,1.85,45,94,Warning
496,2026-01-21T16:00:00.000Z,jharia-open-pit,zone-c,SN-101,13.71,5.62,4.92,1.66,12.72,2.39,5.70,78,72,Critical
497,2026-01-21T17:00:00.000Z,singareni-s4,zone-a,SN-101,2.63,0.36,0.77,0.08,0.82,0.12,0.64,21,79,Normal
498,2026-01-21T18:00:00.000Z,korba-west-bench,zone-a,TL-301,10.55,1.68,1.88,0.43,3.55,0.21,2.56,51,64,Warning
499,2026-01-21T19:00:00.000Z,korba-west-bench,zone-c,EX-201,3.64,0.43,0.16,0.04,0.41,0.17,0.57,27,76,Normal
500,2026-01-21T20:00:00.000Z,raniganj-south-slope,zone-b,SN-102,24.72,6.88,4.76,1.46,9.58,2.48,5.16,86,60,Critical
501,2026-01-21T21:00:00.000Z,korba-west-bench,zone-c,SN-101,19.56,5.21,5.34,0.96,11.05,1.23,5.46,55,63,Critical
502,2026-01-21T22:00:00.000Z,singareni-s4,zone-a,SN-102,13.40,6.73,4.04,0.77,10.96,2.00,2.76,75,81,Critical
503,2026-01-21T23:00:00.000Z,korba-west-bench,zone-b,SN-101,6.03,1.37,1.98,0.35,2.83,0.26,1.61,35,73,Warning
504,2026-01-22T00:00:00.000Z,raniganj-south-slope,zone-a,TL-301,6.35,0.84,1.45,0.44,4.24,0.30,1.33,37,91,Warning
505,2026-01-22T01:00:00.000Z,korba-west-bench,zone-b,PZ-401,1.36,0.42,0.59,0.08,0.30,0.17,0.21,38,83,Normal
506,2026-01-22T02:00:00.000Z,singareni-s4,zone-a,EX-201,2.82,0.06,0.17,0.14,0.85,0.15,1.05,22,66,Normal
507,2026-01-22T03:00:00.000Z,singareni-s4,zone-b,SN-101,1.31,0.50,0.58,0.08,1.09,0.06,0.28,31,60,Normal
508,2026-01-22T04:00:00.000Z,jharia-open-pit,zone-d,SN-102,2.40,0.62,0.08,0.15,1.33,0.12,0.09,19,60,Normal
509,2026-01-22T05:00:00.000Z,singareni-s4,zone-b,PZ-401,4.46,0.67,0.47,0.02,0.44,0.19,1.17,23,87,Normal
510,2026-01-22T06:00:00.000Z,korba-west-bench,zone-d,PZ-401,6.48,0.85,1.24,0.31,3.51,0.34,1.46,38,67,Warning
511,2026-01-22T07:00:00.000Z,raniganj-south-slope,zone-a,PZ-401,1.38,0.34,0.78,0.03,1.20,0.15,0.37,32,97,Normal
512,2026-01-22T08:00:00.000Z,raniganj-south-slope,zone-b,TL-301,1.49,0.31,0.63,0.14,0.34,0.19,1.11,27,87,Normal
513,2026-01-22T09:00:00.000Z,korba-west-bench,zone-d,SN-101,2.65,0.01,0.01,0.00,0.23,0.04,0.63,29,83,Normal
514,2026-01-22T10:00:00.000Z,raniganj-south-slope,zone-b,EX-201,1.96,0.16,0.61,0.13,1.48,0.07,1.18,21,80,Normal
515,2026-01-22T11:00:00.000Z,singareni-s4,zone-b,SN-101,7.53,1.86,1.96,0.43,1.97,0.48,1.74,55,84,Warning
516,2026-01-22T12:00:00.000Z,jharia-open-pit,zone-c,TL-301,3.67,0.52,0.36,0.14,1.25,0.11,0.95,21,75,Normal
517,2026-01-22T13:00:00.000Z,korba-west-bench,zone-b,TL-301,2.68,0.53,0.71,0.12,0.38,0.16,0.30,18,93,Normal
518,2026-01-22T14:00:00.000Z,jharia-open-pit,zone-b,PZ-401,10.03,1.53,1.04,0.38,1.89,0.58,1.62,43,71,Warning
519,2026-01-22T15:00:00.000Z,singareni-s4,zone-c,TL-301,6.39,2.18,1.91,0.21,2.22,0.27,2.76,55,84,Warning
520,2026-01-22T16:00:00.000Z,singareni-s4,zone-c,SN-102,4.15,0.68,0.21,0.00,0.08,0.17,0.98,31,87,Normal
521,2026-01-22T17:00:00.000Z,raniganj-south-slope,zone-a,SN-101,1.64,0.56,0.02,0.11,1.06,0.05,0.16,38,60,Normal
522,2026-01-22T18:00:00.000Z,singareni-s4,zone-a,EX-201,6.38,1.11,1.09,0.42,3.41,0.28,2.31,50,64,Warning
523,2026-01-22T19:00:00.000Z,korba-west-bench,zone-a,PZ-401,3.87,0.29,0.52,0.11,0.16,0.10,0.98,24,81,Normal
524,2026-01-22T20:00:00.000Z,raniganj-south-slope,zone-a,PZ-401,1.23,0.47,0.24,0.06,1.07,0.17,0.72,30,71,Normal
525,2026-01-22T21:00:00.000Z,singareni-s4,zone-b,PZ-401,3.05,0.75,0.60,0.03,0.10,0.03,1.13,32,65,Normal
526,2026-01-22T22:00:00.000Z,jharia-open-pit,zone-c,EX-201,14.78,2.71,5.24,1.59,6.36,1.06,3.34,84,93,Critical
527,2026-01-22T23:00:00.000Z,jharia-open-pit,zone-a,EX-201,6.09,2.14,2.20,0.49,3.12,0.66,2.02,63,84,Warning
528,2026-01-23T00:00:00.000Z,singareni-s4,zone-d,EX-201,2.40,0.55,0.74,0.08,0.47,0.05,0.21,25,99,Normal
529,2026-01-23T01:00:00.000Z,korba-west-bench,zone-a,SN-101,6.84,1.00,1.26,0.57,4.00,0.31,2.76,37,64,Warning
530,2026-01-23T02:00:00.000Z,korba-west-bench,zone-d,SN-102,7.16,2.26,1.54,0.18,3.50,0.28,1.34,52,92,Warning
531,2026-01-23T03:00:00.000Z,korba-west-bench,zone-b,EX-201,20.40,5.96,4.59,1.68,8.33,2.11,4.09,57,82,Critical
532,2026-01-23T04:00:00.000Z,singareni-s4,zone-c,PZ-401,3.23,0.08,0.57,0.11,0.58,0.01,0.23,38,89,Normal
533,2026-01-23T05:00:00.000Z,singareni-s4,zone-c,SN-101,10.34,1.96,1.77,0.56,3.40,0.45,1.60,62,62,Warning
534,2026-01-23T06:00:00.000Z,singareni-s4,zone-c,SN-102,3.49,0.10,0.11,0.07,0.70,0.10,0.20,16,80,Normal
535,2026-01-23T07:00:00.000Z,jharia-open-pit,zone-d,PZ-401,1.91,0.46,0.00,0.12,0.48,0.07,0.37,29,86,Normal
536,2026-01-23T08:00:00.000Z,raniganj-south-slope,zone-b,SN-101,3.42,0.78,0.55,0.12,0.11,0.03,0.06,36,84,Normal
537,2026-01-23T09:00:00.000Z,raniganj-south-slope,zone-c,TL-301,13.55,5.69,3.95,0.93,11.31,1.38,3.97,92,70,Critical
538,2026-01-23T10:00:00.000Z,korba-west-bench,zone-b,EX-201,2.44,0.58,0.42,0.09,0.75,0.14,1.08,25,94,Normal
539,2026-01-23T11:00:00.000Z,korba-west-bench,zone-b,SN-101,1.76,0.71,0.49,0.13,0.59,0.02,0.49,28,64,Normal
540,2026-01-23T12:00:00.000Z,singareni-s4,zone-b,SN-101,3.19,0.17,0.39,0.04,0.93,0.17,0.88,34,71,Normal
541,2026-01-23T13:00:00.000Z,jharia-open-pit,zone-b,SN-102,10.96,1.68,2.48,0.42,1.96,0.27,1.88,47,80,Warning
542,2026-01-23T14:00:00.000Z,korba-west-bench,zone-c,SN-101,8.31,0.90,2.34,0.58,1.71,0.50,2.84,54,79,Warning
543,2026-01-23T15:00:00.000Z,raniganj-south-slope,zone-b,SN-101,3.91,0.70,0.03,0.15,0.59,0.13,1.06,22,69,Normal
544,2026-01-23T16:00:00.000Z,jharia-open-pit,zone-d,PZ-401,11.06,1.23,1.91,0.39,2.28,0.22,2.91,64,86,Warning
545,2026-01-23T17:00:00.000Z,singareni-s4,zone-c,SN-101,0.32,0.79,0.72,0.01,0.49,0.02,0.18,39,82,Normal
546,2026-01-23T18:00:00.000Z,raniganj-south-slope,zone-a,TL-301,2.67,0.09,0.36,0.15,1.06,0.19,0.16,30,77,Normal
547,2026-01-23T19:00:00.000Z,raniganj-south-slope,zone-a,PZ-401,8.89,1.56,2.28,0.27,2.86,0.32,1.23,39,79,Warning
548,2026-01-23T20:00:00.000Z,singareni-s4,zone-c,PZ-401,1.09,0.18,0.07,0.12,0.21,0.00,0.00,30,75,Normal
549,2026-01-23T21:00:00.000Z,jharia-open-pit,zone-b,TL-301,8.63,0.85,1.77,0.50,1.57,0.57,1.86,41,99,Warning
550,2026-01-23T22:00:00.000Z,raniganj-south-slope,zone-d,PZ-401,14.21,6.89,3.23,1.22,6.81,1.09,5.84,62,81,Critical
551,2026-01-23T23:00:00.000Z,singareni-s4,zone-b,EX-201,11.38,1.19,2.44,0.59,2.20,0.52,2.69,58,89,Warning
552,2026-01-24T00:00:00.000Z,korba-west-bench,zone-a,SN-101,3.28,0.05,0.69,0.01,1.37,0.14,0.37,17,82,Normal
553,2026-01-24T01:00:00.000Z,korba-west-bench,zone-c,SN-101,0.05,0.06,0.50,0.02,0.73,0.03,0.72,,84,Normal
554,2026-01-24T02:00:00.000Z,jharia-open-pit,zone-d,SN-101,2.53,0.62,0.46,0.10,1.01,0.02,0.04,22,90,Normal
555,2026-01-24T03:00:00.000Z,singareni-s4,zone-a,TL-301,2.20,0.69,0.80,0.14,1.03,0.07,0.17,32,99,Normal
556,2026-01-24T04:00:00.000Z,korba-west-bench,zone-b,EX-201,10.62,1.64,2.28,0.56,4.52,0.48,2.76,37,75,Warning
557,2026-01-24T05:00:00.000Z,korba-west-bench,zone-c,PZ-401,1.79,0.74,0.31,0.04,0.60,0.13,0.73,24,67,Normal
558,2026-01-24T06:00:00.000Z,korba-west-bench,zone-c,EX-201,9.92,2.22,2.13,0.31,2.43,0.57,1.23,42,76,Warning
559,2026-01-24T07:00:00.000Z,korba-west-bench,zone-b,SN-102,7.42,1.53,1.65,0.24,4.36,0.39,2.80,41,81,Warning
560,2026-01-24T08:00:00.000Z,singareni-s4,zone-a,PZ-401,11.49,1.20,1.34,0.51,3.53,0.30,1.49,52,85,Warning
561,2026-01-24T09:00:00.000Z,singareni-s4,zone-c,PZ-401,3.16,0.31,0.62,0.03,1.02,0.01,0.55,26,83,Normal
562,2026-01-24T10:00:00.000Z,korba-west-bench,zone-c,SN-102,0.19,0.11,0.69,0.10,1.06,0.18,0.13,28,87,Normal
563,2026-01-24T11:00:00.000Z,raniganj-south-slope,zone-a,PZ-401,6.39,2.02,1.37,0.19,1.64,0.74,1.60,62,61,Warning
564,2026-01-24T12:00:00.000Z,raniganj-south-slope,zone-d,PZ-401,4.16,0.78,0.10,0.01,1.03,0.17,0.42,21,75,Normal
565,2026-01-24T13:00:00.000Z,korba-west-bench,zone-d,SN-101,10.97,2.23,2.30,0.57,1.95,0.32,1.86,52,71,Warning
566,2026-01-24T14:00:00.000Z,korba-west-bench,zone-a,SN-102,2.77,0.77,0.03,0.04,1.22,0.16,0.38,28,65,Normal
567,2026-01-24T15:00:00.000Z,jharia-open-pit,zone-a,SN-101,0.18,0.03,0.73,0.14,0.60,0.12,0.30,38,70,Normal
568,2026-01-24T16:00:00.000Z,korba-west-bench,zone-a,SN-102,6.58,1.28,0.84,0.46,3.54,0.36,1.48,52,85,Warning
569,2026-01-24T17:00:00.000Z,raniganj-south-slope,zone-b,SN-102,9.90,1.68,2.28,0.44,2.25,0.56,1.37,53,86,Warning
570,2026-01-24T18:00:00.000Z,singareni-s4,zone-c,TL-301,4.31,0.05,0.55,0.01,0.32,0.05,0.07,37,72,Normal
571,2026-01-24T19:00:00.000Z,singareni-s4,zone-d,TL-301,12.70,6.79,4.52,0.97,7.40,2.08,3.10,72,85,Critical
572,2026-01-24T20:00:00.000Z,raniganj-south-slope,zone-a,SN-102,9.43,2.09,1.66,0.37,4.37,0.51,1.89,42,88,Warning
573,2026-01-24T21:00:00.000Z,singareni-s4,zone-a,PZ-401,21.78,6.57,5.65,0.80,7.64,2.28,3.81,70,83,Critical
574,2026-01-24T22:00:00.000Z,raniganj-south-slope,zone-d,TL-301,3.59,0.69,0.43,0.07,0.44,0.15,1.17,24,67,Normal
575,2026-01-24T23:00:00.000Z,singareni-s4,zone-a,PZ-401,1.07,0.22,0.42,0.15,1.44,0.19,0.24,39,71,Normal
576,2026-01-25T00:00:00.000Z,korba-west-bench,zone-d,PZ-401,2.63,0.64,0.58,0.09,0.54,0.11,0.87,30,90,Normal
577,2026-01-25T01:00:00.000Z,raniganj-south-slope,zone-c,SN-101,2.61,0.11,0.58,0.12,0.42,0.09,0.58,35,89,Normal
578,2026-01-25T02:00:00.000Z,jharia-open-pit,zone-b,SN-101,0.12,0.21,0.73,0.04,0.64,0.20,1.00,18,70,Normal
579,2026-01-25T03:00:00.000Z,raniganj-south-slope,zone-d,SN-102,10.04,1.88,0.80,0.42,3.27,0.38,2.03,49,68,Warning
580,2026-01-25T04:00:00.000Z,raniganj-south-slope,zone-b,SN-101,6.43,0.99,1.07,0.48,4.33,0.41,1.45,45,89,Warning
581,2026-01-25T05:00:00.000Z,raniganj-south-slope,zone-b,EX-201,9.29,1.75,1.78,0.51,3.61,0.66,2.38,54,98,Warning
582,2026-01-25T06:00:00.000Z,singareni-s4,zone-b,PZ-401,5.86,1.89,1.90,0.27,1.83,0.62,1.83,47,96,Warning
583,2026-01-25T07:00:00.000Z,raniganj-south-slope,zone-b,EX-201,9.12,1.37,0.89,0.26,1.86,0.30,2.62,36,93,Warning
584,2026-01-25T08:00:00.000Z,jharia-open-pit,zone-c,SN-102,5.17,2.02,1.03,0.27,4.53,0.54,1.65,47,69,Warning
585,2026-01-25T09:00:00.000Z,raniganj-south-slope,zone-c,PZ-401,3.00,0.33,0.56,0.00,0.78,0.06,0.15,17,67,Normal
586,2026-01-25T10:00:00.000Z,raniganj-south-slope,zone-d,SN-101,1.62,0.14,0.40,0.10,1.47,0.04,0.34,20,79,Normal
587,2026-01-25T11:00:00.000Z,singareni-s4,zone-d,SN-102,4.24,0.39,0.68,0.03,1.48,0.04,0.26,39,72,Normal
588,2026-01-25T12:00:00.000Z,jharia-open-pit,zone-d,TL-301,0.10,0.65,0.02,0.10,0.56,0.06,0.18,17,61,Normal
589,2026-01-25T13:00:00.000Z,raniganj-south-slope,zone-d,SN-101,0.23,0.54,0.15,0.09,0.93,0.18,0.79,17,68,Normal
590,2026-01-25T14:00:00.000Z,singareni-s4,zone-b,PZ-401,4.13,0.36,0.41,0.10,0.80,0.17,0.44,27,69,Normal
591,2026-01-25T15:00:00.000Z,singareni-s4,zone-d,TL-301,2.58,0.04,0.17,0.09,0.07,0.11,0.53,19,79,Normal
592,2026-01-25T16:00:00.000Z,jharia-open-pit,zone-d,EX-201,9.88,1.78,1.01,0.17,4.37,0.57,1.61,51,75,Warning
593,2026-01-25T17:00:00.000Z,korba-west-bench,zone-b,SN-102,0.53,0.76,0.54,0.02,0.57,0.02,0.69,24,64,Normal
594,2026-01-25T18:00:00.000Z,korba-west-bench,zone-a,TL-301,12.81,2.85,5.85,0.93,7.45,2.16,2.71,65,88,Critical
595,2026-01-25T19:00:00.000Z,singareni-s4,zone-c,PZ-401,5.16,1.69,1.66,0.25,2.06,0.46,2.79,49,84,Warning
596,2026-01-25T20:00:00.000Z,jharia-open-pit,zone-b,SN-102,20.73,6.43,5.97,1.42,6.08,0.79,6.18,55,69,Critical
597,2026-01-25T21:00:00.000Z,raniganj-south-slope,zone-d,PZ-401,17.39,4.73,3.61,1.14,5.66,2.03,4.15,58,68,Critical
598,2026-01-25T22:00:00.000Z,jharia-open-pit,zone-c,EX-201,4.40,0.76,0.68,0.02,1.24,0.13,0.77,30,97,Normal
599,2026-01-25T23:00:00.000Z,korba-west-bench,zone-a,TL-301,1.39,0.04,0.01,0.10,1.33,0.14,0.65,25,64,Normal
600,2026-01-26T00:00:00.000Z,singareni-s4,zone-b,TL-301,6.88,2.36,1.16,0.32,1.82,0.44,2.90,36,87,Warning
601,2026-01-26T01:00:00.000Z,singareni-s4,zone-b,PZ-401,2.13,0.58,0.38,0.04,1.25,0.19,0.59,36,94,Normal
602,2026-01-26T02:00:00.000Z,jharia-open-pit,zone-d,TL-301,16.59,3.03,4.62,0.77,8.98,2.50,4.13,59,64,Critical
603,2026-01-26T03:00:00.000Z,korba-west-bench,zone-b,EX-201,1.71,0.29,0.49,0.03,0.36,0.15,1.15,23,61,Normal
604,2026-01-26T04:00:00.000Z,raniganj-south-slope,zone-c,PZ-401,3.73,0.12,0.61,0.08,0.76,0.02,0.27,39,61,Normal
605,2026-01-26T05:00:00.000Z,singareni-s4,zone-c,EX-201,0.63,0.06,0.06,0.07,0.41,0.06,0.00,22,62,Normal
606,2026-01-26T06:00:00.000Z,korba-west-bench,zone-c,EX-201,0.24,0.61,0.71,0.12,0.69,0.16,1.18,28,75,Normal
607,2026-01-26T07:00:00.000Z,jharia-open-pit,zone-c,TL-301,0.53,0.25,0.60,0.05,0.79,0.06,1.02,31,90,Normal
608,2026-01-26T08:00:00.000Z,jharia-open-pit,zone-a,PZ-401,0.46,0.40,0.45,0.06,0.06,0.16,1.14,19,85,Normal
609,2026-01-26T09:00:00.000Z,korba-west-bench,zone-a,TL-301,3.66,0.14,0.07,0.02,0.96,0.12,0.25,25,75,Normal
610,2026-01-26T10:00:00.000Z,korba-west-bench,zone-b,EX-201,3.96,0.42,0.39,0.11,0.13,0.16,0.11,16,65,Normal
611,2026-01-26T11:00:00.000Z,raniganj-south-slope,zone-b,TL-301,8.41,2.05,1.29,0.40,3.17,0.46,1.92,63,64,Warning
612,2026-01-26T12:00:00.000Z,singareni-s4,zone-c,SN-101,11.35,0.87,2.27,0.39,2.04,0.20,2.00,45,87,Warning
613,2026-01-26T13:00:00.000Z,jharia-open-pit,zone-a,TL-301,4.05,0.03,0.61,0.08,1.26,0.19,0.85,26,74,Normal
614,2026-01-26T14:00:00.000Z,raniganj-south-slope,zone-b,SN-101,0.61,0.71,0.62,0.02,1.38,0.09,1.05,22,70,Normal
615,2026-01-26T15:00:00.000Z,korba-west-bench,zone-c,EX-201,2.94,0.37,0.41,0.12,1.34,0.16,0.96,15,68,Normal
616,2026-01-26T16:00:00.000Z,korba-west-bench,zone-a,SN-101,12.64,5.34,4.62,1.53,6.03,1.64,6.12,72,64,Critical
617,2026-01-26T17:00:00.000Z,raniganj-south-slope,zone-a,TL-301,6.16,1.92,1.98,0.30,2.88,0.64,2.05,43,86,Warning
618,2026-01-26T18:00:00.000Z,korba-west-bench,zone-a,PZ-401,14.19,5.33,4.29,1.56,8.15,1.71,6.13,57,68,Critical
619,2026-01-26T19:00:00.000Z,korba-west-bench,zone-c,EX-201,1.85,0.23,0.65,0.10,0.68,0.02,0.52,31,78,Normal
620,2026-01-26T20:00:00.000Z,raniganj-south-slope,zone-d,SN-102,1.11,0.05,0.60,0.05,1.14,0.19,0.62,18,81,Normal
621,2026-01-26T21:00:00.000Z,korba-west-bench,zone-d,TL-301,11.49,1.36,2.53,0.26,3.07,0.62,1.81,35,72,Warning
622,2026-01-26T22:00:00.000Z,singareni-s4,zone-d,EX-201,2.46,0.53,0.43,0.09,1.32,0.17,0.57,17,76,Normal
623,2026-01-26T23:00:00.000Z,korba-west-bench,zone-a,TL-301,1.56,0.18,0.23,0.11,1.08,0.03,0.02,24,94,Normal
624,2026-01-27T00:00:00.000Z,jharia-open-pit,zone-d,EX-201,7.25,0.99,1.21,0.43,2.94,0.23,2.29,55,83,Warning
625,2026-01-27T01:00:00.000Z,singareni-s4,zone-a,TL-301,1.53,0.52,0.79,0.06,1.18,0.05,1.02,23,80,Normal
626,2026-01-27T02:00:00.000Z,raniganj-south-slope,zone-c,SN-101,3.53,0.23,0.66,0.11,0.29,0.20,0.37,25,96,Normal
627,2026-01-27T03:00:00.000Z,raniganj-south-slope,zone-b,EX-201,1.52,0.26,0.71,0.00,0.38,0.14,0.10,,98,Normal
628,2026-01-27T04:00:00.000Z,korba-west-bench,zone-a,TL-301,5.13,1.80,2.07,0.25,4.49,0.34,1.23,47,95,Warning
629,2026-01-27T05:00:00.000Z,singareni-s4,zone-a,EX-201,1.82,0.75,0.73,0.08,0.00,0.15,0.10,23,64,Normal
630,2026-01-27T06:00:00.000Z,singareni-s4,zone-d,PZ-401,8.14,1.20,1.59,0.60,2.55,0.54,2.73,53,83,Warning
631,2026-01-27T07:00:00.000Z,korba-west-bench,zone-b,PZ-401,8.50,2.16,1.14,0.39,2.32,0.44,2.30,51,66,Warning
632,2026-01-27T08:00:00.000Z,raniganj-south-slope,zone-b,SN-102,5.93,1.24,0.99,0.18,3.90,0.24,1.46,35,62,Warning
633,2026-01-27T09:00:00.000Z,korba-west-bench,zone-c,PZ-401,9.25,2.01,1.38,0.40,2.37,0.67,2.50,52,61,Warning
634,2026-01-27T10:00:00.000Z,korba-west-bench,zone-d,SN-102,10.73,1.98,0.88,0.51,3.28,0.63,2.84,46,89,Warning
635,2026-01-27T11:00:00.000Z,singareni-s4,zone-b,SN-101,3.38,0.71,0.11,0.05,0.62,0.15,0.16,30,88,Normal
636,2026-01-27T12:00:00.000Z,raniganj-south-slope,zone-b,TL-301,4.31,0.23,0.32,0.01,0.93,0.12,0.92,33,71,Normal
637,2026-01-27T13:00:00.000Z,jharia-open-pit,zone-b,SN-102,28.12,4.27,5.50,0.91,12.43,1.36,2.50,79,94,Critical
638,2026-01-27T14:00:00.000Z,raniganj-south-slope,zone-d,PZ-401,3.72,0.17,0.40,0.03,0.34,0.18,0.78,28,66,Normal
639,2026-01-27T15:00:00.000Z,korba-west-bench,zone-d,EX-201,4.19,0.76,0.79,0.01,0.27,0.17,0.18,28,70,Normal
640,2026-01-27T16:00:00.000Z,jharia-open-pit,zone-a,PZ-401,9.14,1.35,2.16,0.18,4.36,0.57,1.30,41,82,Warning
641,2026-01-27T17:00:00.000Z,singareni-s4,zone-b,PZ-401,16.95,3.85,3.97,1.16,7.21,1.92,4.06,82,98,Critical
642,2026-01-27T18:00:00.000Z,korba-west-bench,zone-c,SN-101,0.97,0.04,0.16,0.06,1.17,0.11,1.18,23,88,Normal
643,2026-01-27T19:00:00.000Z,korba-west-bench,zone-d,SN-101,6.42,2.01,1.22,0.43,2.92,0.53,2.02,49,79,Warning
644,2026-01-27T20:00:00.000Z,raniganj-south-slope,zone-b,PZ-401,3.76,0.15,0.61,0.04,0.84,0.12,0.29,32,71,Normal
645,2026-01-27T21:00:00.000Z,raniganj-south-slope,zone-d,EX-201,1.11,0.74,0.21,0.09,1.49,0.08,0.97,21,71,Normal
646,2026-01-27T22:00:00.000Z,singareni-s4,zone-b,EX-201,1.42,0.34,0.48,0.05,0.32,0.17,0.64,39,85,Normal
647,2026-01-27T23:00:00.000Z,singareni-s4,zone-d,SN-102,2.39,0.70,0.65,0.05,0.12,0.00,0.45,35,94,Normal
648,2026-01-28T00:00:00.000Z,raniganj-south-slope,zone-b,SN-101,0.95,0.53,0.27,0.07,1.31,0.07,0.18,16,74,Normal
649,2026-01-28T01:00:00.000Z,singareni-s4,zone-a,PZ-401,2.95,0.68,0.36,0.14,0.64,0.15,0.11,16,78,Normal
650,2026-01-28T02:00:00.000Z,raniganj-south-slope,zone-a,SN-101,4.12,0.70,0.72,0.12,0.01,0.16,0.01,35,83,Normal
651,2026-01-28T03:00:00.000Z,jharia-open-pit,zone-d,SN-101,2.55,0.75,0.10,0.06,1.41,0.05,0.89,39,93,Normal
652,2026-01-28T04:00:00.000Z,korba-west-bench,zone-c,PZ-401,20.14,5.90,4.82,0.57,5.22,0.90,4.55,77,95,Critical
653,2026-01-28T05:00:00.000Z,singareni-s4,zone-d,SN-101,19.70,3.39,5.31,0.82,12.95,2.02,6.25,74,69,Critical
654,2026-01-28T06:00:00.000Z,korba-west-bench,zone-c,SN-102,19.22,6.46,2.90,1.22,9.30,2.01,4.39,69,84,Critical
655,2026-01-28T07:00:00.000Z,jharia-open-pit,zone-d,SN-102,1.62,0.37,0.58,0.06,1.43,0.11,1.17,28,96,Normal
656,2026-01-28T08:00:00.000Z,korba-west-bench,zone-c,PZ-401,1.05,0.79,0.66,0.01,1.45,0.01,0.92,27,64,Normal
657,2026-01-28T09:00:00.000Z,jharia-open-pit,zone-d,TL-301,10.78,2.40,1.43,0.59,4.36,0.23,1.45,61,76,Warning
658,2026-01-28T10:00:00.000Z,jharia-open-pit,zone-d,PZ-401,1.35,0.30,0.67,0.11,0.30,0.00,0.93,34,60,Normal
659,2026-01-28T11:00:00.000Z,raniganj-south-slope,zone-d,PZ-401,18.49,5.57,2.76,1.49,12.96,1.78,4.18,80,63,Critical
660,2026-01-28T12:00:00.000Z,raniganj-south-slope,zone-d,PZ-401,0.57,0.15,0.40,0.04,0.95,0.10,0.53,27,70,Normal
661,2026-01-28T13:00:00.000Z,jharia-open-pit,zone-d,EX-201,4.28,0.18,0.28,0.07,1.06,0.03,0.47,23,95,Normal
662,2026-01-28T14:00:00.000Z,korba-west-bench,zone-c,SN-101,28.75,2.61,3.56,1.46,11.76,0.83,3.60,92,73,Critical
663,2026-01-28T15:00:00.000Z,jharia-open-pit,zone-a,TL-301,0.61,0.07,0.60,0.03,0.75,0.09,0.49,38,69,Normal
664,2026-01-28T16:00:00.000Z,jharia-open-pit,zone-a,SN-101,2.49,0.72,0.40,0.02,0.96,0.14,0.29,33,85,Normal
665,2026-01-28T17:00:00.000Z,raniganj-south-slope,zone-d,EX-201,0.23,0.35,0.35,0.08,0.37,0.19,0.08,16,61,Normal
666,2026-01-28T18:00:00.000Z,raniganj-south-slope,zone-c,SN-102,3.05,0.24,0.60,0.02,1.40,0.04,0.76,25,79,Normal
667,2026-01-28T19:00:00.000Z,singareni-s4,zone-d,TL-301,7.28,1.23,1.28,0.27,3.50,0.63,1.42,43,74,Warning
668,2026-01-28T20:00:00.000Z,singareni-s4,zone-b,EX-201,1.11,0.72,0.47,0.00,0.90,0.08,1.09,16,89,Normal
669,2026-01-28T21:00:00.000Z,raniganj-south-slope,zone-b,SN-102,3.94,0.21,0.42,0.15,1.27,0.18,0.32,35,80,Normal
670,2026-01-28T22:00:00.000Z,korba-west-bench,zone-c,PZ-401,10.51,1.16,0.86,0.21,4.41,0.42,2.54,56,90,Warning
671,2026-01-28T23:00:00.000Z,singareni-s4,zone-a,SN-102,5.90,2.29,1.43,0.29,1.55,0.70,1.64,58,80,Warning
672,2026-01-29T00:00:00.000Z,singareni-s4,zone-c,TL-301,3.24,0.51,0.52,0.06,1.06,0.19,1.13,32,78,Normal
673,2026-01-29T01:00:00.000Z,jharia-open-pit,zone-d,SN-101,0.10,0.74,0.15,0.09,0.82,0.06,0.87,32,67,Normal
674,2026-01-29T02:00:00.000Z,raniganj-south-slope,zone-d,SN-101,2.35,0.14,0.05,0.14,0.19,0.09,1.07,24,66,Normal
675,2026-01-29T03:00:00.000Z,singareni-s4,zone-a,PZ-401,2.35,0.77,0.75,0.00,0.59,0.06,0.39,17,93,Normal
676,2026-01-29T04:00:00.000Z,jharia-open-pit,zone-b,TL-301,11.14,1.97,2.07,0.41,4.67,0.66,2.69,45,75,Warning
677,2026-01-29T05:00:00.000Z,jharia-open-pit,zone-a,PZ-401,2.10,0.72,0.18,0.09,1.14,0.01,0.87,24,83,Normal
678,2026-01-29T06:00:00.000Z,jharia-open-pit,zone-a,EX-201,0.03,0.33,0.65,0.09,1.32,0.05,0.30,36,93,Normal
679,2026-01-29T07:00:00.000Z,jharia-open-pit,zone-d,SN-102,3.18,0.23,0.37,0.13,0.19,0.01,0.86,32,78,Normal
680,2026-01-29T08:00:00.000Z,raniganj-south-slope,zone-b,SN-102,3.74,0.75,0.25,0.01,0.33,0.02,0.82,34,74,Normal
681,2026-01-29T09:00:00.000Z,jharia-open-pit,zone-c,PZ-401,10.52,0.88,1.53,0.45,2.91,0.35,1.93,43,84,Warning
682,2026-01-29T10:00:00.000Z,jharia-open-pit,zone-d,SN-102,1.09,0.18,0.78,0.09,0.51,0.04,0.57,22,80,Normal
683,2026-01-29T11:00:00.000Z,jharia-open-pit,zone-a,SN-102,14.31,4.01,4.02,0.91,9.04,2.32,5.30,90,65,Critical
684,2026-01-29T12:00:00.000Z,raniganj-south-slope,zone-b,EX-201,3.11,0.68,0.49,0.15,0.39,0.11,0.80,26,90,Normal
685,2026-01-29T13:00:00.000Z,korba-west-bench,zone-c,TL-301,3.87,0.28,0.32,0.11,1.15,0.08,0.45,17,69,Normal
686,2026-01-29T14:00:00.000Z,jharia-open-pit,zone-d,SN-101,25.74,5.99,3.75,1.55,12.70,1.43,4.18,55,96,Critical
687,2026-01-29T15:00:00.000Z,korba-west-bench,zone-d,TL-301,10.57,1.93,2.40,0.26,2.70,0.69,2.90,39,68,Warning
688,2026-01-29T16:00:00.000Z,singareni-s4,zone-d,SN-101,0.22,0.39,0.19,0.05,0.65,0.09,1.10,35,70,Normal
689,2026-01-29T17:00:00.000Z,korba-west-bench,zone-b,SN-101,0.71,0.18,0.12,0.14,1.14,0.14,0.09,32,63,Normal
690,2026-01-29T18:00:00.000Z,jharia-open-pit,zone-a,SN-101,4.21,0.16,0.22,0.13,1.43,0.16,0.16,,88,Normal
691,2026-01-29T19:00:00.000Z,singareni-s4,zone-d,TL-301,4.26,0.68,0.76,0.08,0.68,0.08,0.71,28,96,Normal
692,2026-01-29T20:00:00.000Z,raniganj-south-slope,zone-a,TL-301,3.96,0.25,0.69,0.14,1.16,0.06,0.54,34,93,Normal
693,2026-01-29T21:00:00.000Z,korba-west-bench,zone-c,SN-102,4.16,0.35,0.02,0.12,0.03,0.14,0.26,15,77,Normal
694,2026-01-29T22:00:00.000Z,singareni-s4,zone-d,EX-201,8.76,1.59,1.81,0.35,3.58,0.72,2.39,40,88,Warning
695,2026-01-29T23:00:00.000Z,raniganj-south-slope,zone-b,PZ-401,1.34,0.56,0.74,0.10,0.92,0.15,0.23,24,68,Normal
696,2026-01-30T00:00:00.000Z,korba-west-bench,zone-c,TL-301,3.41,0.73,0.35,0.07,1.13,0.09,0.32,15,68,Normal
697,2026-01-30T01:00:00.000Z,singareni-s4,zone-c,SN-101,4.25,0.44,0.29,0.10,1.39,0.14,0.29,27,67,Normal
698,2026-01-30T02:00:00.000Z,korba-west-bench,zone-a,SN-102,2.07,0.66,0.31,0.01,0.82,0.02,1.16,30,87,Normal
699,2026-01-30T03:00:00.000Z,jharia-open-pit,zone-a,TL-301,2.52,0.66,0.16,0.05,1.10,0.17,0.43,35,61,Normal
700,2026-01-30T04:00:00.000Z,singareni-s4,zone-a,EX-201,1.96,0.18,0.34,0.09,1.06,0.16,0.98,16,74,Normal
701,2026-01-30T05:00:00.000Z,singareni-s4,zone-a,TL-301,2.97,0.03,0.52,0.12,0.68,0.08,0.49,28,71,Normal
702,2026-01-30T06:00:00.000Z,korba-west-bench,zone-d,SN-101,28.62,2.65,3.65,0.63,11.80,2.46,4.84,67,60,Critical
703,2026-01-30T07:00:00.000Z,jharia-open-pit,zone-c,SN-102,0.05,0.05,0.02,0.10,1.24,0.17,0.30,27,71,Normal
704,2026-01-30T08:00:00.000Z,jharia-open-pit,zone-d,PZ-401,2.92,0.28,0.39,0.03,1.12,0.08,0.53,21,69,Normal
705,2026-01-30T09:00:00.000Z,raniganj-south-slope,zone-b,SN-102,5.15,2.02,1.87,0.28,4.19,0.45,2.91,44,80,Warning
706,2026-01-30T10:00:00.000Z,raniganj-south-slope,zone-b,TL-301,8.71,1.18,1.88,0.27,3.04,0.54,1.89,49,66,Warning
707,2026-01-30T11:00:00.000Z,raniganj-south-slope,zone-b,SN-102,0.75,0.43,0.29,0.14,0.93,0.12,0.13,38,64,Normal
708,2026-01-30T12:00:00.000Z,raniganj-south-slope,zone-b,SN-101,2.67,0.17,0.20,0.01,0.49,0.11,0.82,21,65,Normal
709,2026-01-30T13:00:00.000Z,raniganj-south-slope,zone-d,SN-102,1.38,0.43,0.08,0.11,0.21,0.12,0.53,39,77,Normal
710,2026-01-30T14:00:00.000Z,singareni-s4,zone-b,PZ-401,4.04,0.65,0.80,0.02,0.00,0.01,0.65,23,93,Normal
711,2026-01-30T15:00:00.000Z,singareni-s4,zone-b,SN-101,11.31,2.01,2.00,0.24,4.63,0.20,2.64,63,68,Warning
712,2026-01-30T16:00:00.000Z,raniganj-south-slope,zone-d,EX-201,2.21,0.23,0.38,0.12,0.30,0.09,0.15,32,89,Normal
713,2026-01-30T17:00:00.000Z,jharia-open-pit,zone-c,SN-101,2.38,0.73,0.02,0.12,0.18,0.03,1.05,37,97,Normal
714,2026-01-30T18:00:00.000Z,raniganj-south-slope,zone-a,SN-102,27.88,5.45,2.69,0.80,6.58,1.19,5.20,85,72,Critical
715,2026-01-30T19:00:00.000Z,singareni-s4,zone-d,SN-102,3.54,0.56,0.46,0.03,0.81,0.19,0.21,19,93,Normal
716,2026-01-30T20:00:00.000Z,jharia-open-pit,zone-a,SN-102,3.19,0.23,0.75,0.04,1.08,0.09,0.48,17,70,Normal
717,2026-01-30T21:00:00.000Z,raniganj-south-slope,zone-a,SN-101,5.86,2.21,1.31,0.28,3.43,0.36,2.53,37,77,Warning
718,2026-01-30T22:00:00.000Z,jharia-open-pit,zone-a,EX-201,1.60,0.36,0.52,0.12,0.72,0.08,0.64,32,79,Normal
719,2026-01-30T23:00:00.000Z,jharia-open-pit,zone-b,EX-201,4.48,0.44,0.47,0.03,1.46,0.17,0.25,16,81,Normal
720,2026-01-31T00:00:00.000Z,singareni-s4,zone-b,SN-102,2.98,0.02,0.15,0.13,1.09,0.11,1.17,33,92,Normal
721,2026-01-31T01:00:00.000Z,singareni-s4,zone-c,EX-201,1.77,0.46,0.16,0.11,0.65,0.02,0.63,36,84,Normal
722,2026-01-31T02:00:00.000Z,jharia-open-pit,zone-d,PZ-401,2.90,0.01,0.49,0.06,0.36,0.02,0.46,33,83,Normal
723,2026-01-31T03:00:00.000Z,singareni-s4,zone-c,EX-201,1.96,0.68,0.10,0.01,0.36,0.00,0.32,20,71,Normal
724,2026-01-31T04:00:00.000Z,korba-west-bench,zone-d,TL-301,0.05,0.70,0.63,0.03,1.36,0.16,0.81,30,85,Normal
725,2026-01-31T05:00:00.000Z,singareni-s4,zone-b,PZ-401,2.54,0.67,0.58,0.08,1.19,0.08,0.26,19,96,Normal
726,2026-01-31T06:00:00.000Z,korba-west-bench,zone-c,SN-101,1.15,0.25,0.33,0.13,0.22,0.05,0.96,27,97,Normal
727,2026-01-31T07:00:00.000Z,singareni-s4,zone-b,EX-201,27.65,5.16,4.75,1.50,9.22,1.82,3.80,91,83,Critical
728,2026-01-31T08:00:00.000Z,korba-west-bench,zone-a,EX-201,3.88,0.66,0.64,0.05,0.35,0.13,0.53,15,87,Normal
729,2026-01-31T09:00:00.000Z,singareni-s4,zone-c,SN-101,2.06,0.61,0.38,0.06,0.93,0.15,0.29,26,86,Normal
730,2026-01-31T10:00:00.000Z,singareni-s4,zone-b,EX-201,1.15,0.62,0.67,0.10,0.95,0.11,1.15,30,91,Normal
731,2026-01-31T11:00:00.000Z,singareni-s4,zone-b,SN-101,9.53,2.30,2.27,0.54,1.85,0.25,2.01,60,69,Warning
732,2026-01-31T12:00:00.000Z,raniganj-south-slope,zone-a,SN-101,0.82,0.07,0.63,0.05,0.07,0.17,1.01,36,99,Normal
733,2026-01-31T13:00:00.000Z,korba-west-bench,zone-c,PZ-401,8.68,2.17,1.12,0.52,2.31,0.41,2.95,63,93,Warning
734,2026-01-31T14:00:00.000Z,raniganj-south-slope,zone-a,SN-101,4.41,0.18,0.31,0.08,0.16,0.09,1.14,28,66,Normal
735,2026-01-31T15:00:00.000Z,korba-west-bench,zone-c,TL-301,10.04,1.20,1.40,0.44,2.59,0.49,2.90,,83,Warning
736,2026-01-31T16:00:00.000Z,korba-west-bench,zone-a,SN-101,27.35,2.56,3.06,1.18,6.26,1.37,5.56,78,68,Critical
737,2026-01-31T17:00:00.000Z,singareni-s4,zone-a,EX-201,23.15,6.18,2.60,1.05,12.62,1.05,5.73,82,76,Critical
738,2026-01-31T18:00:00.000Z,korba-west-bench,zone-d,EX-201,3.66,0.46,0.38,0.10,0.89,0.08,0.94,25,60,Normal
739,2026-01-31T19:00:00.000Z,raniganj-south-slope,zone-b,PZ-401,6.34,1.91,1.73,0.33,3.73,0.46,2.54,57,72,Warning
740,2026-01-31T20:00:00.000Z,raniganj-south-slope,zone-b,TL-301,1.22,0.43,0.08,0.14,0.73,0.11,1.00,33,62,Normal
741,2026-01-31T21:00:00.000Z,singareni-s4,zone-b,EX-201,4.48,0.41,0.73,0.01,0.44,0.11,1.17,18,74,Normal
742,2026-01-31T22:00:00.000Z,jharia-open-pit,zone-c,EX-201,7.83,1.07,0.99,0.15,4.27,0.60,2.23,45,70,Warning
743,2026-01-31T23:00:00.000Z,korba-west-bench,zone-b,EX-201,5.56,0.81,1.23,0.55,3.90,0.29,2.33,56,69,Warning
744,2026-02-01T00:00:00.000Z,korba-west-bench,zone-c,SN-101,3.14,0.00,0.01,0.10,0.59,0.09,0.14,27,80,Normal
745,2026-02-01T01:00:00.000Z,korba-west-bench,zone-a,SN-102,2.59,0.23,0.21,0.14,0.76,0.06,0.31,37,84,Normal
746,2026-02-01T02:00:00.000Z,singareni-s4,zone-a,SN-102,5.83,2.26,1.45,0.34,3.76,0.35,1.42,58,70,Warning
747,2026-02-01T03:00:00.000Z,raniganj-south-slope,zone-d,SN-101,4.37,0.37,0.41,0.06,1.12,0.20,0.41,39,67,Normal
748,2026-02-01T04:00:00.000Z,jharia-open-pit,zone-b,TL-301,5.08,1.51,1.99,0.17,1.58,0.25,2.23,56,77,Warning
749,2026-02-01T05:00:00.000Z,raniganj-south-slope,zone-a,SN-102,3.92,0.70,0.49,0.08,1.07,0.05,0.79,31,81,Normal
750,2026-02-01T06:00:00.000Z,raniganj-south-slope,zone-d,SN-102,8.13,2.31,1.71,0.55,3.76,0.26,2.31,48,77,Warning
751,2026-02-01T07:00:00.000Z,korba-west-bench,zone-a,PZ-401,2.36,0.76,0.24,0.10,1.38,0.04,0.51,15,95,Normal
752,2026-02-01T08:00:00.000Z,raniganj-south-slope,zone-a,PZ-401,1.90,0.29,0.56,0.14,0.05,0.13,0.12,23,84,Normal
753,2026-02-01T09:00:00.000Z,korba-west-bench,zone-d,EX-201,4.46,0.61,0.63,0.03,1.20,0.02,0.79,25,94,Normal
754,2026-02-01T10:00:00.000Z,singareni-s4,zone-d,SN-101,3.45,0.19,0.25,0.12,1.19,0.05,0.10,36,61,Normal
755,2026-02-01T11:00:00.000Z,singareni-s4,zone-b,EX-201,24.89,3.53,2.56,1.11,10.10,2.40,6.13,80,64,Critical
756,2026-02-01T12:00:00.000Z,singareni-s4,zone-a,SN-102,5.94,1.46,1.56,0.32,3.25,0.60,1.88,50,70,Warning
757,2026-02-01T13:00:00.000Z,raniganj-south-slope,zone-c,SN-102,3.70,0.75,0.62,0.07,0.26,0.09,0.37,39,99,Normal
758,2026-02-01T14:00:00.000Z,singareni-s4,zone-d,EX-201,6.62,2.29,1.90,0.45,1.82,0.59,1.49,43,77,Warning
759,2026-02-01T15:00:00.000Z,korba-west-bench,zone-b,SN-101,9.70,1.32,2.37,0.57,3.77,0.39,2.45,36,93,Warning
760,2026-02-01T16:00:00.000Z,raniganj-south-slope,zone-d,TL-301,2.53,0.72,0.15,0.03,0.12,0.01,1.08,27,84,Normal
761,2026-02-01T17:00:00.000Z,jharia-open-pit,zone-a,SN-102,9.67,1.31,1.92,0.43,3.55,0.36,1.74,42,65,Warning
762,2026-02-01T18:00:00.000Z,singareni-s4,zone-b,SN-102,10.59,1.19,1.41,0.44,2.55,0.31,1.73,59,85,Warning
763,2026-02-01T19:00:00.000Z,jharia-open-pit,zone-d,TL-301,1.08,0.03,0.25,0.14,1.44,0.14,0.92,25,60,Normal
764,2026-02-01T20:00:00.000Z,korba-west-bench,zone-c,PZ-401,2.72,0.37,0.34,0.12,0.12,0.15,0.10,36,88,Normal
765,2026-02-01T21:00:00.000Z,singareni-s4,zone-a,SN-101,20.95,5.94,4.57,0.93,12.87,2.45,5.02,66,88,Critical
766,2026-02-01T22:00:00.000Z,singareni-s4,zone-a,PZ-401,5.39,1.59,2.45,0.19,2.55,0.46,1.23,51,99,Warning
767,2026-02-01T23:00:00.000Z,raniganj-south-slope,zone-b,SN-101,0.65,0.41,0.10,0.09,1.06,0.17,0.74,30,62,Normal
768,2026-02-02T00:00:00.000Z,singareni-s4,zone-b,TL-301,7.14,1.76,1.61,0.15,4.56,0.53,1.58,52,89,Warning
769,2026-02-02T01:00:00.000Z,raniganj-south-slope,zone-c,TL-301,3.35,0.02,0.26,0.13,0.99,0.02,1.18,17,86,Normal
770,2026-02-02T02:00:00.000Z,raniganj-south-slope,zone-c,TL-301,3.86,0.58,0.72,0.02,0.90,0.01,0.32,39,62,Normal
771,2026-02-02T03:00:00.000Z,raniganj-south-slope,zone-d,TL-301,3.26,0.48,0.18,0.04,0.88,0.13,0.34,27,66,Normal
772,2026-02-02T04:00:00.000Z,jharia-open-pit,zone-a,TL-301,0.88,0.53,0.20,0.06,1.15,0.11,0.40,21,93,Normal
773,2026-02-02T05:00:00.000Z,singareni-s4,zone-c,TL-301,2.77,0.03,0.13,0.04,0.06,0.13,0.19,35,91,Normal
774,2026-02-02T06:00:00.000Z,jharia-open-pit,zone-c,PZ-401,3.75,0.49,0.68,0.09,0.90,0.05,0.42,38,74,Normal
775,2026-02-02T07:00:00.000Z,korba-west-bench,zone-b,SN-102,0.21,0.43,0.56,0.00,0.35,0.07,0.46,37,79,Normal
776,2026-02-02T08:00:00.000Z,raniganj-south-slope,zone-c,SN-101,5.48,1.98,2.18,0.42,3.94,0.36,1.53,35,70,Warning
777,2026-02-02T09:00:00.000Z,singareni-s4,zone-d,EX-201,0.48,0.51,0.53,0.02,0.93,0.00,,25,97,Normal
778,2026-02-02T10:00:00.000Z,korba-west-bench,zone-d,EX-201,3.19,0.51,0.70,0.01,0.21,0.05,0.03,24,79,Normal
779,2026-02-02T11:00:00.000Z,singareni-s4,zone-a,SN-102,4.14,0.14,0.52,0.08,0.62,0.12,0.77,36,94,Normal
780,2026-02-02T12:00:00.000Z,jharia-open-pit,zone-b,EX-201,8.63,1.93,1.34,0.33,3.08,0.69,2.03,50,99,Warning
781,2026-02-02T13:00:00.000Z,singareni-s4,zone-c,TL-301,6.79,1.50,0.83,0.43,4.11,0.23,2.58,59,61,Warning
782,2026-02-02T14:00:00.000Z,singareni-s4,zone-a,SN-101,7.73,1.03,2.44,0.39,1.97,0.38,1.83,61,60,Warning
783,2026-02-02T15:00:00.000Z,jharia-open-pit,zone-a,SN-102,3.33,0.08,0.51,0.13,0.47,0.09,0.42,37,81,Normal
784,2026-02-02T16:00:00.000Z,jharia-open-pit,zone-a,TL-301,9.72,0.98,2.15,0.17,4.64,0.28,1.68,61,75,Warning
785,2026-02-02T17:00:00.000Z,korba-west-bench,zone-a,SN-102,0.08,0.71,0.53,0.13,0.18,0.18,0.15,39,94,Normal
786,2026-02-02T18:00:00.000Z,korba-west-bench,zone-d,TL-301,8.85,1.45,0.95,0.29,2.67,0.48,1.95,62,62,Warning
787,2026-02-02T19:00:00.000Z,singareni-s4,zone-c,PZ-401,7.19,1.59,2.36,0.50,3.31,0.59,1.91,50,68,Warning
788,2026-02-02T20:00:00.000Z,singareni-s4,zone-b,SN-102,1.90,0.65,0.67,0.01,0.86,0.11,1.19,36,79,Normal
789,2026-02-02T21:00:00.000Z,jharia-open-pit,zone-c,TL-301,9.94,1.16,2.39,0.21,4.58,0.28,2.22,57,66,Warning
790,2026-02-02T22:00:00.000Z,jharia-open-pit,zone-d,TL-301,10.17,1.20,1.66,0.17,2.06,0.73,1.98,59,82,Warning
791,2026-02-02T23:00:00.000Z,jharia-open-pit,zone-a,TL-301,0.09,0.07,0.14,0.05,0.18,0.04,1.15,27,96,Normal
792,2026-02-03T00:00:00.000Z,korba-west-bench,zone-c,TL-301,6.93,2.35,2.06,0.45,1.89,0.74,2.89,49,67,Warning
793,2026-02-03T01:00:00.000Z,korba-west-bench,zone-b,SN-101,5.92,0.86,1.98,0.48,3.36,0.51,2.10,51,60,Warning
794,2026-02-03T02:00:00.000Z,jharia-open-pit,zone-b,SN-101,3.05,0.42,0.07,0.12,0.71,0.18,1.12,39,82,Normal
795,2026-02-03T03:00:00.000Z,jharia-open-pit,zone-c,EX-201,2.47,0.02,0.50,0.05,0.28,0.13,0.80,21,80,Normal
796,2026-02-03T04:00:00.000Z,singareni-s4,zone-d,PZ-401,2.12,0.34,0.35,0.04,1.31,0.09,0.08,20,81,Normal
797,2026-02-03T05:00:00.000Z,jharia-open-pit,zone-a,TL-301,5.85,2.27,1.60,0.53,3.90,0.72,1.97,49,68,Warning
798,2026-02-03T06:00:00.000Z,singareni-s4,zone-d,SN-102,0.13,0.63,0.71,0.04,1.43,0.15,0.66,32,88,Normal
799,2026-02-03T07:00:00.000Z,korba-west-bench,zone-c,SN-102,7.52,1.34,0.91,0.29,3.54,0.53,2.97,37,69,Warning
800,2026-02-03T08:00:00.000Z,jharia-open-pit,zone-a,SN-101,3.53,0.08,0.18,0.07,0.84,0.10,0.90,22,86,Normal
801,2026-02-03T09:00:00.000Z,singareni-s4,zone-b,SN-101,5.82,1.98,1.28,0.53,3.85,0.40,2.35,39,73,Warning
802,2026-02-03T10:00:00.000Z,korba-west-bench,zone-b,PZ-401,8.11,2.29,2.36,0.60,1.96,0.38,2.38,57,69,Warning
803,2026-02-03T11:00:00.000Z,korba-west-bench,zone-a,SN-102,9.47,1.74,0.95,0.53,2.11,0.28,2.86,64,66,Warning
804,2026-02-03T12:00:00.000Z,singareni-s4,zone-d,PZ-401,11.10,1.18,1.41,0.41,3.55,0.32,2.57,40,60,Warning
805,2026-02-03T13:00:00.000Z,raniganj-south-slope,zone-d,SN-101,28.29,4.50,4.15,1.32,7.20,1.93,5.12,92,77,Critical
806,2026-02-03T14:00:00.000Z,korba-west-bench,zone-d,EX-201,4.03,0.48,0.67,0.09,1.02,0.05,1.04,38,67,Normal
807,2026-02-03T15:00:00.000Z,singareni-s4,zone-c,SN-102,1.09,0.40,0.19,0.05,0.59,0.07,0.38,33,80,Normal
808,2026-02-03T16:00:00.000Z,raniganj-south-slope,zone-d,TL-301,13.51,2.49,3.19,1.62,6.08,1.63,5.03,64,87,Critical
809,2026-02-03T17:00:00.000Z,raniganj-south-slope,zone-b,EX-201,0.10,0.47,0.63,0.05,0.28,0.08,0.36,36,84,Normal
810,2026-02-03T18:00:00.000Z,raniganj-south-slope,zone-a,EX-201,1.53,0.58,0.31,0.02,0.01,0.13,0.72,25,85,Normal
811,2026-02-03T19:00:00.000Z,singareni-s4,zone-d,SN-101,8.78,1.88,1.29,0.25,2.08,0.73,1.33,56,75,Warning
812,2026-02-03T20:00:00.000Z,jharia-open-pit,zone-b,SN-101,0.73,0.61,0.11,0.11,0.76,0.11,0.37,15,81,Normal
813,2026-02-03T21:00:00.000Z,raniganj-south-slope,zone-d,EX-201,29.86,5.69,4.05,1.32,6.87,1.89,4.85,74,97,Critical
814,2026-02-03T22:00:00.000Z,jharia-open-pit,zone-c,SN-101,0.49,0.29,0.70,0.12,1.19,0.15,0.97,35,63,Normal
815,2026-02-03T23:00:00.000Z,singareni-s4,zone-a,TL-301,2.61,0.05,0.63,0.02,1.00,0.17,0.04,23,92,Normal
816,2026-02-04T00:00:00.000Z,raniganj-south-slope,zone-d,SN-101,1.47,0.19,0.33,0.02,1.29,0.18,0.72,35,83,Normal
817,2026-02-04T01:00:00.000Z,raniganj-south-slope,zone-c,EX-201,1.00,0.16,0.27,0.02,0.29,0.03,0.52,22,84,Normal
818,2026-02-04T02:00:00.000Z,korba-west-bench,zone-d,PZ-401,0.52,0.27,0.22,0.10,0.78,0.03,0.59,31,70,Normal
819,2026-02-04T03:00:00.000Z,korba-west-bench,zone-a,TL-301,2.29,0.17,0.36,0.05,0.29,0.15,0.16,19,80,Normal
820,2026-02-04T04:00:00.000Z,raniganj-south-slope,zone-d,TL-301,16.56,6.16,5.84,0.94,10.45,1.30,4.17,87,62,Critical
821,2026-02-04T05:00:00.000Z,singareni-s4,zone-b,PZ-401,1.48,0.67,0.42,0.06,0.69,0.15,0.06,25,86,Normal
822,2026-02-04T06:00:00.000Z,singareni-s4,zone-b,SN-101,0.54,0.12,0.07,0.08,1.42,0.10,0.56,18,94,Normal
823,2026-02-04T07:00:00.000Z,raniganj-south-slope,zone-d,EX-201,1.38,0.17,0.16,0.07,0.73,0.09,0.48,15,65,Normal
824,2026-02-04T08:00:00.000Z,korba-west-bench,zone-c,EX-201,10.05,1.20,1.63,0.59,1.70,0.51,1.58,60,89,Warning
825,2026-02-04T09:00:00.000Z,jharia-open-pit,zone-a,SN-102,1.53,0.13,0.75,0.01,1.33,0.13,0.11,24,91,Normal
826,2026-02-04T10:00:00.000Z,singareni-s4,zone-d,TL-301,10.69,1.83,1.45,0.15,2.94,0.53,1.96,42,60,Warning
827,2026-02-04T11:00:00.000Z,singareni-s4,zone-d,EX-201,3.82,0.66,0.61,0.07,0.21,0.03,1.05,37,69,Normal
828,2026-02-04T12:00:00.000Z,singareni-s4,zone-d,SN-102,2.67,0.26,0.08,0.03,1.02,0.14,1.12,15,65,Normal
829,2026-02-04T13:00:00.000Z,jharia-open-pit,zone-a,SN-102,23.57,4.34,5.60,1.02,8.30,1.98,5.31,66,95,Critical
830,2026-02-04T14:00:00.000Z,jharia-open-pit,zone-b,TL-301,2.27,0.69,0.02,0.11,0.23,0.18,0.84,16,62,Normal
831,2026-02-04T15:00:00.000Z,korba-west-bench,zone-c,SN-102,3.24,0.78,0.39,0.10,0.13,0.05,0.16,21,87,Normal
832,2026-02-04T16:00:00.000Z,korba-west-bench,zone-c,SN-102,2.82,0.13,0.38,0.14,1.15,0.12,0.32,26,61,Normal
833,2026-02-04T17:00:00.000Z,korba-west-bench,zone-b,TL-301,1.50,0.53,0.30,0.03,1.33,0.04,0.98,36,92,Normal
834,2026-02-04T18:00:00.000Z,singareni-s4,zone-b,TL-301,2.87,0.49,0.42,0.04,0.45,0.07,0.02,25,65,Normal
835,2026-02-04T19:00:00.000Z,jharia-open-pit,zone-d,SN-101,27.58,5.23,2.94,1.28,11.55,2.17,4.83,64,64,Critical
836,2026-02-04T20:00:00.000Z,jharia-open-pit,zone-d,SN-101,1.93,0.74,0.21,0.13,0.57,0.03,0.01,20,94,Normal
837,2026-02-04T21:00:00.000Z,raniganj-south-slope,zone-b,EX-201,2.63,0.26,0.19,0.03,1.10,0.06,0.94,28,93,Normal
838,2026-02-04T22:00:00.000Z,raniganj-south-slope,zone-b,SN-102,4.29,0.04,0.25,0.05,1.25,0.16,0.60,33,86,Normal
839,2026-02-04T23:00:00.000Z,raniganj-south-slope,zone-d,EX-201,1.79,0.20,0.59,0.05,0.24,0.02,0.40,22,74,Normal
840,2026-02-05T00:00:00.000Z,korba-west-bench,zone-c,SN-101,0.24,0.10,0.77,0.03,0.21,0.13,0.09,19,99,Normal
841,2026-02-05T01:00:00.000Z,singareni-s4,zone-d,TL-301,3.26,0.57,0.00,0.06,0.10,0.02,0.13,20,94,Normal
842,2026-02-05T02:00:00.000Z,jharia-open-pit,zone-b,SN-102,5.74,1.71,1.01,0.53,1.87,0.71,2.31,61,72,Warning
843,2026-02-05T03:00:00.000Z,raniganj-south-slope,zone-d,PZ-401,11.15,1.81,2.31,0.34,1.54,0.47,2.86,61,61,Warning
844,2026-02-05T04:00:00.000Z,jharia-open-pit,zone-d,SN-102,3.81,0.69,0.29,0.06,0.11,0.14,0.08,15,76,Normal
845,2026-02-05T05:00:00.000Z,raniganj-south-slope,zone-b,PZ-401,7.08,1.96,1.29,0.20,4.61,0.55,1.29,52,99,Warning
846,2026-02-05T06:00:00.000Z,singareni-s4,zone-a,SN-102,6.66,1.72,1.02,0.49,4.02,0.69,2.61,63,91,Warning
847,2026-02-05T07:00:00.000Z,korba-west-bench,zone-c,EX-201,10.40,2.03,2.37,0.38,3.53,0.72,2.42,55,98,Warning
848,2026-02-05T08:00:00.000Z,korba-west-bench,zone-d,SN-102,15.91,4.64,2.77,1.03,7.04,1.44,4.08,81,98,Critical
849,2026-02-05T09:00:00.000Z,singareni-s4,zone-d,TL-301,19.49,3.21,5.59,1.63,5.64,2.42,5.71,67,97,Critical
850,2026-02-05T10:00:00.000Z,singareni-s4,zone-c,SN-101,22.23,4.44,4.10,1.56,11.70,1.23,2.67,94,66,Critical
851,2026-02-05T11:00:00.000Z,jharia-open-pit,zone-c,EX-201,8.74,0.87,1.34,0.38,4.30,0.53,2.34,35,84,Warning
852,2026-02-05T12:00:00.000Z,korba-west-bench,zone-c,EX-201,2.49,0.25,0.77,0.09,0.55,0.17,1.11,16,62,Normal
853,2026-02-05T13:00:00.000Z,jharia-open-pit,zone-b,PZ-401,6.22,2.34,1.72,0.48,3.82,0.39,2.10,43,90,Warning
854,2026-02-05T14:00:00.000Z,jharia-open-pit,zone-a,SN-101,0.12,0.41,0.20,0.08,0.27,0.13,0.22,27,67,Normal
855,2026-02-05T15:00:00.000Z,korba-west-bench,zone-b,EX-201,0.08,0.69,0.38,0.02,1.38,0.11,0.71,23,70,Normal
856,2026-02-05T16:00:00.000Z,singareni-s4,zone-d,SN-102,0.38,0.44,0.50,0.00,0.81,0.18,0.04,22,97,Normal
857,2026-02-05T17:00:00.000Z,jharia-open-pit,zone-b,EX-201,0.13,0.39,0.20,0.02,1.10,0.01,1.20,39,62,Normal
858,2026-02-05T18:00:00.000Z,singareni-s4,zone-c,SN-101,23.13,5.65,3.66,0.66,6.01,1.02,5.60,89,72,Critical
859,2026-02-05T19:00:00.000Z,korba-west-bench,zone-a,SN-102,12.45,4.59,2.66,1.21,6.80,1.83,3.54,62,83,Critical
860,2026-02-05T20:00:00.000Z,raniganj-south-slope,zone-b,SN-101,5.82,0.95,1.85,0.58,3.42,0.35,1.80,59,68,Warning
861,2026-02-05T21:00:00.000Z,korba-west-bench,zone-a,SN-101,1.86,0.76,0.37,0.10,1.01,0.05,1.12,22,73,Normal
862,2026-02-05T22:00:00.000Z,singareni-s4,zone-c,SN-102,17.37,5.99,4.10,1.10,5.05,0.93,2.92,67,74,Critical
863,2026-02-05T23:00:00.000Z,jharia-open-pit,zone-a,PZ-401,0.05,0.39,0.32,0.13,0.48,0.19,0.72,19,60,Normal
864,2026-02-06T00:00:00.000Z,singareni-s4,zone-b,TL-301,0.32,0.73,0.06,0.02,0.90,0.16,0.74,18,76,Normal
865,2026-02-06T01:00:00.000Z,singareni-s4,zone-c,EX-201,0.94,0.08,0.56,0.06,1.22,0.03,1.05,34,84,Normal
866,2026-02-06T02:00:00.000Z,jharia-open-pit,zone-a,EX-201,28.01,2.76,5.87,0.62,10.67,2.29,6.27,89,73,Critical
867,2026-02-06T03:00:00.000Z,korba-west-bench,zone-a,SN-102,8.21,1.32,1.51,0.55,3.00,0.57,2.36,44,99,Warning
868,2026-02-06T04:00:00.000Z,raniganj-south-slope,zone-b,TL-301,2.17,0.68,0.55,0.07,0.53,0.17,0.42,28,85,Normal
869,2026-02-06T05:00:00.000Z,jharia-open-pit,zone-a,PZ-401,5.47,2.11,1.84,0.44,3.28,0.69,2.21,55,99,Warning
870,2026-02-06T06:00:00.000Z,jharia-open-pit,zone-c,PZ-401,1.63,0.39,0.07,0.00,0.74,0.03,0.72,34,94,Normal
871,2026-02-06T07:00:00.000Z,singareni-s4,zone-b,TL-301,4.38,0.03,0.07,0.10,0.38,0.06,0.31,38,60,Normal
872,2026-02-06T08:00:00.000Z,raniganj-south-slope,zone-a,SN-102,2.21,0.60,0.51,0.10,1.34,0.15,0.92,17,81,Normal
873,2026-02-06T09:00:00.000Z,korba-west-bench,zone-d,SN-101,1.55,0.16,0.36,0.02,0.90,0.05,0.29,30,70,Normal
874,2026-02-06T10:00:00.000Z,korba-west-bench,zone-d,SN-102,2.00,0.58,0.04,0.15,0.85,0.17,0.38,20,88,Normal
875,2026-02-06T11:00:00.000Z,singareni-s4,zone-c,SN-102,2.51,0.53,0.11,0.01,0.69,0.04,0.61,32,66,Normal
876,2026-02-06T12:00:00.000Z,jharia-open-pit,zone-a,TL-301,15.77,6.18,4.82,0.59,7.36,1.18,5.05,77,97,Critical
877,2026-02-06T13:00:00.000Z,jharia-open-pit,zone-c,SN-101,19.83,4.87,5.98,0.66,7.25,2.53,3.71,93,62,Critical
878,2026-02-06T14:00:00.000Z,jharia-open-pit,zone-b,SN-102,23.90,6.76,3.77,1.42,5.08,2.38,4.61,92,89,Critical
879,2026-02-06T15:00:00.000Z,singareni-s4,zone-d,SN-101,0.96,0.10,0.46,0.10,1.10,0.17,0.98,36,68,Normal
880,2026-02-06T16:00:00.000Z,korba-west-bench,zone-b,TL-301,0.63,0.19,0.76,0.09,0.05,0.16,0.73,36,90,Normal
881,2026-02-06T17:00:00.000Z,singareni-s4,zone-c,SN-101,0.51,0.69,0.57,0.04,0.43,0.04,0.06,25,75,Normal
882,2026-02-06T18:00:00.000Z,korba-west-bench,zone-d,PZ-401,8.67,0.98,1.44,0.45,1.98,0.48,1.25,59,66,Warning
883,2026-02-06T19:00:00.000Z,jharia-open-pit,zone-c,SN-101,9.42,2.35,2.25,0.37,3.72,0.41,1.94,59,83,Warning
884,2026-02-06T20:00:00.000Z,raniganj-south-slope,zone-c,SN-102,2.61,0.29,0.01,0.09,0.95,0.00,0.23,31,94,Normal
885,2026-02-06T21:00:00.000Z,jharia-open-pit,zone-c,SN-101,3.14,0.23,0.01,0.08,1.00,0.07,0.91,29,83,Normal
886,2026-02-06T22:00:00.000Z,raniganj-south-slope,zone-b,EX-201,0.64,0.69,0.34,0.01,0.41,0.18,0.97,36,95,Normal
887,2026-02-06T23:00:00.000Z,korba-west-bench,zone-d,SN-102,3.47,0.18,0.73,0.11,1.15,0.18,0.66,26,67,Normal
888,2026-02-07T00:00:00.000Z,singareni-s4,zone-c,TL-301,1.92,0.54,0.77,0.05,1.36,0.09,0.02,30,79,Normal
889,2026-02-07T01:00:00.000Z,korba-west-bench,zone-b,PZ-401,3.60,0.69,0.75,0.04,0.33,0.13,0.82,32,71,Normal
890,2026-02-07T02:00:00.000Z,singareni-s4,zone-a,TL-301,29.46,2.95,4.04,0.84,9.61,1.43,3.10,91,80,Critical
891,2026-02-07T03:00:00.000Z,jharia-open-pit,zone-b,SN-101,9.05,1.52,1.66,0.48,4.40,0.29,2.04,55,72,Warning
892,2026-02-07T04:00:00.000Z,singareni-s4,zone-c,TL-301,10.59,1.43,1.61,0.32,2.69,0.43,1.71,55,69,Warning
893,2026-02-07T05:00:00.000Z,jharia-open-pit,zone-b,SN-101,1.05,0.59,0.41,0.03,0.29,0.16,0.77,31,75,Normal
894,2026-02-07T06:00:00.000Z,singareni-s4,zone-d,SN-102,11.26,1.13,2.42,0.23,4.66,0.44,1.38,53,64,Warning
895,2026-02-07T07:00:00.000Z,jharia-open-pit,zone-a,SN-102,2.05,0.59,0.23,0.13,0.12,0.15,1.10,37,85,Normal
896,2026-02-07T08:00:00.000Z,singareni-s4,zone-a,SN-101,2.49,0.35,0.65,0.01,0.64,0.10,0.87,24,75,Normal
897,2026-02-07T09:00:00.000Z,raniganj-south-slope,zone-d,SN-101,2.40,0.37,0.21,0.07,0.68,0.18,0.24,36,93,Normal
898,2026-02-07T10:00:00.000Z,jharia-open-pit,zone-d,TL-301,0.70,0.75,0.05,0.10,0.26,0.20,1.06,32,71,Normal
899,2026-02-07T11:00:00.000Z,singareni-s4,zone-c,SN-101,11.43,1.45,0.85,0.19,2.96,0.26,2.67,63,90,Warning
900,2026-02-07T12:00:00.000Z,jharia-open-pit,zone-c,SN-101,2.09,0.17,0.49,0.07,0.07,0.19,0.44,18,91,Normal
901,2026-02-07T13:00:00.000Z,jharia-open-pit,zone-c,TL-301,6.73,2.32,0.95,0.39,4.66,0.68,2.84,60,61,Warning
902,2026-02-07T14:00:00.000Z,raniganj-south-slope,zone-d,EX-201,0.00,0.12,0.68,0.08,1.12,0.10,1.01,38,60,Normal
903,2026-02-07T15:00:00.000Z,singareni-s4,zone-b,SN-101,12.47,3.99,4.01,1.14,11.59,1.62,3.14,87,92,Critical
904,2026-02-07T16:00:00.000Z,jharia-open-pit,zone-d,SN-102,2.13,0.34,0.74,0.14,1.34,0.09,0.09,27,89,Normal
905,2026-02-07T17:00:00.000Z,jharia-open-pit,zone-c,PZ-401,8.14,1.97,1.97,0.42,2.89,0.52,1.56,58,88,Warning
906,2026-02-07T18:00:00.000Z,raniganj-south-slope,zone-b,SN-101,9.31,1.24,1.38,0.57,2.38,0.56,2.44,53,61,Warning
907,2026-02-07T19:00:00.000Z,raniganj-south-slope,zone-a,TL-301,2.91,0.28,0.71,0.14,0.38,0.14,0.37,20,82,Normal
908,2026-02-07T20:00:00.000Z,raniganj-south-slope,zone-a,SN-102,3.48,0.69,0.49,0.08,0.31,0.18,0.51,25,74,Normal
909,2026-02-07T21:00:00.000Z,korba-west-bench,zone-c,SN-102,4.27,0.31,0.20,0.12,0.94,0.10,0.47,37,84,Normal
910,2026-02-07T22:00:00.000Z,singareni-s4,zone-d,SN-102,10.68,2.26,0.94,0.28,3.81,0.32,1.41,58,81,Warning
911,2026-02-07T23:00:00.000Z,raniganj-south-slope,zone-d,PZ-401,0.68,0.59,0.61,0.10,0.09,0.11,1.05,29,74,Normal
912,2026-02-08T00:00:00.000Z,singareni-s4,zone-d,PZ-401,3.13,0.67,0.08,0.02,0.40,0.16,0.62,29,69,Normal
913,2026-02-08T01:00:00.000Z,jharia-open-pit,zone-b,TL-301,0.21,0.21,0.43,0.01,0.27,0.10,0.58,32,68,Normal
914,2026-02-08T02:00:00.000Z,raniganj-south-slope,zone-b,EX-201,4.09,0.06,0.05,0.12,0.31,0.09,0.98,38,63,Normal
915,2026-02-08T03:00:00.000Z,jharia-open-pit,zone-c,EX-201,3.11,0.19,0.10,0.14,1.23,0.18,0.85,18,76,Normal
916,2026-02-08T04:00:00.000Z,raniganj-south-slope,zone-c,SN-102,2.36,0.75,0.48,0.03,0.68,0.09,0.67,37,85,Normal
917,2026-02-08T05:00:00.000Z,raniganj-south-slope,zone-b,PZ-401,1.98,0.25,0.05,0.07,0.29,0.17,0.05,19,97,Normal
918,2026-02-08T06:00:00.000Z,raniganj-south-slope,zone-b,PZ-401,16.76,5.70,4.23,0.96,12.73,2.21,4.23,79,91,Critical
919,2026-02-08T07:00:00.000Z,jharia-open-pit,zone-b,PZ-401,20.28,4.08,3.16,1.67,11.61,1.17,2.75,64,65,Critical
920,2026-02-08T08:00:00.000Z,jharia-open-pit,zone-b,SN-102,7.98,2.40,1.44,0.17,3.60,0.69,1.72,64,86,Warning
921,2026-02-08T09:00:00.000Z,raniganj-south-slope,zone-d,SN-102,4.25,0.74,0.35,0.11,1.35,0.17,0.33,18,93,Normal
922,2026-02-08T10:00:00.000Z,raniganj-south-slope,zone-c,SN-102,1.30,0.16,0.08,0.09,1.13,0.18,0.32,26,92,Normal
923,2026-02-08T11:00:00.000Z,korba-west-bench,zone-b,SN-101,2.79,0.74,0.04,0.02,0.67,0.06,0.45,17,93,Normal
924,2026-02-08T12:00:00.000Z,raniganj-south-slope,zone-a,SN-102,6.32,2.30,0.92,0.59,2.79,0.74,2.36,51,79,Warning
925,2026-02-08T13:00:00.000Z,raniganj-south-slope,zone-d,TL-301,0.92,0.71,0.68,0.02,0.50,0.05,0.34,17,63,Normal
926,2026-02-08T14:00:00.000Z,singareni-s4,zone-b,EX-201,16.26,3.16,3.56,1.29,6.25,2.09,4.59,72,63,Critical
927,2026-02-08T15:00:00.000Z,jharia-open-pit,zone-b,SN-102,3.67,0.02,0.07,0.02,1.21,0.05,0.96,26,70,Normal
928,2026-02-08T16:00:00.000Z,korba-west-bench,zone-b,SN-102,1.57,0.50,0.33,0.05,0.26,0.08,0.71,17,92,Normal
929,2026-02-08T17:00:00.000Z,jharia-open-pit,zone-b,SN-101,1.92,0.05,0.38,0.14,0.21,0.20,1.17,34,66,Normal
930,2026-02-08T18:00:00.000Z,jharia-open-pit,zone-c,SN-102,2.38,0.17,0.06,0.11,1.40,0.05,0.55,34,73,Normal
931,2026-02-08T19:00:00.000Z,raniganj-south-slope,zone-b,SN-101,4.45,0.46,0.76,0.14,1.26,0.06,0.92,31,77,Normal
932,2026-02-08T20:00:00.000Z,singareni-s4,zone-a,SN-102,7.47,2.14,1.90,0.42,3.04,0.51,2.47,52,90,Warning
933,2026-02-08T21:00:00.000Z,jharia-open-pit,zone-d,EX-201,1.73,0.25,0.73,0.10,1.23,0.12,0.98,37,74,Normal
934,2026-02-08T22:00:00.000Z,jharia-open-pit,zone-d,EX-201,24.24,2.70,4.27,1.13,6.76,1.05,5.80,60,91,Critical
935,2026-02-08T23:00:00.000Z,raniganj-south-slope,zone-a,SN-102,3.22,0.11,0.15,0.01,0.34,0.17,0.31,19,66,Normal
936,2026-02-09T00:00:00.000Z,jharia-open-pit,zone-a,SN-101,10.87,1.24,1.71,0.36,4.37,0.61,1.78,47,69,Warning
937,2026-02-09T01:00:00.000Z,raniganj-south-slope,zone-a,TL-301,9.37,2.11,1.61,0.35,2.72,0.54,1.83,36,92,Warning
938,2026-02-09T02:00:00.000Z,korba-west-bench,zone-d,EX-201,2.44,0.75,0.62,0.14,0.29,0.04,0.77,17,78,Normal
939,2026-02-09T03:00:00.000Z,singareni-s4,zone-a,PZ-401,28.25,4.07,3.08,0.79,9.30,1.33,5.83,72,81,Critical
940,2026-02-09T04:00:00.000Z,raniganj-south-slope,zone-a,TL-301,10.36,1.72,2.51,0.36,4.50,0.46,1.80,62,73,Warning
941,2026-02-09T05:00:00.000Z,korba-west-bench,zone-a,TL-301,10.76,1.89,2.18,0.45,2.72,0.28,2.68,44,61,Warning
942,2026-02-09T06:00:00.000Z,jharia-open-pit,zone-b,SN-102,6.74,2.13,1.89,0.26,4.47,0.72,2.51,58,72,Warning
943,2026-02-09T07:00:00.000Z,jharia-open-pit,zone-c,SN-102,4.01,0.62,0.36,0.13,0.71,0.03,0.99,31,83,Normal
944,2026-02-09T08:00:00.000Z,jharia-open-pit,zone-d,PZ-401,3.74,0.54,0.18,0.11,0.98,0.03,1.04,15,68,Normal
945,2026-02-09T09:00:00.000Z,raniganj-south-slope,zone-b,SN-101,1.91,0.76,0.66,0.03,1.01,0.03,0.54,30,76,Normal
946,2026-02-09T10:00:00.000Z,korba-west-bench,zone-a,TL-301,4.26,0.34,0.30,0.05,0.65,0.08,0.28,26,86,Normal
947,2026-02-09T11:00:00.000Z,jharia-open-pit,zone-d,EX-201,3.04,0.68,0.16,0.02,0.13,0.17,1.16,38,86,Normal
948,2026-02-09T12:00:00.000Z,raniganj-south-slope,zone-c,SN-101,16.24,3.77,3.12,0.64,10.72,2.16,4.38,61,88,Critical
949,2026-02-09T13:00:00.000Z,jharia-open-pit,zone-b,PZ-401,1.96,0.45,0.03,0.02,0.81,0.16,0.68,25,60,Normal
950,2026-02-09T14:00:00.000Z,raniganj-south-slope,zone-b,SN-101,8.18,1.98,1.96,0.46,2.70,0.64,2.46,35,95,Warning
951,2026-02-09T15:00:00.000Z,raniganj-south-slope,zone-a,SN-101,3.13,0.74,0.25,0.06,1.12,0.00,0.58,26,94,Normal
952,2026-02-09T16:00:00.000Z,korba-west-bench,zone-c,EX-201,1.95,0.44,0.15,0.04,0.63,0.18,0.35,34,82,Normal
953,2026-02-09T17:00:00.000Z,korba-west-bench,zone-b,SN-101,1.30,0.08,0.01,0.07,0.78,0.00,1.05,30,71,Normal
954,2026-02-09T18:00:00.000Z,raniganj-south-slope,zone-a,EX-201,2.14,0.24,0.20,0.04,0.16,0.14,1.05,23,72,Normal
955,2026-02-09T19:00:00.000Z,korba-west-bench,zone-d,TL-301,3.81,0.43,0.43,0.01,0.73,0.07,1.19,19,74,Normal
956,2026-02-09T20:00:00.000Z,raniganj-south-slope,zone-b,TL-301,8.22,0.93,1.00,0.22,4.30,0.50,2.41,63,88,Warning
957,2026-02-09T21:00:00.000Z,raniganj-south-slope,zone-b,SN-102,14.47,3.32,3.81,1.38,11.24,1.45,3.82,93,76,Critical
958,2026-02-09T22:00:00.000Z,raniganj-south-slope,zone-a,SN-102,14.39,3.79,5.16,0.97,9.71,1.27,3.64,64,60,Critical
959,2026-02-09T23:00:00.000Z,raniganj-south-slope,zone-a,SN-102,11.00,1.51,2.12,0.26,4.69,0.74,2.16,49,75,Warning
960,2026-02-10T00:00:00.000Z,raniganj-south-slope,zone-b,SN-102,17.12,6.64,5.44,1.40,5.17,1.63,3.06,94,65,Critical
961,2026-02-10T01:00:00.000Z,raniganj-south-slope,zone-b,TL-301,21.92,4.82,4.84,0.62,9.99,1.62,4.59,55,77,Critical
962,2026-02-10T02:00:00.000Z,jharia-open-pit,zone-c,SN-101,2.25,0.21,0.07,0.02,0.75,0.08,0.76,34,72,Normal
963,2026-02-10T03:00:00.000Z,korba-west-bench,zone-c,EX-201,4.28,0.31,0.46,0.13,1.19,0.08,0.46,19,95,Normal
964,2026-02-10T04:00:00.000Z,jharia-open-pit,zone-a,PZ-401,1.85,0.30,0.70,0.00,1.00,0.18,0.30,28,74,Normal
965,2026-02-10T05:00:00.000Z,korba-west-bench,zone-b,SN-101,3.45,0.30,0.80,0.03,0.80,0.13,0.48,33,86,Normal
966,2026-02-10T06:00:00.000Z,raniganj-south-slope,zone-a,PZ-401,1.40,0.22,0.76,0.05,1.18,0.18,1.14,24,99,Normal
967,2026-02-10T07:00:00.000Z,jharia-open-pit,zone-d,SN-102,2.48,0.78,0.35,0.12,0.39,0.08,0.54,36,77,Normal
968,2026-02-10T08:00:00.000Z,jharia-open-pit,zone-c,PZ-401,0.27,0.35,0.09,0.00,0.96,0.12,0.21,15,71,Normal
969,2026-02-10T09:00:00.000Z,raniganj-south-slope,zone-a,SN-101,3.78,0.24,0.09,0.04,0.77,0.17,,32,68,Normal
970,2026-02-10T10:00:00.000Z,raniganj-south-slope,zone-d,EX-201,1.92,0.69,0.67,0.09,0.60,0.01,0.51,16,74,Normal
971,2026-02-10T11:00:00.000Z,raniganj-south-slope,zone-c,TL-301,1.93,0.12,0.70,0.09,0.72,0.09,0.64,26,81,Normal
972,2026-02-10T12:00:00.000Z,korba-west-bench,zone-a,SN-101,4.32,0.19,0.65,0.02,1.31,0.07,0.57,21,94,Normal
973,2026-02-10T13:00:00.000Z,korba-west-bench,zone-d,EX-201,1.26,0.58,0.65,0.05,0.63,0.15,0.23,35,71,Normal
974,2026-02-10T14:00:00.000Z,raniganj-south-slope,zone-b,EX-201,17.75,2.99,4.83,0.51,9.54,1.50,4.01,90,74,Critical
975,2026-02-10T15:00:00.000Z,jharia-open-pit,zone-d,EX-201,24.98,4.58,5.25,1.61,7.45,2.43,2.64,62,88,Critical
976,2026-02-10T16:00:00.000Z,jharia-open-pit,zone-c,EX-201,7.57,2.28,1.12,0.40,4.16,0.45,,35,77,Warning
977,2026-02-10T17:00:00.000Z,raniganj-south-slope,zone-a,PZ-401,3.63,0.66,0.19,0.07,0.94,0.18,0.01,27,92,Normal
978,2026-02-10T18:00:00.000Z,raniganj-south-slope,zone-c,EX-201,6.81,1.39,2.53,0.26,1.87,0.42,1.86,44,60,Warning
979,2026-02-10T19:00:00.000Z,singareni-s4,zone-b,SN-101,10.65,2.31,1.78,0.48,4.24,0.70,1.87,54,77,Warning
980,2026-02-10T20:00:00.000Z,singareni-s4,zone-a,PZ-401,14.70,3.23,3.13,0.63,12.32,1.06,5.26,74,64,Critical
981,2026-02-10T21:00:00.000Z,raniganj-south-slope,zone-b,SN-101,3.84,0.75,0.09,0.01,0.60,0.09,0.52,17,82,Normal
982,2026-02-10T22:00:00.000Z,korba-west-bench,zone-b,PZ-401,9.20,1.47,1.74,0.32,3.88,0.33,1.51,56,71,Warning
983,2026-02-10T23:00:00.000Z,raniganj-south-slope,zone-b,EX-201,10.76,1.78,2.25,0.34,2.79,0.37,2.74,54,87,Warning
984,2026-02-11T00:00:00.000Z,raniganj-south-slope,zone-d,SN-102,3.57,0.73,0.65,0.01,0.79,0.01,0.50,33,71,Normal
985,2026-02-11T01:00:00.000Z,korba-west-bench,zone-c,SN-101,1.05,0.17,0.02,0.01,0.85,0.11,0.53,20,91,Normal
986,2026-02-11T02:00:00.000Z,raniganj-south-slope,zone-c,EX-201,3.47,0.54,0.31,0.11,0.44,0.10,0.63,33,91,Normal
987,2026-02-11T03:00:00.000Z,jharia-open-pit,zone-b,SN-102,2.83,0.31,0.42,0.08,0.18,0.08,1.01,30,88,Normal
988,2026-02-11T04:00:00.000Z,raniganj-south-slope,zone-b,PZ-401,3.88,0.63,0.60,0.05,1.24,0.08,0.15,31,72,Normal
989,2026-02-11T05:00:00.000Z,jharia-open-pit,zone-c,TL-301,9.16,2.03,1.06,0.48,2.88,0.44,1.94,37,77,Warning
990,2026-02-11T06:00:00.000Z,korba-west-bench,zone-b,PZ-401,3.88,0.61,0.44,0.09,0.10,0.03,0.54,36,89,Normal
991,2026-02-11T07:00:00.000Z,singareni-s4,zone-b,PZ-401,3.00,0.66,0.33,0.14,0.88,0.06,0.70,32,89,Normal
992,2026-02-11T08:00:00.000Z,jharia-open-pit,zone-d,SN-101,8.53,1.92,2.00,0.47,2.64,0.20,1.93,56,66,Warning
993,2026-02-11T09:00:00.000Z,raniganj-south-slope,zone-a,TL-301,3.80,0.44,0.39,0.04,0.92,0.12,0.99,16,90,Normal
994,2026-02-11T10:00:00.000Z,singareni-s4,zone-d,SN-101,6.35,2.12,2.50,0.19,3.85,0.53,1.77,58,70,Warning
995,2026-02-11T11:00:00.000Z,korba-west-bench,zone-b,TL-301,7.63,1.07,1.44,0.28,3.01,0.58,1.57,53,71,Warning
996,2026-02-11T12:00:00.000Z,singareni-s4,zone-a,TL-301,8.66,1.96,0.87,0.25,2.01,0.66,1.65,44,85,Warning
997,2026-02-11T13:00:00.000Z,raniganj-south-slope,zone-d,TL-301,21.15,6.01,5.72,1.14,10.74,2.48,3.67,86,82,Critical
998,2026-02-11T14:00:00.000Z,singareni-s4,zone-c,SN-101,1.28,0.33,0.16,0.11,1.28,0.12,0.43,35,81,Normal
999,2026-02-11T15:00:00.000Z,korba-west-bench,zone-d,TL-301,6.77,1.21,2.48,0.20,4.46,0.27,2.68,58,72,Warning
1000,2026-02-11T16:00:00.000Z,raniganj-south-slope,zone-d,TL-301,2.38,0.12,0.58,0.14,0.86,0.17,0.28,29,74,Normal
1001,2026-02-11T17:00:00.000Z,jharia-open-pit,zone-d,SN-102,4.14,0.08,0.64,0.13,1.33,0.18,0.97,22,89,Normal
1002,2026-02-11T18:00:00.000Z,jharia-open-pit,zone-d,TL-301,4.03,0.59,0.41,0.02,1.08,0.03,0.16,37,96,Normal
1003,2026-02-11T19:00:00.000Z,singareni-s4,zone-c,EX-201,3.73,0.29,0.26,0.02,0.55,0.12,0.78,28,66,Normal
1004,2026-02-11T20:00:00.000Z,raniganj-south-slope,zone-c,EX-201,28.83,4.95,5.06,0.63,7.53,1.93,3.45,91,96,Critical
1005,2026-02-11T21:00:00.000Z,raniganj-south-slope,zone-d,SN-101,23.32,4.13,4.58,0.56,6.46,2.07,5.02,76,76,Critical
1006,2026-02-11T22:00:00.000Z,raniganj-south-slope,zone-c,EX-201,20.93,6.04,4.39,1.45,12.61,1.63,5.76,76,70,Critical
1007,2026-02-11T23:00:00.000Z,singareni-s4,zone-d,EX-201,11.40,1.36,1.31,0.45,2.75,0.39,2.06,45,97,Warning
1008,2026-02-12T00:00:00.000Z,singareni-s4,zone-b,SN-102,3.45,0.22,0.11,0.00,0.78,0.18,0.37,16,62,Normal
1009,2026-02-12T01:00:00.000Z,singareni-s4,zone-d,TL-301,1.91,0.64,0.05,0.03,0.22,0.18,0.09,26,62,Normal
1010,2026-02-12T02:00:00.000Z,singareni-s4,zone-b,SN-102,3.20,0.32,0.78,0.01,0.83,0.10,1.08,29,72,Normal
1011,2026-02-12T03:00:00.000Z,raniganj-south-slope,zone-d,EX-201,6.80,0.84,1.73,0.35,3.33,0.30,2.60,49,74,Warning
1012,2026-02-12T04:00:00.000Z,singareni-s4,zone-d,EX-201,3.89,0.12,0.30,0.10,1.12,0.12,0.91,29,62,Normal
1013,2026-02-12T05:00:00.000Z,singareni-s4,zone-d,EX-201,8.18,1.29,2.06,0.55,4.35,0.65,1.71,48,74,Warning
1014,2026-02-12T06:00:00.000Z,korba-west-bench,zone-c,SN-101,9.72,1.94,1.61,0.44,2.00,0.73,2.23,52,71,Warning
1015,2026-02-12T07:00:00.000Z,raniganj-south-slope,zone-b,SN-101,11.44,1.54,0.96,0.33,1.78,0.45,1.26,45,71,Warning
1016,2026-02-12T08:00:00.000Z,jharia-open-pit,zone-c,EX-201,3.18,0.29,0.25,0.09,0.12,0.17,0.94,29,77,Normal
1017,2026-02-12T09:00:00.000Z,korba-west-bench,zone-b,EX-201,2.48,0.38,0.08,0.04,1.00,0.01,0.04,25,80,Normal
1018,2026-02-12T10:00:00.000Z,raniganj-south-slope,zone-a,SN-101,1.97,0.36,0.75,0.09,0.78,0.00,0.47,28,89,Normal
1019,2026-02-12T11:00:00.000Z,singareni-s4,zone-d,TL-301,0.42,0.68,0.52,0.10,0.38,0.09,0.83,33,80,Normal
1020,2026-02-12T12:00:00.000Z,singareni-s4,zone-c,TL-301,2.11,0.72,0.45,0.15,1.34,0.09,0.37,21,69,Normal
1021,2026-02-12T13:00:00.000Z,singareni-s4,zone-b,TL-301,3.63,0.32,0.10,0.14,0.77,0.11,0.94,16,60,Normal
1022,2026-02-12T14:00:00.000Z,raniganj-south-slope,zone-c,PZ-401,20.45,6.53,4.02,1.15,8.69,1.08,4.11,65,80,Critical
1023,2026-02-12T15:00:00.000Z,jharia-open-pit,zone-d,SN-101,0.10,0.03,0.73,0.03,1.32,0.20,,16,79,Normal
1024,2026-02-12T16:00:00.000Z,singareni-s4,zone-c,SN-101,3.86,0.56,0.49,0.07,1.22,0.09,0.26,38,70,Normal
1025,2026-02-12T17:00:00.000Z,raniganj-south-slope,zone-d,PZ-401,1.65,0.35,0.56,0.14,0.14,0.05,1.01,28,92,Normal
1026,2026-02-12T18:00:00.000Z,singareni-s4,zone-c,SN-101,3.26,0.45,0.73,0.04,0.59,0.06,0.98,39,77,Normal
1027,2026-02-12T19:00:00.000Z,raniganj-south-slope,zone-c,TL-301,1.40,0.45,0.62,0.02,0.87,0.11,1.07,26,98,Normal
1028,2026-02-12T20:00:00.000Z,singareni-s4,zone-a,PZ-401,22.52,5.67,5.40,1.07,6.08,1.36,4.40,64,70,Critical
1029,2026-02-12T21:00:00.000Z,raniganj-south-slope,zone-c,SN-101,11.27,1.05,1.82,0.37,1.60,0.48,2.73,36,90,Warning
1030,2026-02-12T22:00:00.000Z,singareni-s4,zone-a,PZ-401,25.10,4.36,4.49,0.74,5.64,1.84,5.97,71,88,Critical
1031,2026-02-12T23:00:00.000Z,jharia-open-pit,zone-d,TL-301,9.10,1.21,1.48,0.24,3.71,0.39,1.24,46,76,Warning
1032,2026-02-13T00:00:00.000Z,singareni-s4,zone-d,PZ-401,4.18,0.64,0.18,0.08,0.22,0.13,0.89,17,83,Normal
1033,2026-02-13T01:00:00.000Z,raniganj-south-slope,zone-c,TL-301,1.69,0.02,0.28,0.14,0.15,0.02,0.33,33,63,Normal
1034,2026-02-13T02:00:00.000Z,korba-west-bench,zone-b,SN-101,1.08,0.67,0.32,0.13,0.06,0.15,1.14,38,60,Normal
1035,2026-02-13T03:00:00.000Z,singareni-s4,zone-b,SN-102,4.25,0.42,0.59,0.11,0.71,0.08,1.04,22,95,Normal
1036,2026-02-13T04:00:00.000Z,korba-west-bench,zone-c,EX-201,2.27,0.04,0.09,0.06,1.41,0.05,0.12,37,83,Normal
1037,2026-02-13T05:00:00.000Z,raniganj-south-slope,zone-c,SN-101,11.00,1.94,2.24,0.38,2.63,0.43,,46,76,Warning
1038,2026-02-13T06:00:00.000Z,singareni-s4,zone-b,SN-101,18.17,5.21,3.61,0.89,5.22,2.10,3.90,91,89,Critical
1039,2026-02-13T07:00:00.000Z,jharia-open-pit,zone-a,PZ-401,18.28,5.42,4.30,1.06,6.96,2.31,4.20,57,83,Critical
1040,2026-02-13T08:00:00.000Z,raniganj-south-slope,zone-c,SN-101,6.08,1.55,2.06,0.55,4.05,0.35,1.89,61,71,Warning
1041,2026-02-13T09:00:00.000Z,singareni-s4,zone-c,PZ-401,6.03,2.20,1.32,0.49,3.86,0.62,1.79,63,80,Warning
1042,2026-02-13T10:00:00.000Z,raniganj-south-slope,zone-b,EX-201,3.06,0.39,0.50,0.04,1.49,0.03,0.68,39,65,Normal
1043,2026-02-13T11:00:00.000Z,singareni-s4,zone-a,SN-101,10.27,1.73,1.34,0.22,2.35,0.42,1.44,53,69,Warning
1044,2026-02-13T12:00:00.000Z,raniganj-south-slope,zone-c,SN-102,1.98,0.32,0.42,0.12,0.62,0.00,0.94,25,77,Normal
1045,2026-02-13T13:00:00.000Z,raniganj-south-slope,zone-d,PZ-401,1.51,0.31,0.19,0.07,0.02,0.14,0.04,24,79,Normal
1046,2026-02-13T14:00:00.000Z,raniganj-south-slope,zone-b,EX-201,5.55,1.77,1.71,0.25,2.97,0.58,2.73,39,93,Warning
1047,2026-02-13T15:00:00.000Z,singareni-s4,zone-b,SN-101,3.26,0.34,0.80,0.04,1.36,0.10,0.76,19,77,Normal
1048,2026-02-13T16:00:00.000Z,jharia-open-pit,zone-a,SN-102,3.25,0.06,0.17,0.01,0.71,0.11,0.36,24,74,Normal
1049,2026-02-13T17:00:00.000Z,jharia-open-pit,zone-b,SN-102,3.58,0.73,0.15,0.08,0.77,0.10,1.15,18,76,Normal
1050,2026-02-13T18:00:00.000Z,korba-west-bench,zone-b,TL-301,2.19,0.20,0.24,0.15,0.13,0.06,1.00,21,90,Normal
1051,2026-02-13T19:00:00.000Z,singareni-s4,zone-d,TL-301,3.38,0.20,0.31,0.15,0.81,0.03,0.19,18,67,Normal
1052,2026-02-13T20:00:00.000Z,jharia-open-pit,zone-b,TL-301,19.54,3.39,4.97,1.20,8.78,2.25,2.57,94,73,Critical
1053,2026-02-13T21:00:00.000Z,singareni-s4,zone-b,SN-102,8.62,1.49,1.15,0.39,2.96,0.73,2.60,35,62,Warning
1054,2026-02-13T22:00:00.000Z,jharia-open-pit,zone-b,PZ-401,2.39,0.75,0.23,0.01,1.40,0.12,0.92,18,75,Normal
1055,2026-02-13T23:00:00.000Z,singareni-s4,zone-d,PZ-401,1.65,0.74,0.68,0.12,1.15,0.08,0.82,36,69,Normal
1056,2026-02-14T00:00:00.000Z,singareni-s4,zone-b,SN-102,23.22,4.61,5.58,0.68,10.14,1.47,3.64,79,73,Critical
1057,2026-02-14T01:00:00.000Z,raniganj-south-slope,zone-d,SN-102,3.45,0.34,0.08,0.09,0.90,0.02,0.30,25,61,Normal
1058,2026-02-14T02:00:00.000Z,jharia-open-pit,zone-c,PZ-401,6.41,1.24,1.43,0.48,2.49,0.57,2.57,59,97,Warning
1059,2026-02-14T03:00:00.000Z,singareni-s4,zone-a,SN-102,10.42,0.96,1.59,0.56,2.00,0.40,2.47,49,76,Warning
1060,2026-02-14T04:00:00.000Z,singareni-s4,zone-a,TL-301,20.21,5.69,3.27,0.70,6.21,1.34,5.26,64,73,Critical
1061,2026-02-14T05:00:00.000Z,jharia-open-pit,zone-d,SN-102,10.30,0.98,2.08,0.51,1.62,0.46,1.26,36,74,Warning
1062,2026-02-14T06:00:00.000Z,singareni-s4,zone-d,PZ-401,0.94,0.29,0.66,0.01,0.26,0.11,0.66,30,93,Normal
1063,2026-02-14T07:00:00.000Z,korba-west-bench,zone-c,SN-102,4.36,0.54,0.18,0.13,0.58,0.03,1.10,25,93,Normal
1064,2026-02-14T08:00:00.000Z,jharia-open-pit,zone-a,SN-101,0.10,0.56,0.73,0.12,0.03,0.18,0.09,25,85,Normal
1065,2026-02-14T09:00:00.000Z,singareni-s4,zone-a,EX-201,4.34,0.34,0.06,0.10,0.12,0.10,1.19,24,84,Normal
1066,2026-02-14T10:00:00.000Z,korba-west-bench,zone-a,EX-201,11.42,1.97,1.20,0.35,3.60,0.56,2.90,41,97,Warning
1067,2026-02-14T11:00:00.000Z,singareni-s4,zone-c,SN-101,3.01,0.53,0.06,0.06,0.53,0.01,0.26,22,86,Normal
1068,2026-02-14T12:00:00.000Z,raniganj-south-slope,zone-c,SN-101,3.36,0.18,0.68,0.04,0.56,0.07,1.00,39,91,Normal
1069,2026-02-14T13:00:00.000Z,jharia-open-pit,zone-b,SN-102,2.76,0.12,0.41,0.06,0.73,0.12,0.57,38,85,Normal
1070,2026-02-14T14:00:00.000Z,jharia-open-pit,zone-c,SN-101,5.69,2.16,2.11,0.33,4.63,0.38,2.57,44,82,Warning
1071,2026-02-14T15:00:00.000Z,raniganj-south-slope,zone-d,EX-201,8.36,1.81,0.94,0.20,3.78,0.36,2.20,35,64,Warning
1072,2026-02-14T16:00:00.000Z,korba-west-bench,zone-c,SN-101,9.12,1.76,1.36,0.36,2.45,0.71,2.85,54,67,Warning
1073,2026-02-14T17:00:00.000Z,jharia-open-pit,zone-a,EX-201,0.98,0.75,0.02,0.11,1.08,0.09,1.16,28,89,Normal
1074,2026-02-14T18:00:00.000Z,korba-west-bench,zone-b,TL-301,29.36,4.34,5.10,0.69,11.24,1.08,6.25,69,97,Critical
1075,2026-02-14T19:00:00.000Z,korba-west-bench,zone-d,SN-102,9.85,1.68,1.94,0.19,3.15,0.24,2.43,43,92,Warning
1076,2026-02-14T20:00:00.000Z,singareni-s4,zone-b,SN-102,0.28,0.13,0.25,0.06,0.53,0.07,0.96,34,74,Normal
1077,2026-02-14T21:00:00.000Z,jharia-open-pit,zone-c,EX-201,6.89,1.19,2.11,0.32,4.28,0.29,1.24,58,73,Warning
1078,2026-02-14T22:00:00.000Z,singareni-s4,zone-a,SN-101,14.30,2.50,5.76,0.72,7.44,1.78,5.23,89,96,Critical
1079,2026-02-14T23:00:00.000Z,singareni-s4,zone-d,PZ-401,3.57,0.50,0.22,0.08,0.86,0.12,0.04,,63,Normal
1080,2026-02-15T00:00:00.000Z,jharia-open-pit,zone-a,SN-101,8.97,1.52,0.98,0.43,3.15,0.73,1.58,64,75,Warning
1081,2026-02-15T01:00:00.000Z,raniganj-south-slope,zone-a,SN-102,3.03,0.66,0.71,0.10,0.52,0.14,0.39,24,93,Normal
1082,2026-02-15T02:00:00.000Z,korba-west-bench,zone-b,SN-101,23.19,4.07,2.54,1.28,12.36,1.08,2.94,60,97,Critical
1083,2026-02-15T03:00:00.000Z,raniganj-south-slope,zone-d,SN-102,7.51,0.83,1.65,0.15,1.91,0.58,2.39,50,93,Warning
1084,2026-02-15T04:00:00.000Z,jharia-open-pit,zone-c,EX-201,9.89,1.70,2.58,0.15,2.43,0.43,2.47,44,98,Warning
1085,2026-02-15T05:00:00.000Z,korba-west-bench,zone-a,SN-102,2.96,0.65,0.52,0.13,0.32,0.19,0.03,18,93,Normal
1086,2026-02-15T06:00:00.000Z,raniganj-south-slope,zone-b,PZ-401,0.83,0.33,0.48,0.07,0.25,0.19,0.09,21,67,Normal
1087,2026-02-15T07:00:00.000Z,singareni-s4,zone-b,PZ-401,6.05,1.30,1.80,0.40,2.01,0.29,2.96,42,87,Warning
1088,2026-02-15T08:00:00.000Z,singareni-s4,zone-b,EX-201,4.29,0.50,0.33,0.02,0.34,0.11,0.84,32,72,Normal
1089,2026-02-15T09:00:00.000Z,raniganj-south-slope,zone-d,SN-101,7.90,1.18,2.47,0.44,4.30,0.25,1.64,63,95,Warning
1090,2026-02-15T10:00:00.000Z,raniganj-south-slope,zone-c,TL-301,8.75,0.81,1.73,0.43,3.95,0.38,1.42,46,70,Warning
1091,2026-02-15T11:00:00.000Z,korba-west-bench,zone-a,TL-301,2.82,0.50,0.67,0.14,1.02,0.05,0.98,16,80,Normal
1092,2026-02-15T12:00:00.000Z,raniganj-south-slope,zone-d,EX-201,4.03,0.36,0.08,0.07,0.89,0.02,0.88,36,63,Normal
1093,2026-02-15T13:00:00.000Z,korba-west-bench,zone-c,PZ-401,7.38,1.19,2.29,0.37,2.48,0.54,2.40,36,64,Warning
1094,2026-02-15T14:00:00.000Z,jharia-open-pit,zone-b,EX-201,8.41,1.40,2.57,0.32,4.14,0.28,2.98,38,78,Warning
1095,2026-02-15T15:00:00.000Z,singareni-s4,zone-c,PZ-401,4.48,0.41,0.61,0.10,1.28,0.01,0.82,27,67,Normal
1096,2026-02-15T16:00:00.000Z,jharia-open-pit,zone-d,TL-301,10.14,2.14,1.44,0.54,3.75,0.67,1.99,53,63,Warning
1097,2026-02-15T17:00:00.000Z,singareni-s4,zone-d,PZ-401,3.16,0.27,0.50,0.07,1.08,0.01,0.44,36,90,Normal
1098,2026-02-15T18:00:00.000Z,jharia-open-pit,zone-a,SN-101,3.97,0.64,0.27,0.08,1.44,0.07,0.64,17,74,Normal
1099,2026-02-15T19:00:00.000Z,korba-west-bench,zone-c,PZ-401,3.12,0.27,0.77,0.05,1.35,0.19,0.79,29,61,Normal
1100,2026-02-15T20:00:00.000Z,korba-west-bench,zone-b,EX-201,11.10,1.40,1.00,0.43,2.58,0.58,1.20,55,77,Warning
1101,2026-02-15T21:00:00.000Z,korba-west-bench,zone-c,PZ-401,2.80,0.55,0.10,0.05,1.20,0.16,0.77,32,66,Normal
1102,2026-02-15T22:00:00.000Z,singareni-s4,zone-d,EX-201,2.05,0.44,0.33,0.12,0.86,0.16,0.97,22,60,Normal
1103,2026-02-15T23:00:00.000Z,singareni-s4,zone-c,TL-301,8.85,2.17,2.41,0.54,1.73,0.31,2.93,59,75,Warning
1104,2026-02-16T00:00:00.000Z,raniganj-south-slope,zone-a,EX-201,3.36,0.55,0.18,0.14,0.46,0.09,0.99,33,81,Normal
1105,2026-02-16T01:00:00.000Z,singareni-s4,zone-d,SN-101,8.72,2.29,1.93,0.33,1.91,0.26,2.49,63,63,Warning
1106,2026-02-16T02:00:00.000Z,jharia-open-pit,zone-a,TL-301,3.15,0.47,0.53,0.07,0.59,0.06,0.03,37,94,Normal
1107,2026-02-16T03:00:00.000Z,jharia-open-pit,zone-c,TL-301,1.01,0.42,0.63,0.15,0.88,0.17,0.48,26,66,Normal
1108,2026-02-16T04:00:00.000Z,singareni-s4,zone-d,SN-101,27.19,3.74,4.05,1.30,8.97,1.23,5.13,90,68,Critical
1109,2026-02-16T05:00:00.000Z,jharia-open-pit,zone-c,SN-102,9.96,2.05,2.48,0.39,3.53,0.27,2.66,44,63,Warning
1110,2026-02-16T06:00:00.000Z,korba-west-bench,zone-a,SN-102,6.58,1.16,2.35,0.17,4.16,0.55,2.88,59,81,Warning
1111,2026-02-16T07:00:00.000Z,jharia-open-pit,zone-b,TL-301,3.73,0.61,0.38,0.15,1.34,0.12,1.04,27,68,Normal
1112,2026-02-16T08:00:00.000Z,korba-west-bench,zone-c,TL-301,1.16,0.31,0.47,0.14,0.18,0.08,1.10,16,83,Normal
1113,2026-02-16T09:00:00.000Z,korba-west-bench,zone-d,SN-102,0.96,0.70,0.70,0.12,0.80,0.05,0.40,30,68,Normal
1114,2026-02-16T10:00:00.000Z,singareni-s4,zone-d,TL-301,1.87,0.49,0.48,0.08,0.90,0.16,0.31,26,86,Normal
1115,2026-02-16T11:00:00.000Z,korba-west-bench,zone-a,TL-301,3.79,0.38,0.11,0.00,1.13,0.05,0.30,24,94,Normal
1116,2026-02-16T12:00:00.000Z,jharia-open-pit,zone-d,TL-301,5.07,0.96,2.35,0.19,2.75,0.32,2.15,44,87,Warning
1117,2026-02-16T13:00:00.000Z,singareni-s4,zone-b,EX-201,0.49,0.24,0.16,0.10,1.14,0.14,0.31,27,85,Normal
1118,2026-02-16T14:00:00.000Z,jharia-open-pit,zone-c,EX-201,0.69,0.19,0.67,0.13,0.54,0.11,0.18,30,88,Normal
1119,2026-02-16T15:00:00.000Z,jharia-open-pit,zone-b,TL-301,3.37,0.01,0.27,0.05,0.64,0.00,0.48,33,79,Normal
1120,2026-02-16T16:00:00.000Z,jharia-open-pit,zone-c,PZ-401,0.58,0.64,0.53,0.10,1.28,0.13,0.86,24,66,Normal
1121,2026-02-16T17:00:00.000Z,jharia-open-pit,zone-a,TL-301,0.70,0.45,0.68,0.04,1.47,0.10,1.15,34,62,Normal
1122,2026-02-16T18:00:00.000Z,jharia-open-pit,zone-d,EX-201,18.23,3.83,2.67,1.59,12.98,1.71,6.14,63,81,Critical
1123,2026-02-16T19:00:00.000Z,korba-west-bench,zone-d,EX-201,1.39,0.50,0.38,0.12,0.95,0.17,0.63,37,90,Normal
1124,2026-02-16T20:00:00.000Z,jharia-open-pit,zone-d,TL-301,16.30,5.61,2.82,1.14,7.61,2.22,3.55,64,83,Critical
1125,2026-02-16T21:00:00.000Z,korba-west-bench,zone-d,EX-201,12.90,4.70,4.65,1.07,10.83,1.71,4.80,57,80,Critical
1126,2026-02-16T22:00:00.000Z,singareni-s4,zone-b,SN-101,8.06,1.20,1.69,0.30,4.52,0.29,1.59,51,69,Warning
1127,2026-02-16T23:00:00.000Z,jharia-open-pit,zone-b,SN-102,21.36,6.01,3.24,1.28,5.85,1.89,6.14,76,81,Critical
1128,2026-02-17T00:00:00.000Z,jharia-open-pit,zone-c,TL-301,3.14,0.38,0.33,0.00,0.77,0.05,1.17,26,66,Normal
1129,2026-02-17T01:00:00.000Z,raniganj-south-slope,zone-b,PZ-401,4.22,0.05,0.62,0.15,0.40,0.04,0.76,32,76,Normal
1130,2026-02-17T02:00:00.000Z,korba-west-bench,zone-c,EX-201,2.11,0.01,0.30,0.13,1.29,0.18,0.56,24,94,Normal
1131,2026-02-17T03:00:00.000Z,jharia-open-pit,zone-d,PZ-401,2.02,0.62,0.33,0.14,0.34,0.18,0.16,26,96,Normal
1132,2026-02-17T04:00:00.000Z,korba-west-bench,zone-d,TL-301,2.29,0.01,0.02,0.12,1.29,0.18,0.58,16,81,Normal
1133,2026-02-17T05:00:00.000Z,jharia-open-pit,zone-d,SN-101,4.12,0.37,0.75,0.14,0.10,0.13,0.39,16,82,Normal
1134,2026-02-17T06:00:00.000Z,jharia-open-pit,zone-a,SN-101,2.33,0.75,0.70,0.08,1.31,0.15,0.92,26,66,Normal
1135,2026-02-17T07:00:00.000Z,jharia-open-pit,zone-d,SN-101,14.04,2.64,4.91,0.59,7.65,1.87,2.57,58,97,Critical
1136,2026-02-17T08:00:00.000Z,korba-west-bench,zone-a,PZ-401,27.54,3.89,5.71,1.15,5.64,1.42,5.16,75,79,Critical
1137,2026-02-17T09:00:00.000Z,singareni-s4,zone-b,EX-201,9.03,1.39,1.16,0.52,2.19,0.21,2.83,63,93,Warning
1138,2026-02-17T10:00:00.000Z,korba-west-bench,zone-b,SN-102,0.44,0.76,0.66,0.14,0.21,0.00,0.38,17,62,Normal
1139,2026-02-17T11:00:00.000Z,singareni-s4,zone-c,SN-101,4.49,0.59,0.29,0.14,0.79,0.07,0.03,,94,Normal
1140,2026-02-17T12:00:00.000Z,singareni-s4,zone-b,SN-101,2.19,0.23,0.63,0.08,0.26,0.05,0.82,23,66,Normal
1141,2026-02-17T13:00:00.000Z,korba-west-bench,zone-c,SN-101,2.32,0.03,0.49,0.01,0.18,0.04,0.78,29,82,Normal
1142,2026-02-17T14:00:00.000Z,korba-west-bench,zone-a,SN-102,19.88,5.03,2.93,1.46,13.00,1.76,4.98,68,77,Critical
1143,2026-02-17T15:00:00.000Z,jharia-open-pit,zone-d,EX-201,3.66,0.56,0.45,0.03,0.79,0.05,0.42,24,95,Normal
1144,2026-02-17T16:00:00.000Z,raniganj-south-slope,zone-a,SN-102,3.00,0.31,0.35,0.05,1.26,0.20,1.13,39,85,Normal
1145,2026-02-17T17:00:00.000Z,jharia-open-pit,zone-b,PZ-401,1.09,0.62,0.15,0.08,0.09,0.00,0.45,33,98,Normal
1146,2026-02-17T18:00:00.000Z,raniganj-south-slope,zone-d,TL-301,8.72,1.34,0.81,0.47,3.53,0.32,1.90,49,77,Warning
1147,2026-02-17T19:00:00.000Z,singareni-s4,zone-b,EX-201,6.60,1.26,2.22,0.24,1.77,0.50,2.52,61,93,Warning
1148,2026-02-17T20:00:00.000Z,korba-west-bench,zone-a,EX-201,4.15,0.57,0.00,0.07,0.46,0.04,0.12,38,63,Normal
1149,2026-02-17T21:00:00.000Z,jharia-open-pit,zone-a,SN-102,3.42,0.48,0.69,0.14,1.45,0.10,0.10,38,69,Normal
1150,2026-02-17T22:00:00.000Z,korba-west-bench,zone-c,PZ-401,2.90,0.38,0.25,0.14,0.49,0.19,0.75,22,90,Normal
1151,2026-02-17T23:00:00.000Z,jharia-open-pit,zone-d,SN-101,7.30,1.26,2.13,0.39,4.14,0.29,2.10,53,65,Warning
1152,2026-02-18T00:00:00.000Z,singareni-s4,zone-b,SN-101,11.11,2.32,1.26,0.44,3.92,0.26,2.01,54,60,Warning
1153,2026-02-18T01:00:00.000Z,singareni-s4,zone-c,SN-101,2.16,0.19,0.37,0.04,0.88,0.09,1.19,21,90,Normal
1154,2026-02-18T02:00:00.000Z,raniganj-south-slope,zone-b,PZ-401,1.64,0.65,0.54,0.05,0.00,0.01,1.10,24,70,Normal
1155,2026-02-18T03:00:00.000Z,singareni-s4,zone-c,SN-102,12.09,4.99,3.62,0.63,9.11,1.39,3.65,92,88,Critical
1156,2026-02-18T04:00:00.000Z,jharia-open-pit,zone-a,SN-101,11.25,1.88,1.26,0.44,2.83,0.29,1.89,37,61,Warning
1157,2026-02-18T05:00:00.000Z,jharia-open-pit,zone-d,SN-101,2.87,0.58,0.58,0.10,0.87,0.13,0.99,17,72,Normal
1158,2026-02-18T06:00:00.000Z,singareni-s4,zone-b,TL-301,4.36,0.00,0.46,0.04,0.90,0.17,0.31,38,67,Normal
1159,2026-02-18T07:00:00.000Z,singareni-s4,zone-a,TL-301,2.44,0.23,0.05,0.08,1.31,0.17,0.68,19,94,Normal
1160,2026-02-18T08:00:00.000Z,jharia-open-pit,zone-a,TL-301,3.01,0.05,0.17,0.02,1.09,0.16,0.14,28,80,Normal
1161,2026-02-18T09:00:00.000Z,raniganj-south-slope,zone-d,SN-101,3.39,0.11,0.25,0.02,0.32,0.18,0.08,28,99,Normal
1162,2026-02-18T10:00:00.000Z,raniganj-south-slope,zone-d,PZ-401,1.25,0.67,0.61,0.03,1.12,0.01,0.07,29,90,Normal
1163,2026-02-18T11:00:00.000Z,jharia-open-pit,zone-d,SN-102,1.80,0.55,0.54,0.02,0.44,0.05,0.90,21,92,Normal
1164,2026-02-18T12:00:00.000Z,raniganj-south-slope,zone-a,SN-101,10.19,1.75,2.45,0.36,4.42,0.51,1.64,55,71,Warning
1165,2026-02-18T13:00:00.000Z,korba-west-bench,zone-b,SN-101,4.18,0.17,0.09,0.01,0.70,0.15,0.80,32,83,Normal
1166,2026-02-18T14:00:00.000Z,korba-west-bench,zone-a,SN-102,5.99,1.24,2.36,0.25,3.02,0.42,1.95,36,74,Warning
1167,2026-02-18T15:00:00.000Z,singareni-s4,zone-a,TL-301,0.24,0.71,0.47,0.05,0.75,0.02,0.34,20,61,Normal
1168,2026-02-18T16:00:00.000Z,korba-west-bench,zone-c,PZ-401,3.91,0.61,0.66,0.13,0.24,0.12,0.53,22,60,Normal
1169,2026-02-18T17:00:00.000Z,jharia-open-pit,zone-d,SN-101,11.01,2.14,1.78,0.51,3.09,0.61,1.25,45,72,Warning
1170,2026-02-18T18:00:00.000Z,jharia-open-pit,zone-d,SN-102,5.17,1.74,1.23,0.55,1.62,0.64,1.54,53,86,Warning
1171,2026-02-18T19:00:00.000Z,raniganj-south-slope,zone-c,PZ-401,6.04,0.94,1.19,0.27,2.45,0.26,1.46,53,73,Warning
1172,2026-02-18T20:00:00.000Z,jharia-open-pit,zone-c,SN-102,5.18,1.11,1.11,0.19,2.46,0.62,2.66,41,97,Warning
1173,2026-02-18T21:00:00.000Z,singareni-s4,zone-a,SN-102,2.07,0.52,0.65,0.02,0.25,0.01,0.43,16,81,Normal
1174,2026-02-18T22:00:00.000Z,raniganj-south-slope,zone-d,PZ-401,3.99,0.39,0.80,0.11,1.07,0.19,0.40,21,86,Normal
1175,2026-02-18T23:00:00.000Z,jharia-open-pit,zone-d,EX-201,0.58,0.48,0.17,0.02,0.44,0.00,0.10,33,94,Normal
1176,2026-02-19T00:00:00.000Z,singareni-s4,zone-a,EX-201,2.78,0.23,0.27,0.05,1.06,0.01,0.74,19,92,Normal
1177,2026-02-19T01:00:00.000Z,raniganj-south-slope,zone-b,EX-201,2.95,0.24,0.76,0.04,1.12,0.00,0.10,38,75,Normal
1178,2026-02-19T02:00:00.000Z,raniganj-south-slope,zone-b,PZ-401,0.21,0.71,0.25,0.09,1.34,0.01,0.13,19,63,Normal
1179,2026-02-19T03:00:00.000Z,korba-west-bench,zone-d,PZ-401,1.75,0.55,0.25,0.02,0.94,0.01,0.52,36,66,Normal
1180,2026-02-19T04:00:00.000Z,singareni-s4,zone-b,SN-101,5.85,2.11,2.27,0.42,3.67,0.75,1.22,48,63,Warning
1181,2026-02-19T05:00:00.000Z,singareni-s4,zone-c,TL-301,0.74,0.70,0.61,0.07,0.11,0.17,0.83,21,72,Normal
1182,2026-02-19T06:00:00.000Z,singareni-s4,zone-b,EX-201,0.79,0.80,0.27,0.02,0.63,0.11,1.07,17,71,Normal
1183,2026-02-19T07:00:00.000Z,jharia-open-pit,zone-d,TL-301,1.47,0.28,0.44,0.06,0.03,0.08,1.00,37,71,Normal
1184,2026-02-19T08:00:00.000Z,singareni-s4,zone-a,PZ-401,4.02,0.61,0.50,0.01,1.41,0.07,0.93,35,78,Normal
1185,2026-02-19T09:00:00.000Z,raniganj-south-slope,zone-b,TL-301,7.31,1.13,1.72,0.49,3.24,0.72,1.83,47,76,Warning
1186,2026-02-19T10:00:00.000Z,singareni-s4,zone-b,SN-101,3.95,0.52,0.15,0.02,0.12,0.10,0.87,36,93,Normal
1187,2026-02-19T11:00:00.000Z,korba-west-bench,zone-b,TL-301,2.89,0.33,0.04,0.06,0.30,0.18,1.09,39,65,Normal
1188,2026-02-19T12:00:00.000Z,singareni-s4,zone-d,EX-201,3.14,0.63,0.07,0.08,0.04,0.19,0.75,35,96,Normal
1189,2026-02-19T13:00:00.000Z,raniganj-south-slope,zone-a,SN-101,4.35,0.09,0.27,0.14,0.57,0.08,0.07,29,65,Normal
1190,2026-02-19T14:00:00.000Z,raniganj-south-slope,zone-d,EX-201,3.51,0.71,0.09,0.04,1.01,0.09,1.08,18,86,Normal
1191,2026-02-19T15:00:00.000Z,raniganj-south-slope,zone-b,PZ-401,11.15,1.57,1.68,0.22,4.01,0.34,2.29,37,70,Warning
1192,2026-02-19T16:00:00.000Z,korba-west-bench,zone-b,SN-101,0.91,0.50,0.79,0.07,1.44,0.14,0.29,18,65,Normal
1193,2026-02-19T17:00:00.000Z,raniganj-south-slope,zone-a,SN-101,8.61,0.98,1.73,0.23,2.98,0.63,2.87,47,89,Warning
1194,2026-02-19T18:00:00.000Z,jharia-open-pit,zone-a,SN-102,29.35,4.78,3.67,1.55,6.84,1.56,6.01,62,65,Critical
1195,2026-02-19T19:00:00.000Z,singareni-s4,zone-c,EX-201,4.34,0.11,0.50,0.06,1.29,0.08,0.81,27,90,Normal
1196,2026-02-19T20:00:00.000Z,korba-west-bench,zone-c,SN-101,18.63,2.58,4.19,1.69,9.70,1.38,2.58,83,82,Critical
1197,2026-02-19T21:00:00.000Z,korba-west-bench,zone-b,PZ-401,3.10,0.47,0.13,0.08,0.53,0.05,1.06,16,71,Normal
1198,2026-02-19T22:00:00.000Z,jharia-open-pit,zone-c,SN-101,1.51,0.72,0.56,0.08,0.14,0.07,0.94,22,83,Normal
1199,2026-02-19T23:00:00.000Z,jharia-open-pit,zone-d,SN-101,10.46,1.79,0.93,0.30,2.71,0.39,2.63,55,86,Warning
1200,2026-02-20T00:00:00.000Z,raniganj-south-slope,zone-c,SN-102,4.09,0.49,0.08,0.04,0.24,0.18,1.16,34,69,Normal
1201,2026-02-20T01:00:00.000Z,jharia-open-pit,zone-d,PZ-401,1.02,0.71,0.65,0.06,0.18,0.17,0.44,34,94,Normal
1202,2026-02-20T02:00:00.000Z,jharia-open-pit,zone-d,EX-201,23.66,5.68,5.81,1.64,7.88,2.27,6.30,89,94,Critical
1203,2026-02-20T03:00:00.000Z,jharia-open-pit,zone-b,EX-201,0.76,0.68,0.19,0.09,0.37,0.14,1.20,36,82,Normal
1204,2026-02-20T04:00:00.000Z,raniganj-south-slope,zone-b,TL-301,4.32,0.57,0.24,0.01,1.04,0.04,0.97,21,61,Normal
1205,2026-02-20T05:00:00.000Z,jharia-open-pit,zone-b,SN-102,11.46,1.49,0.84,0.18,4.29,0.41,2.19,54,92,Warning
1206,2026-02-20T06:00:00.000Z,korba-west-bench,zone-b,PZ-401,9.89,1.11,2.08,0.16,2.41,0.68,2.79,46,79,Warning
1207,2026-02-20T07:00:00.000Z,korba-west-bench,zone-c,PZ-401,17.56,6.52,2.84,0.77,10.66,2.09,4.80,80,76,Critical
1208,2026-02-20T08:00:00.000Z,jharia-open-pit,zone-a,TL-301,25.88,4.77,3.83,1.57,12.27,1.30,3.42,89,75,Critical
1209,2026-02-20T09:00:00.000Z,korba-west-bench,zone-b,EX-201,5.87,1.51,1.32,0.48,2.68,0.68,1.47,49,68,Warning
1210,2026-02-20T10:00:00.000Z,korba-west-bench,zone-a,PZ-401,6.67,1.26,1.54,0.55,3.33,0.71,1.41,50,78,Warning
1211,2026-02-20T11:00:00.000Z,jharia-open-pit,zone-c,EX-201,19.44,3.67,5.76,1.24,6.16,2.38,3.07,71,61,Critical
1212,2026-02-20T12:00:00.000Z,singareni-s4,zone-a,TL-301,3.88,0.06,0.04,0.07,1.18,0.05,1.12,27,73,Normal
1213,2026-02-20T13:00:00.000Z,singareni-s4,zone-c,TL-301,2.73,0.16,0.54,0.04,0.43,0.12,0.17,22,61,Normal
1214,2026-02-20T14:00:00.000Z,raniganj-south-slope,zone-c,PZ-401,9.81,2.39,1.79,0.23,3.60,0.54,1.88,51,61,Warning
1215,2026-02-20T15:00:00.000Z,raniganj-south-slope,zone-d,PZ-401,2.01,0.23,0.08,0.08,0.90,0.12,0.19,26,60,Normal
1216,2026-02-20T16:00:00.000Z,jharia-open-pit,zone-c,SN-102,2.47,0.02,0.70,0.11,0.13,0.16,,18,65,Normal
1217,2026-02-20T17:00:00.000Z,korba-west-bench,zone-c,SN-101,5.71,2.05,1.44,0.36,2.18,0.48,2.18,56,71,Warning
1218,2026-02-20T18:00:00.000Z,raniganj-south-slope,zone-c,PZ-401,2.01,0.21,0.09,0.03,0.71,0.11,0.88,25,98,Normal
1219,2026-02-20T19:00:00.000Z,korba-west-bench,zone-a,TL-301,3.89,0.27,0.21,0.10,0.77,0.09,0.94,24,79,Normal
1220,2026-02-20T20:00:00.000Z,singareni-s4,zone-d,SN-101,1.59,0.62,0.28,0.13,1.12,0.08,0.13,22,83,Normal
1221,2026-02-20T21:00:00.000Z,jharia-open-pit,zone-c,SN-101,4.13,0.33,0.07,0.09,1.15,0.11,0.85,29,75,Normal
1222,2026-02-20T22:00:00.000Z,raniganj-south-slope,zone-b,TL-301,3.06,0.78,0.34,0.05,1.26,0.14,0.94,35,72,Normal
1223,2026-02-20T23:00:00.000Z,korba-west-bench,zone-a,EX-201,2.01,0.22,0.48,0.01,0.22,0.02,0.93,23,65,Normal
1224,2026-02-21T00:00:00.000Z,singareni-s4,zone-c,TL-301,1.88,0.13,0.06,0.13,1.36,0.18,1.08,23,81,Normal
1225,2026-02-21T01:00:00.000Z,singareni-s4,zone-b,PZ-401,27.91,4.02,3.13,0.92,11.94,1.16,4.41,83,86,Critical
1226,2026-02-21T02:00:00.000Z,jharia-open-pit,zone-d,TL-301,1.07,0.23,0.30,0.12,0.98,0.18,0.82,35,84,Normal
1227,2026-02-21T03:00:00.000Z,raniganj-south-slope,zone-c,EX-201,1.90,0.67,0.67,0.13,1.43,0.15,0.26,31,63,Normal
1228,2026-02-21T04:00:00.000Z,korba-west-bench,zone-d,PZ-401,2.42,0.12,0.77,0.03,1.02,0.15,0.34,27,66,Normal
1229,2026-02-21T05:00:00.000Z,jharia-open-pit,zone-c,TL-301,4.05,0.54,0.23,0.13,0.96,0.04,0.61,37,98,Normal
1230,2026-02-21T06:00:00.000Z,korba-west-bench,zone-b,SN-102,11.24,2.10,1.62,0.54,1.57,0.59,1.50,63,98,Warning
1231,2026-02-21T07:00:00.000Z,jharia-open-pit,zone-d,EX-201,0.98,0.50,0.52,0.02,1.00,0.06,0.63,39,63,Normal
1232,2026-02-21T08:00:00.000Z,singareni-s4,zone-b,SN-101,4.13,0.57,0.68,0.02,1.21,0.17,0.90,29,91,Normal
1233,2026-02-21T09:00:00.000Z,raniganj-south-slope,zone-a,SN-102,3.69,0.56,0.51,0.11,1.24,0.14,0.08,33,99,Normal
1234,2026-02-21T10:00:00.000Z,korba-west-bench,zone-b,PZ-401,1.36,0.14,0.44,0.04,1.22,0.08,0.92,31,71,Normal
1235,2026-02-21T11:00:00.000Z,korba-west-bench,zone-a,TL-301,0.17,0.46,0.28,0.09,1.30,0.05,1.02,30,73,Normal
1236,2026-02-21T12:00:00.000Z,singareni-s4,zone-a,SN-102,23.14,3.31,5.24,1.11,6.72,1.44,5.08,73,75,Critical
1237,2026-02-21T13:00:00.000Z,korba-west-bench,zone-a,TL-301,24.62,6.59,4.27,1.57,6.40,0.99,4.36,71,63,Critical
1238,2026-02-21T14:00:00.000Z,singareni-s4,zone-c,SN-101,0.47,0.30,0.37,0.07,0.45,0.20,0.00,37,93,Normal
1239,2026-02-21T15:00:00.000Z,raniganj-south-slope,zone-c,SN-101,2.51,0.11,0.58,0.12,1.44,0.15,0.89,28,67,Normal
1240,2026-02-21T16:00:00.000Z,korba-west-bench,zone-a,EX-201,1.21,0.42,0.46,0.13,0.07,0.03,0.48,20,99,Normal
1241,2026-02-21T17:00:00.000Z,korba-west-bench,zone-d,EX-201,1.13,0.38,0.45,0.13,0.03,0.10,1.16,20,86,Normal
1242,2026-02-21T18:00:00.000Z,korba-west-bench,zone-c,TL-301,9.83,1.51,1.62,0.53,1.73,0.26,2.47,38,94,Warning
1243,2026-02-21T19:00:00.000Z,korba-west-bench,zone-d,EX-201,1.45,0.74,0.42,0.07,0.90,0.13,0.89,37,97,Normal
1244,2026-02-21T20:00:00.000Z,jharia-open-pit,zone-c,PZ-401,2.81,0.13,0.78,0.14,0.15,0.03,0.56,29,95,Normal
1245,2026-02-21T21:00:00.000Z,jharia-open-pit,zone-d,EX-201,2.85,0.14,0.09,0.09,0.76,0.18,,30,72,Normal
1246,2026-02-21T22:00:00.000Z,jharia-open-pit,zone-d,TL-301,29.90,2.94,3.75,1.41,5.73,1.71,2.56,84,90,Critical
1247,2026-02-21T23:00:00.000Z,korba-west-bench,zone-a,TL-301,15.48,4.57,4.89,1.58,8.59,2.20,2.69,82,71,Critical
1248,2026-02-22T00:00:00.000Z,korba-west-bench,zone-a,EX-201,4.45,0.64,0.35,0.14,0.17,0.14,0.97,21,74,Normal
1249,2026-02-22T01:00:00.000Z,raniganj-south-slope,zone-d,EX-201,9.44,1.90,1.85,0.50,3.52,0.22,1.91,40,87,Warning
1250,2026-02-22T02:00:00.000Z,jharia-open-pit,zone-b,SN-102,7.45,1.31,2.48,0.16,2.24,0.54,1.98,47,78,Warning
1251,2026-02-22T03:00:00.000Z,jharia-open-pit,zone-b,SN-102,29.53,5.04,4.02,0.82,4.86,2.33,3.14,86,89,Critical
1252,2026-02-22T04:00:00.000Z,raniganj-south-slope,zone-d,EX-201,1.92,0.01,0.49,0.01,0.04,0.13,0.82,30,92,Normal
1253,2026-02-22T05:00:00.000Z,singareni-s4,zone-d,SN-102,10.32,1.18,2.31,0.49,2.35,0.38,1.85,44,68,Warning
1254,2026-02-22T06:00:00.000Z,jharia-open-pit,zone-c,PZ-401,5.58,2.27,1.38,0.28,4.19,0.62,1.94,38,92,Warning
1255,2026-02-22T07:00:00.000Z,singareni-s4,zone-a,TL-301,4.50,0.48,0.69,0.00,0.87,0.01,0.15,34,94,Normal
1256,2026-02-22T08:00:00.000Z,jharia-open-pit,zone-b,SN-101,3.92,0.79,0.31,0.14,0.48,0.06,0.04,32,79,Normal
1257,2026-02-22T09:00:00.000Z,jharia-open-pit,zone-a,PZ-401,19.25,3.40,4.15,1.35,5.50,2.12,3.66,92,78,Critical
1258,2026-02-22T10:00:00.000Z,korba-west-bench,zone-b,PZ-401,3.16,0.05,0.04,0.02,0.31,0.00,0.79,33,60,Normal
1259,2026-02-22T11:00:00.000Z,korba-west-bench,zone-d,EX-201,20.94,2.95,4.67,0.92,6.36,1.56,4.34,88,81,Critical
1260,2026-02-22T12:00:00.000Z,korba-west-bench,zone-d,SN-102,28.41,4.83,4.21,0.74,12.08,1.90,5.25,63,60,Critical
1261,2026-02-22T13:00:00.000Z,raniganj-south-slope,zone-c,EX-201,24.42,3.35,4.07,0.71,6.67,0.95,5.52,93,67,Critical
1262,2026-02-22T14:00:00.000Z,raniganj-south-slope,zone-c,SN-102,4.41,0.19,0.29,0.01,0.88,0.17,0.08,26,71,Normal
1263,2026-02-22T15:00:00.000Z,korba-west-bench,zone-a,SN-102,1.98,0.15,0.13,0.13,0.15,0.02,0.66,38,86,Normal
1264,2026-02-22T16:00:00.000Z,korba-west-bench,zone-c,SN-102,8.52,1.53,2.45,0.47,1.75,0.69,1.54,62,99,Warning
1265,2026-02-22T17:00:00.000Z,jharia-open-pit,zone-a,PZ-401,25.75,3.82,5.48,1.08,11.93,1.18,4.88,83,98,Critical
1266,2026-02-22T18:00:00.000Z,jharia-open-pit,zone-c,EX-201,3.74,0.01,0.53,0.10,1.41,0.08,0.45,34,95,Normal
1267,2026-02-22T19:00:00.000Z,jharia-open-pit,zone-c,SN-102,0.96,0.33,0.34,0.08,0.10,0.15,0.42,27,73,Normal
1268,2026-02-22T20:00:00.000Z,korba-west-bench,zone-d,SN-101,0.67,0.47,0.15,0.09,0.53,0.06,0.02,24,67,Normal
1269,2026-02-22T21:00:00.000Z,raniganj-south-slope,zone-a,EX-201,3.63,0.31,0.32,0.04,1.03,0.14,0.57,36,71,Normal
1270,2026-02-22T22:00:00.000Z,raniganj-south-slope,zone-b,PZ-401,9.04,1.26,1.60,0.30,3.84,0.22,1.97,40,81,Warning
1271,2026-02-22T23:00:00.000Z,jharia-open-pit,zone-b,SN-102,6.59,1.96,0.84,0.35,2.82,0.21,1.97,57,65,Warning
1272,2026-02-23T00:00:00.000Z,jharia-open-pit,zone-d,PZ-401,0.35,0.18,0.00,0.06,1.35,0.08,0.97,17,76,Normal
1273,2026-02-23T01:00:00.000Z,singareni-s4,zone-a,SN-101,1.15,0.62,0.55,0.02,0.03,0.08,1.04,35,74,Normal
1274,2026-02-23T02:00:00.000Z,korba-west-bench,zone-b,SN-102,6.00,1.24,1.70,0.58,3.58,0.57,2.13,42,72,Warning
1275,2026-02-23T03:00:00.000Z,korba-west-bench,zone-b,EX-201,6.07,0.97,1.62,0.58,3.25,0.74,1.31,47,74,Warning
1276,2026-02-23T04:00:00.000Z,korba-west-bench,zone-b,SN-101,2.22,0.15,0.07,0.05,0.58,0.10,0.16,20,67,Normal
1277,2026-02-23T05:00:00.000Z,singareni-s4,zone-b,SN-102,1.72,0.45,0.71,0.13,0.12,0.13,0.25,18,64,Normal
1278,2026-02-23T06:00:00.000Z,raniganj-south-slope,zone-b,EX-201,2.34,0.67,0.71,0.00,0.70,0.03,0.10,20,88,Normal
1279,2026-02-23T07:00:00.000Z,jharia-open-pit,zone-b,SN-102,3.76,0.46,0.03,0.06,1.44,0.07,0.73,22,75,Normal
1280,2026-02-23T08:00:00.000Z,jharia-open-pit,zone-c,PZ-401,2.85,0.13,0.48,0.09,0.18,0.04,0.46,37,80,Normal
1281,2026-02-23T09:00:00.000Z,jharia-open-pit,zone-b,SN-102,2.19,0.55,0.65,0.04,0.49,0.15,0.89,32,67,Normal
1282,2026-02-23T10:00:00.000Z,singareni-s4,zone-b,PZ-401,9.47,1.04,1.44,0.27,3.08,0.71,1.22,60,90,Warning
1283,2026-02-23T11:00:00.000Z,raniganj-south-slope,zone-a,SN-102,9.93,2.10,1.31,0.16,2.50,0.37,2.06,46,91,Warning
1284,2026-02-23T12:00:00.000Z,singareni-s4,zone-c,SN-101,1.56,0.01,0.41,0.09,0.64,0.05,0.08,17,79,Normal
1285,2026-02-23T13:00:00.000Z,singareni-s4,zone-c,TL-301,3.18,0.25,0.26,0.07,0.25,0.11,1.07,27,61,Normal
1286,2026-02-23T14:00:00.000Z,korba-west-bench,zone-b,PZ-401,7.85,0.86,1.46,0.40,4.58,0.66,2.54,37,73,Warning
1287,2026-02-23T15:00:00.000Z,raniganj-south-slope,zone-a,EX-201,23.85,3.23,2.70,0.51,11.02,1.46,2.87,94,90,Critical
1288,2026-02-23T16:00:00.000Z,korba-west-bench,zone-d,PZ-401,6.36,0.97,1.30,0.30,4.50,0.62,2.15,37,99,Warning
1289,2026-02-23T17:00:00.000Z,jharia-open-pit,zone-a,TL-301,3.88,0.15,0.79,0.05,1.45,0.07,0.96,20,69,Normal
1290,2026-02-23T18:00:00.000Z,jharia-open-pit,zone-c,SN-102,7.26,1.77,1.65,0.22,3.62,0.69,1.81,44,97,Warning
1291,2026-02-23T19:00:00.000Z,jharia-open-pit,zone-b,SN-102,2.41,0.68,0.35,0.04,0.82,0.14,0.83,27,82,Normal
1292,2026-02-23T20:00:00.000Z,jharia-open-pit,zone-a,TL-301,8.39,1.89,1.69,0.52,1.94,0.74,2.90,50,79,Warning
1293,2026-02-23T21:00:00.000Z,raniganj-south-slope,zone-c,EX-201,1.28,0.62,0.33,0.13,0.75,0.08,1.11,33,68,Normal
1294,2026-02-23T22:00:00.000Z,jharia-open-pit,zone-b,TL-301,0.75,0.40,0.43,0.04,1.44,0.15,1.20,32,88,Normal
1295,2026-02-23T23:00:00.000Z,jharia-open-pit,zone-b,TL-301,3.08,0.35,0.32,0.01,0.90,0.15,0.25,15,66,Normal
1296,2026-02-24T00:00:00.000Z,korba-west-bench,zone-c,SN-102,3.90,0.38,0.77,0.15,0.38,0.10,0.09,19,77,Normal
1297,2026-02-24T01:00:00.000Z,singareni-s4,zone-b,SN-101,2.34,0.68,0.75,0.05,0.24,0.18,0.39,25,62,Normal
1298,2026-02-24T02:00:00.000Z,singareni-s4,zone-c,PZ-401,0.88,0.51,0.05,0.09,1.01,0.08,0.23,30,91,Normal
1299,2026-02-24T03:00:00.000Z,korba-west-bench,zone-b,SN-101,6.85,2.37,1.44,0.57,1.72,0.65,2.30,60,73,Warning
1300,2026-02-24T04:00:00.000Z,raniganj-south-slope,zone-a,PZ-401,1.04,0.52,0.67,0.14,0.17,0.16,0.88,22,96,Normal
1301,2026-02-24T05:00:00.000Z,korba-west-bench,zone-d,PZ-401,8.48,0.95,0.85,0.48,1.76,0.59,1.38,62,68,Warning
1302,2026-02-24T06:00:00.000Z,raniganj-south-slope,zone-a,SN-102,10.83,1.89,1.67,0.44,4.50,0.53,2.70,50,71,Warning
1303,2026-02-24T07:00:00.000Z,korba-west-bench,zone-a,EX-201,7.68,1.50,2.56,0.43,2.05,0.40,1.99,44,77,Warning
1304,2026-02-24T08:00:00.000Z,korba-west-bench,zone-a,SN-102,0.38,0.62,0.77,0.06,0.91,0.12,0.97,37,70,Normal
1305,2026-02-24T09:00:00.000Z,jharia-open-pit,zone-b,PZ-401,11.46,2.35,1.22,0.32,1.74,0.71,2.50,48,84,Warning
1306,2026-02-24T10:00:00.000Z,singareni-s4,zone-c,EX-201,0.57,0.21,0.32,0.06,0.53,0.19,0.07,17,61,Normal
1307,2026-02-24T11:00:00.000Z,raniganj-south-slope,zone-c,SN-101,27.02,4.13,3.61,1.62,5.30,1.65,6.21,69,86,Critical
1308,2026-02-24T12:00:00.000Z,singareni-s4,zone-d,SN-102,2.01,0.69,0.10,0.15,0.20,0.07,0.73,18,79,Normal
1309,2026-02-24T13:00:00.000Z,korba-west-bench,zone-b,SN-102,25.30,4.00,4.20,1.42,12.19,2.42,5.23,92,70,Critical
1310,2026-02-24T14:00:00.000Z,raniganj-south-slope,zone-d,TL-301,0.06,0.77,0.58,0.07,1.39,0.17,0.08,29,84,Normal
1311,2026-02-24T15:00:00.000Z,singareni-s4,zone-d,TL-301,21.69,2.92,3.58,1.01,8.18,2.44,3.13,63,87,Critical
1312,2026-02-24T16:00:00.000Z,korba-west-bench,zone-c,TL-301,2.11,0.36,0.52,0.05,1.38,0.05,1.05,39,61,Normal
1313,2026-02-24T17:00:00.000Z,raniganj-south-slope,zone-b,TL-301,18.37,2.50,5.54,0.54,9.38,2.00,4.19,62,96,Critical
1314,2026-02-24T18:00:00.000Z,jharia-open-pit,zone-b,EX-201,1.48,0.76,0.62,0.15,0.75,0.19,0.85,15,66,Normal
1315,2026-02-24T19:00:00.000Z,raniganj-south-slope,zone-c,SN-101,6.88,0.86,1.24,0.17,3.55,0.59,2.46,57,86,Warning
1316,2026-02-24T20:00:00.000Z,korba-west-bench,zone-c,SN-101,3.80,0.13,0.62,0.00,0.41,0.05,1.10,26,89,Normal
1317,2026-02-24T21:00:00.000Z,raniganj-south-slope,zone-b,SN-101,10.73,1.07,0.93,0.30,3.04,0.71,2.80,58,85,Warning
1318,2026-02-24T22:00:00.000Z,korba-west-bench,zone-c,PZ-401,4.48,0.59,0.23,0.13,0.56,0.07,0.34,26,84,Normal
1319,2026-02-24T23:00:00.000Z,korba-west-bench,zone-b,TL-301,1.65,0.07,0.13,0.12,0.04,0.12,0.36,28,95,Normal
1320,2026-02-25T00:00:00.000Z,jharia-open-pit,zone-d,SN-102,2.64,0.58,0.42,0.13,1.27,0.17,0.13,26,82,Normal
1321,2026-02-25T01:00:00.000Z,jharia-open-pit,zone-b,TL-301,3.85,0.54,0.66,0.12,1.36,0.14,0.84,23,97,Normal
1322,2026-02-25T02:00:00.000Z,singareni-s4,zone-c,SN-102,4.14,0.01,0.25,0.13,0.46,0.05,0.78,39,77,Normal
1323,2026-02-25T03:00:00.000Z,raniganj-south-slope,zone-d,SN-102,4.41,0.07,0.01,0.06,1.32,0.16,1.12,27,62,Normal
1324,2026-02-25T04:00:00.000Z,korba-west-bench,zone-a,TL-301,6.21,1.64,2.57,0.32,1.64,0.64,1.91,43,71,Warning
1325,2026-02-25T05:00:00.000Z,korba-west-bench,zone-d,SN-102,2.22,0.65,0.64,0.01,0.45,0.01,0.41,37,62,Normal
1326,2026-02-25T06:00:00.000Z,korba-west-bench,zone-d,EX-201,13.95,2.60,4.72,1.58,12.11,1.79,6.22,81,92,Critical
1327,2026-02-25T07:00:00.000Z,korba-west-bench,zone-c,SN-101,10.85,2.13,2.10,0.31,4.13,0.46,2.23,40,84,Warning
1328,2026-02-25T08:00:00.000Z,singareni-s4,zone-a,PZ-401,1.42,0.72,0.69,0.07,1.12,0.20,0.80,22,69,Normal
1329,2026-02-25T09:00:00.000Z,jharia-open-pit,zone-d,EX-201,11.19,1.52,2.33,0.28,2.75,0.25,2.60,51,92,Warning
1330,2026-02-25T10:00:00.000Z,jharia-open-pit,zone-b,TL-301,17.57,6.76,4.85,1.46,9.67,1.06,4.04,75,60,Critical
1331,2026-02-25T11:00:00.000Z,raniganj-south-slope,zone-d,SN-102,6.36,2.09,2.03,0.44,4.21,0.37,2.09,64,93,Warning
1332,2026-02-25T12:00:00.000Z,singareni-s4,zone-c,TL-301,10.46,1.91,2.60,0.33,4.29,0.39,2.12,62,99,Warning
1333,2026-02-25T13:00:00.000Z,jharia-open-pit,zone-c,EX-201,0.43,0.03,0.63,0.11,0.07,0.01,0.30,15,65,Normal
1334,2026-02-25T14:00:00.000Z,jharia-open-pit,zone-b,EX-201,10.96,2.39,2.03,0.55,4.18,0.27,2.38,35,81,Warning
1335,2026-02-25T15:00:00.000Z,korba-west-bench,zone-b,EX-201,7.34,2.37,1.97,0.32,2.72,0.43,2.45,56,71,Warning
1336,2026-02-25T16:00:00.000Z,korba-west-bench,zone-c,PZ-401,2.29,0.67,0.77,0.02,0.02,0.01,0.99,24,97,Normal
1337,2026-02-25T17:00:00.000Z,singareni-s4,zone-a,TL-301,1.68,0.67,0.05,0.04,0.39,0.16,0.69,38,78,Normal
1338,2026-02-25T18:00:00.000Z,raniganj-south-slope,zone-a,SN-102,6.33,1.03,2.02,0.57,2.35,0.27,1.69,43,89,Warning
1339,2026-02-25T19:00:00.000Z,singareni-s4,zone-a,PZ-401,0.05,0.19,0.38,0.05,1.41,0.03,0.10,20,73,Normal
1340,2026-02-25T20:00:00.000Z,korba-west-bench,zone-d,TL-301,5.33,1.31,1.71,0.57,3.21,0.34,1.68,64,93,Warning
1341,2026-02-25T21:00:00.000Z,korba-west-bench,zone-a,PZ-401,10.95,2.10,0.88,0.16,2.01,0.52,1.82,63,70,Warning
1342,2026-02-25T22:00:00.000Z,korba-west-bench,zone-c,PZ-401,2.71,0.75,0.68,0.13,0.02,0.02,0.21,32,80,Normal
1343,2026-02-25T23:00:00.000Z,korba-west-bench,zone-c,SN-102,2.79,0.53,0.14,0.13,0.12,0.07,0.03,16,72,Normal
1344,2026-02-26T00:00:00.000Z,jharia-open-pit,zone-d,SN-102,27.11,5.67,4.85,1.39,9.56,1.39,3.53,74,75,Critical
1345,2026-02-26T01:00:00.000Z,jharia-open-pit,zone-d,PZ-401,2.36,0.47,0.61,0.07,0.68,0.19,1.16,31,91,Normal
1346,2026-02-26T02:00:00.000Z,raniganj-south-slope,zone-d,EX-201,24.77,2.72,5.23,0.54,6.56,2.25,2.76,91,68,Critical
1347,2026-02-26T03:00:00.000Z,singareni-s4,zone-a,EX-201,5.12,1.10,2.26,0.26,2.63,0.56,1.54,62,92,Warning
1348,2026-02-26T04:00:00.000Z,singareni-s4,zone-c,EX-201,2.18,0.55,0.41,0.04,0.82,0.17,0.83,23,72,Normal
1349,2026-02-26T05:00:00.000Z,jharia-open-pit,zone-b,SN-101,9.25,1.45,1.02,0.49,2.61,0.73,1.60,62,67,Warning
1350,2026-02-26T06:00:00.000Z,singareni-s4,zone-a,PZ-401,22.00,3.85,4.37,0.92,6.15,2.49,4.55,76,93,Critical
1351,2026-02-26T07:00:00.000Z,raniganj-south-slope,zone-a,PZ-401,2.69,0.18,0.40,0.00,0.58,0.14,0.10,32,91,Normal
1352,2026-02-26T08:00:00.000Z,jharia-open-pit,zone-b,EX-201,25.83,3.95,5.87,1.12,11.10,1.70,4.02,58,66,Critical
1353,2026-02-26T09:00:00.000Z,jharia-open-pit,zone-d,EX-201,6.38,1.46,1.44,0.54,4.21,0.33,2.68,61,76,Warning
1354,2026-02-26T10:00:00.000Z,singareni-s4,zone-c,EX-201,2.78,0.24,0.30,0.08,0.89,0.03,0.13,32,63,Normal
1355,2026-02-26T11:00:00.000Z,jharia-open-pit,zone-b,SN-101,24.58,5.86,3.50,1.04,11.86,2.33,5.24,76,99,Critical
1356,2026-02-26T12:00:00.000Z,singareni-s4,zone-d,TL-301,3.80,0.31,0.63,0.13,0.03,0.06,1.01,26,95,Normal
1357,2026-02-26T13:00:00.000Z,singareni-s4,zone-b,SN-102,9.40,1.82,1.10,0.31,3.03,0.60,1.84,45,71,Warning
1358,2026-02-26T14:00:00.000Z,raniganj-south-slope,zone-a,PZ-401,0.60,0.49,0.01,0.04,0.59,0.08,0.65,37,73,Normal
1359,2026-02-26T15:00:00.000Z,raniganj-south-slope,zone-b,PZ-401,8.07,0.82,0.95,0.54,4.41,0.72,1.93,38,89,Warning
1360,2026-02-26T16:00:00.000Z,jharia-open-pit,zone-a,TL-301,10.39,1.37,2.44,0.19,3.39,0.61,2.40,37,82,Warning
1361,2026-02-26T17:00:00.000Z,raniganj-south-slope,zone-c,TL-301,1.98,0.35,0.64,0.00,0.24,0.15,0.65,39,86,Normal
1362,2026-02-26T18:00:00.000Z,singareni-s4,zone-c,SN-102,8.75,1.63,2.20,0.42,2.04,0.33,2.11,56,70,Warning
1363,2026-02-26T19:00:00.000Z,raniganj-south-slope,zone-b,EX-201,12.71,3.38,5.70,1.36,12.67,1.65,4.00,69,86,Critical
1364,2026-02-26T20:00:00.000Z,jharia-open-pit,zone-c,SN-102,9.87,1.58,2.16,0.59,2.01,0.46,1.84,55,69,Warning
1365,2026-02-26T21:00:00.000Z,jharia-open-pit,zone-a,PZ-401,0.98,0.59,0.26,0.07,1.41,0.09,0.27,21,77,Normal
1366,2026-02-26T22:00:00.000Z,raniganj-south-slope,zone-d,SN-101,0.97,0.77,0.11,0.01,1.34,0.12,0.82,29,65,Normal
1367,2026-02-26T23:00:00.000Z,jharia-open-pit,zone-a,EX-201,18.89,5.55,5.61,1.33,9.85,2.13,3.80,91,78,Critical
1368,2026-02-27T00:00:00.000Z,jharia-open-pit,zone-a,PZ-401,3.25,0.01,0.60,0.08,0.03,0.07,0.80,23,69,Normal
1369,2026-02-27T01:00:00.000Z,singareni-s4,zone-a,TL-301,6.21,2.20,0.85,0.55,3.73,0.48,1.93,39,73,Warning
1370,2026-02-27T02:00:00.000Z,singareni-s4,zone-b,PZ-401,4.01,0.71,0.26,0.14,0.28,0.12,0.59,34,65,Normal
1371,2026-02-27T03:00:00.000Z,korba-west-bench,zone-d,EX-201,9.14,0.86,0.84,0.26,1.91,0.30,1.26,50,69,Warning
1372,2026-02-27T04:00:00.000Z,singareni-s4,zone-c,SN-101,4.35,0.00,0.39,0.10,1.22,0.18,0.76,20,84,Normal
1373,2026-02-27T05:00:00.000Z,raniganj-south-slope,zone-d,PZ-401,4.45,0.01,0.30,0.09,0.69,0.10,0.97,39,72,Normal
1374,2026-02-27T06:00:00.000Z,jharia-open-pit,zone-b,TL-301,1.16,0.33,0.15,0.09,1.28,0.08,0.45,34,72,Normal
1375,2026-02-27T07:00:00.000Z,raniganj-south-slope,zone-d,SN-101,0.05,0.61,0.35,0.08,1.45,0.03,0.38,25,79,Normal
1376,2026-02-27T08:00:00.000Z,korba-west-bench,zone-d,SN-102,3.19,0.71,0.79,0.00,0.05,0.14,0.95,26,79,Normal
1377,2026-02-27T09:00:00.000Z,jharia-open-pit,zone-c,EX-201,3.19,0.72,0.69,0.10,0.64,0.17,0.03,20,83,Normal
1378,2026-02-27T10:00:00.000Z,raniganj-south-slope,zone-c,SN-102,3.21,0.02,0.47,0.09,0.96,0.12,0.45,35,71,Normal
1379,2026-02-27T11:00:00.000Z,raniganj-south-slope,zone-b,EX-201,1.83,0.28,0.20,0.02,0.80,0.04,0.35,22,98,Normal
1380,2026-02-27T12:00:00.000Z,korba-west-bench,zone-c,SN-102,19.53,6.51,4.48,0.53,12.16,1.01,4.64,63,84,Critical
1381,2026-02-27T13:00:00.000Z,jharia-open-pit,zone-c,SN-102,1.86,0.76,0.65,0.03,0.29,0.10,0.15,21,84,Normal
1382,2026-02-27T14:00:00.000Z,singareni-s4,zone-d,PZ-401,23.78,3.50,5.32,0.81,5.87,2.48,3.51,69,85,Critical
1383,2026-02-27T15:00:00.000Z,jharia-open-pit,zone-a,SN-101,10.26,1.79,1.07,0.37,1.94,0.21,1.70,60,70,Warning
1384,2026-02-27T16:00:00.000Z,jharia-open-pit,zone-d,TL-301,2.47,0.41,0.64,0.01,1.22,0.10,0.49,28,71,Normal
1385,2026-02-27T17:00:00.000Z,korba-west-bench,zone-b,SN-102,12.38,3.14,5.75,1.19,8.09,1.62,5.70,57,88,Critical
1386,2026-02-27T18:00:00.000Z,korba-west-bench,zone-a,SN-101,3.58,0.61,0.43,0.00,0.93,0.09,0.16,37,90,Normal
1387,2026-02-27T19:00:00.000Z,jharia-open-pit,zone-d,EX-201,3.04,0.39,0.27,0.06,1.42,0.12,0.95,26,69,Normal
1388,2026-02-27T20:00:00.000Z,raniganj-south-slope,zone-c,SN-101,6.57,1.68,1.69,0.40,4.45,0.53,1.58,56,99,Warning
1389,2026-02-27T21:00:00.000Z,singareni-s4,zone-b,SN-102,3.67,0.03,0.59,0.06,1.19,0.10,0.46,25,79,Normal
1390,2026-02-27T22:00:00.000Z,raniganj-south-slope,zone-a,SN-102,1.24,0.02,0.18,0.06,1.26,0.02,0.71,30,94,Normal
1391,2026-02-27T23:00:00.000Z,korba-west-bench,zone-a,SN-101,0.64,0.68,0.30,0.08,1.02,0.05,0.47,37,67,Normal
1392,2026-02-28T00:00:00.000Z,korba-west-bench,zone-a,EX-201,4.10,0.27,0.34,0.05,1.43,0.20,0.21,38,87,Normal
1393,2026-02-28T01:00:00.000Z,jharia-open-pit,zone-b,SN-102,0.83,0.32,0.75,0.00,0.57,0.13,0.63,21,75,Normal
1394,2026-02-28T02:00:00.000Z,singareni-s4,zone-b,TL-301,8.98,2.09,1.45,0.19,2.19,0.58,1.99,47,62,Warning
1395,2026-02-28T03:00:00.000Z,korba-west-bench,zone-a,SN-101,3.63,0.57,0.16,0.08,0.96,0.01,1.02,17,67,Normal
1396,2026-02-28T04:00:00.000Z,jharia-open-pit,zone-c,SN-102,28.60,4.43,2.73,1.26,9.37,0.93,5.94,60,61,Critical
1397,2026-02-28T05:00:00.000Z,raniganj-south-slope,zone-b,SN-102,10.10,1.30,2.35,0.24,3.53,0.65,2.86,62,80,Warning
1398,2026-02-28T06:00:00.000Z,korba-west-bench,zone-a,TL-301,1.47,0.28,0.14,0.05,0.06,0.15,0.98,37,71,Normal
1399,2026-02-28T07:00:00.000Z,jharia-open-pit,zone-b,SN-101,11.27,2.36,2.24,0.33,2.83,0.35,1.86,49,62,Warning
1400,2026-02-28T08:00:00.000Z,raniganj-south-slope,zone-d,SN-102,1.77,0.03,0.19,0.04,0.02,0.16,0.95,19,73,Normal
1401,2026-02-28T09:00:00.000Z,jharia-open-pit,zone-b,SN-102,3.98,0.75,0.03,0.01,0.93,0.04,0.85,18,77,Normal
1402,2026-02-28T10:00:00.000Z,raniganj-south-slope,zone-a,SN-101,3.01,0.68,0.11,0.08,0.63,0.15,0.35,35,72,Normal
1403,2026-02-28T11:00:00.000Z,korba-west-bench,zone-d,SN-101,2.84,0.32,0.44,0.00,0.05,0.04,0.22,20,94,Normal
1404,2026-02-28T12:00:00.000Z,jharia-open-pit,zone-b,TL-301,10.40,1.88,0.92,0.35,2.51,0.25,1.96,50,77,Warning
1405,2026-02-28T13:00:00.000Z,raniganj-south-slope,zone-a,PZ-401,3.27,0.65,0.38,0.06,0.33,0.13,0.17,16,71,Normal
1406,2026-02-28T14:00:00.000Z,raniganj-south-slope,zone-b,PZ-401,9.80,1.74,2.22,0.38,2.00,0.34,1.96,54,77,Warning
1407,2026-02-28T15:00:00.000Z,jharia-open-pit,zone-c,SN-102,6.43,0.81,1.20,0.24,1.84,0.54,2.50,50,66,Warning
1408,2026-02-28T16:00:00.000Z,jharia-open-pit,zone-b,SN-102,1.91,0.25,0.18,0.13,0.81,0.19,0.57,22,67,Normal
1409,2026-02-28T17:00:00.000Z,singareni-s4,zone-a,SN-102,1.70,0.25,0.18,0.09,0.60,0.20,0.12,37,67,Normal
1410,2026-02-28T18:00:00.000Z,raniganj-south-slope,zone-a,PZ-401,10.38,2.28,2.37,0.52,3.96,0.43,2.67,40,66,Warning
1411,2026-02-28T19:00:00.000Z,korba-west-bench,zone-d,PZ-401,13.68,6.79,4.55,1.56,6.81,2.14,6.27,62,62,Critical
1412,2026-02-28T20:00:00.000Z,korba-west-bench,zone-b,SN-101,21.85,2.82,4.14,1.26,12.58,2.21,5.86,90,96,Critical
1413,2026-02-28T21:00:00.000Z,korba-west-bench,zone-b,PZ-401,2.49,0.31,0.22,0.13,0.84,0.16,0.27,35,93,Normal
1414,2026-02-28T22:00:00.000Z,jharia-open-pit,zone-d,EX-201,24.31,4.40,4.72,1.62,12.47,2.34,3.06,86,97,Critical
1415,2026-02-28T23:00:00.000Z,raniganj-south-slope,zone-b,SN-102,0.29,0.62,0.77,0.05,1.23,0.18,0.71,20,93,Normal
1416,2026-03-01T00:00:00.000Z,korba-west-bench,zone-d,PZ-401,3.59,0.43,0.78,0.02,0.66,0.09,0.66,25,64,Normal
1417,2026-03-01T01:00:00.000Z,raniganj-south-slope,zone-d,TL-301,1.87,0.60,0.79,0.14,0.04,0.07,0.96,34,67,Normal
1418,2026-03-01T02:00:00.000Z,raniganj-south-slope,zone-c,SN-101,2.11,0.35,0.23,0.02,1.36,0.04,0.59,38,67,Normal
1419,2026-03-01T03:00:00.000Z,korba-west-bench,zone-a,EX-201,2.93,0.05,0.07,0.10,1.23,0.13,0.48,19,70,Normal
1420,2026-03-01T04:00:00.000Z,jharia-open-pit,zone-c,SN-101,0.79,0.28,0.69,0.07,1.25,0.18,0.57,38,96,Normal
1421,2026-03-01T05:00:00.000Z,korba-west-bench,zone-b,SN-101,0.23,0.62,0.71,0.14,1.06,0.14,0.37,30,97,Normal
1422,2026-03-01T06:00:00.000Z,raniganj-south-slope,zone-d,EX-201,6.10,1.42,1.49,0.30,1.82,0.42,2.01,55,97,Warning
1423,2026-03-01T07:00:00.000Z,korba-west-bench,zone-d,TL-301,29.58,5.21,3.41,1.31,5.89,1.07,4.24,60,79,Critical
1424,2026-03-01T08:00:00.000Z,singareni-s4,zone-a,PZ-401,10.78,0.83,2.48,0.16,4.10,0.53,1.81,46,75,Warning
1425,2026-03-01T09:00:00.000Z,singareni-s4,zone-c,TL-301,0.01,0.47,0.77,0.15,0.76,0.08,0.37,19,61,Normal
1426,2026-03-01T10:00:00.000Z,raniganj-south-slope,zone-d,TL-301,6.66,1.51,2.44,0.36,4.23,0.74,2.08,59,81,Warning
1427,2026-03-01T11:00:00.000Z,raniganj-south-slope,zone-c,PZ-401,8.91,2.26,0.96,0.50,4.07,0.67,1.97,53,67,Warning
1428,2026-03-01T12:00:00.000Z,singareni-s4,zone-c,EX-201,15.76,5.48,3.54,1.39,5.48,2.01,4.57,62,62,Critical
1429,2026-03-01T13:00:00.000Z,singareni-s4,zone-d,PZ-401,5.48,1.75,2.46,0.35,2.95,0.63,2.67,41,82,Warning
1430,2026-03-01T14:00:00.000Z,korba-west-bench,zone-a,SN-101,10.50,2.20,1.80,0.57,2.27,0.38,,55,81,Warning
1431,2026-03-01T15:00:00.000Z,korba-west-bench,zone-c,SN-101,2.16,0.07,0.15,0.07,1.28,0.03,1.04,29,85,Normal
1432,2026-03-01T16:00:00.000Z,raniganj-south-slope,zone-a,SN-101,3.48,0.40,0.75,0.13,0.03,0.12,0.69,,90,Normal
1433,2026-03-01T17:00:00.000Z,korba-west-bench,zone-b,SN-102,7.01,0.97,0.82,0.40,1.89,0.67,1.74,36,95,Warning
1434,2026-03-01T18:00:00.000Z,singareni-s4,zone-b,EX-201,1.79,0.71,0.54,0.11,1.42,0.00,0.32,33,67,Normal
1435,2026-03-01T19:00:00.000Z,jharia-open-pit,zone-b,PZ-401,0.97,0.20,0.07,0.03,0.27,0.13,0.43,36,71,Normal
1436,2026-03-01T20:00:00.000Z,korba-west-bench,zone-b,EX-201,1.78,0.03,0.66,0.13,0.24,0.07,0.66,33,75,Normal
1437,2026-03-01T21:00:00.000Z,raniganj-south-slope,zone-a,SN-102,3.99,0.52,0.27,0.13,0.92,0.01,0.51,35,81,Normal
1438,2026-03-01T22:00:00.000Z,korba-west-bench,zone-a,PZ-401,1.66,0.10,0.21,0.10,0.77,0.19,0.28,39,85,Normal
1439,2026-03-01T23:00:00.000Z,singareni-s4,zone-a,PZ-401,0.16,0.10,0.44,0.09,1.20,0.08,0.41,37,77,Normal
1440,2026-03-02T00:00:00.000Z,raniganj-south-slope,zone-a,TL-301,1.94,0.49,0.70,0.09,1.40,0.12,1.20,17,81,Normal
1441,2026-03-02T01:00:00.000Z,raniganj-south-slope,zone-d,SN-101,4.19,0.19,0.79,0.03,0.84,0.00,0.48,30,74,Normal
1442,2026-03-02T02:00:00.000Z,korba-west-bench,zone-a,SN-101,2.23,0.23,0.09,0.09,0.95,0.16,0.24,31,85,Normal
1443,2026-03-02T03:00:00.000Z,singareni-s4,zone-c,SN-101,2.38,0.72,0.79,0.15,0.43,0.11,0.75,31,81,Normal
1444,2026-03-02T04:00:00.000Z,jharia-open-pit,zone-a,TL-301,0.56,0.24,0.61,0.02,0.22,0.08,0.67,28,63,Normal
1445,2026-03-02T05:00:00.000Z,korba-west-bench,zone-b,PZ-401,0.33,0.59,0.51,0.02,0.19,0.16,0.98,17,96,Normal
1446,2026-03-02T06:00:00.000Z,jharia-open-pit,zone-b,EX-201,4.02,0.56,0.13,0.09,0.69,0.03,0.67,21,91,Normal
1447,2026-03-02T07:00:00.000Z,jharia-open-pit,zone-d,EX-201,22.58,3.55,5.24,1.24,11.80,1.87,5.11,80,76,Critical
1448,2026-03-02T08:00:00.000Z,singareni-s4,zone-d,TL-301,20.22,6.63,5.56,0.88,11.29,1.38,5.85,75,91,Critical
1449,2026-03-02T09:00:00.000Z,singareni-s4,zone-d,SN-101,9.81,1.69,1.73,0.52,3.59,0.34,1.71,35,90,Warning
1450,2026-03-02T10:00:00.000Z,raniganj-south-slope,zone-b,EX-201,25.31,4.39,3.82,1.43,11.34,1.25,5.55,65,83,Critical
1451,2026-03-02T11:00:00.000Z,raniganj-south-slope,zone-c,SN-101,1.91,0.65,0.30,0.03,0.46,0.16,0.19,30,79,Normal
1452,2026-03-02T12:00:00.000Z,singareni-s4,zone-d,EX-201,0.71,0.12,0.51,0.02,1.04,0.03,0.83,37,67,Normal
1453,2026-03-02T13:00:00.000Z,korba-west-bench,zone-a,SN-102,0.69,0.32,0.06,0.01,0.49,0.03,0.36,16,61,Normal
1454,2026-03-02T14:00:00.000Z,raniganj-south-slope,zone-a,SN-101,4.10,0.25,0.04,0.11,1.21,0.14,0.68,23,76,Normal
1455,2026-03-02T15:00:00.000Z,singareni-s4,zone-a,TL-301,21.88,6.70,4.32,1.47,11.53,1.27,5.31,84,79,Critical
1456,2026-03-02T16:00:00.000Z,korba-west-bench,zone-d,PZ-401,23.33,5.62,3.81,1.54,10.53,0.93,4.80,88,75,Critical
1457,2026-03-02T17:00:00.000Z,korba-west-bench,zone-a,TL-301,0.53,0.34,0.54,0.14,0.17,0.08,0.05,25,91,Normal
1458,2026-03-02T18:00:00.000Z,jharia-open-pit,zone-b,SN-101,10.23,2.16,1.80,0.26,4.16,0.49,2.11,54,91,Warning
1459,2026-03-02T19:00:00.000Z,jharia-open-pit,zone-c,TL-301,2.85,0.59,0.75,0.08,1.01,0.17,0.83,35,76,Normal
1460,2026-03-02T20:00:00.000Z,singareni-s4,zone-b,SN-102,7.43,1.11,1.23,0.30,1.62,0.56,2.91,55,76,Warning
1461,2026-03-02T21:00:00.000Z,jharia-open-pit,zone-c,PZ-401,0.36,0.70,0.31,0.05,0.45,0.04,0.62,19,75,Normal
1462,2026-03-02T22:00:00.000Z,korba-west-bench,zone-c,EX-201,5.83,1.71,2.10,0.17,4.05,0.57,1.39,56,61,Warning
1463,2026-03-02T23:00:00.000Z,singareni-s4,zone-c,SN-102,17.81,5.33,3.67,1.06,6.29,1.37,6.13,86,87,Critical
1464,2026-03-03T00:00:00.000Z,singareni-s4,zone-d,SN-102,3.19,0.16,0.65,0.02,1.40,0.10,0.36,27,91,Normal
1465,2026-03-03T01:00:00.000Z,korba-west-bench,zone-a,SN-101,3.58,0.24,0.21,0.06,1.03,0.16,0.22,32,91,Normal
1466,2026-03-03T02:00:00.000Z,raniganj-south-slope,zone-d,SN-101,0.89,0.04,0.50,0.09,1.00,0.01,1.08,27,72,Normal
1467,2026-03-03T03:00:00.000Z,raniganj-south-slope,zone-d,SN-101,2.98,0.23,0.05,0.10,0.88,0.15,1.02,36,93,Normal
1468,2026-03-03T04:00:00.000Z,raniganj-south-slope,zone-c,PZ-401,7.10,1.32,1.96,0.47,4.18,0.63,1.53,50,66,Warning
1469,2026-03-03T05:00:00.000Z,singareni-s4,zone-a,TL-301,20.02,4.46,5.78,1.65,5.61,0.78,5.52,94,92,Critical
1470,2026-03-03T06:00:00.000Z,singareni-s4,zone-d,TL-301,9.90,1.04,1.76,0.49,2.84,0.46,2.29,57,85,Warning
1471,2026-03-03T07:00:00.000Z,singareni-s4,zone-b,SN-101,6.69,1.57,1.99,0.25,3.35,0.36,2.36,38,79,Warning
1472,2026-03-03T08:00:00.000Z,raniganj-south-slope,zone-d,TL-301,4.14,0.12,0.20,0.01,0.24,0.08,0.22,19,64,Normal
1473,2026-03-03T09:00:00.000Z,korba-west-bench,zone-d,SN-102,2.03,0.40,0.02,0.05,0.48,0.05,1.11,24,81,Normal
1474,2026-03-03T10:00:00.000Z,korba-west-bench,zone-b,PZ-401,4.04,0.40,0.71,0.08,0.10,0.05,0.14,31,71,Normal
1475,2026-03-03T11:00:00.000Z,raniganj-south-slope,zone-c,SN-101,16.38,5.13,2.80,0.92,7.40,2.19,5.92,92,99,Critical
1476,2026-03-03T12:00:00.000Z,singareni-s4,zone-c,TL-301,2.84,0.30,0.30,0.05,1.07,0.11,0.08,37,96,Normal
1477,2026-03-03T13:00:00.000Z,jharia-open-pit,zone-c,PZ-401,14.95,6.19,5.22,1.19,7.28,0.86,4.26,94,93,Critical
1478,2026-03-03T14:00:00.000Z,korba-west-bench,zone-a,EX-201,0.24,0.12,0.47,0.07,1.17,0.14,0.87,29,90,Normal
1479,2026-03-03T15:00:00.000Z,singareni-s4,zone-b,PZ-401,26.04,4.84,4.22,0.60,10.19,1.20,4.29,71,66,Critical
1480,2026-03-03T16:00:00.000Z,raniganj-south-slope,zone-c,SN-102,5.26,1.19,2.37,0.55,4.48,0.70,2.14,61,96,Warning
1481,2026-03-03T17:00:00.000Z,raniganj-south-slope,zone-c,SN-101,7.17,2.25,2.21,0.18,3.18,0.21,1.71,47,74,Warning
1482,2026-03-03T18:00:00.000Z,singareni-s4,zone-a,EX-201,3.44,0.58,0.26,0.05,1.46,0.04,0.90,30,62,Normal
1483,2026-03-03T19:00:00.000Z,singareni-s4,zone-b,TL-301,4.45,0.00,0.01,0.11,1.41,0.16,1.07,21,95,Normal
1484,2026-03-03T20:00:00.000Z,singareni-s4,zone-d,EX-201,6.91,1.24,1.88,0.33,4.27,0.36,1.89,54,92,Warning
1485,2026-03-03T21:00:00.000Z,raniganj-south-slope,zone-b,TL-301,12.22,4.40,4.43,0.86,5.18,2.31,5.10,69,91,Critical
1486,2026-03-03T22:00:00.000Z,korba-west-bench,zone-c,SN-101,0.14,0.58,0.32,0.08,1.18,0.17,0.65,17,97,Normal
1487,2026-03-03T23:00:00.000Z,jharia-open-pit,zone-b,SN-102,10.72,1.33,1.32,0.28,3.62,0.30,2.87,49,99,Warning
1488,2026-03-04T00:00:00.000Z,korba-west-bench,zone-b,SN-101,2.07,0.34,0.20,0.00,1.10,0.10,0.39,28,76,Normal
1489,2026-03-04T01:00:00.000Z,raniganj-south-slope,zone-d,EX-201,0.20,0.76,0.48,0.06,1.26,0.18,0.99,19,91,Normal
1490,2026-03-04T02:00:00.000Z,korba-west-bench,zone-a,SN-102,0.97,0.15,0.26,0.07,1.22,0.17,0.60,22,65,Normal
1491,2026-03-04T03:00:00.000Z,raniganj-south-slope,zone-a,EX-201,4.49,0.72,0.12,0.04,1.47,0.04,1.00,19,98,Normal
1492,2026-03-04T04:00:00.000Z,raniganj-south-slope,zone-a,PZ-401,1.53,0.09,0.55,0.12,0.63,0.13,1.00,19,71,Normal
1493,2026-03-04T05:00:00.000Z,jharia-open-pit,zone-a,SN-102,0.28,0.00,0.58,0.05,0.61,0.10,0.02,37,73,Normal
1494,2026-03-04T06:00:00.000Z,singareni-s4,zone-c,SN-101,1.26,0.32,0.41,0.02,1.45,0.02,0.82,30,94,Normal
1495,2026-03-04T07:00:00.000Z,jharia-open-pit,zone-a,TL-301,0.05,0.43,0.62,0.02,0.79,0.11,0.60,24,92,Normal
1496,2026-03-04T08:00:00.000Z,raniganj-south-slope,zone-d,SN-102,18.75,4.75,4.95,1.16,8.07,0.83,3.57,91,93,Critical
1497,2026-03-04T09:00:00.000Z,korba-west-bench,zone-d,EX-201,3.55,0.27,0.71,0.09,0.65,0.03,0.36,34,96,Normal
1498,2026-03-04T10:00:00.000Z,singareni-s4,zone-d,EX-201,4.28,0.63,0.02,0.09,0.57,0.20,0.36,23,89,Normal
1499,2026-03-04T11:00:00.000Z,korba-west-bench,zone-a,TL-301,4.08,0.79,0.19,0.02,0.53,0.17,0.66,21,83,Normal
1500,2026-03-04T12:00:00.000Z,korba-west-bench,zone-b,EX-201,3.23,0.16,0.11,0.12,1.05,0.00,0.98,31,81,Normal
1501,2026-03-04T13:00:00.000Z,singareni-s4,zone-b,TL-301,27.03,3.49,5.34,0.81,9.79,1.46,3.51,75,67,Critical
1502,2026-03-04T14:00:00.000Z,singareni-s4,zone-b,SN-102,15.83,4.45,5.00,1.61,10.58,2.45,4.78,84,66,Critical
1503,2026-03-04T15:00:00.000Z,singareni-s4,zone-b,PZ-401,5.09,1.67,1.40,0.29,4.08,0.23,1.74,52,92,Warning
1504,2026-03-04T16:00:00.000Z,raniganj-south-slope,zone-b,SN-102,26.44,3.61,3.20,0.87,9.64,0.86,5.90,61,97,Critical
1505,2026-03-04T17:00:00.000Z,singareni-s4,zone-d,TL-301,0.73,0.01,0.59,0.12,0.23,0.09,0.09,18,98,Normal
1506,2026-03-04T18:00:00.000Z,singareni-s4,zone-c,PZ-401,3.68,0.00,0.07,0.10,0.72,0.04,1.11,29,66,Normal
1507,2026-03-04T19:00:00.000Z,jharia-open-pit,zone-a,SN-101,11.44,1.10,0.87,0.53,3.86,0.66,2.42,41,90,Warning
1508,2026-03-04T20:00:00.000Z,korba-west-bench,zone-a,EX-201,0.05,0.60,0.16,0.03,1.32,0.06,0.56,34,90,Normal
1509,2026-03-04T21:00:00.000Z,korba-west-bench,zone-c,PZ-401,27.85,2.58,4.59,0.55,7.75,1.30,3.19,60,70,Critical
1510,2026-03-04T22:00:00.000Z,jharia-open-pit,zone-b,SN-101,0.94,0.60,0.11,0.05,0.58,0.16,0.77,35,95,Normal
1511,2026-03-04T23:00:00.000Z,jharia-open-pit,zone-c,PZ-401,11.18,2.25,1.20,0.55,2.90,0.37,2.28,54,83,Warning
1512,2026-03-05T00:00:00.000Z,raniganj-south-slope,zone-d,PZ-401,1.10,0.50,0.55,0.10,1.05,0.08,0.84,15,64,Normal
1513,2026-03-05T01:00:00.000Z,raniganj-south-slope,zone-a,SN-102,1.68,0.32,0.61,0.09,0.92,0.04,0.67,19,79,Normal
1514,2026-03-05T02:00:00.000Z,korba-west-bench,zone-d,PZ-401,4.38,0.16,0.43,0.06,0.91,0.01,0.13,27,71,Normal
1515,2026-03-05T03:00:00.000Z,jharia-open-pit,zone-d,EX-201,9.95,1.44,0.99,0.19,2.30,0.60,1.35,64,81,Warning
1516,2026-03-05T04:00:00.000Z,korba-west-bench,zone-a,SN-102,22.75,2.91,4.35,0.64,12.13,2.48,2.50,55,94,Critical
1517,2026-03-05T05:00:00.000Z,singareni-s4,zone-c,PZ-401,0.92,0.66,0.19,0.05,0.17,0.11,0.68,17,98,Normal
1518,2026-03-05T06:00:00.000Z,korba-west-bench,zone-a,EX-201,0.52,0.48,0.35,0.12,0.38,0.01,0.99,21,87,Normal
1519,2026-03-05T07:00:00.000Z,jharia-open-pit,zone-b,SN-101,7.46,1.16,1.49,0.47,4.67,0.45,1.58,58,93,Warning
1520,2026-03-05T08:00:00.000Z,raniganj-south-slope,zone-b,SN-102,3.63,0.69,0.31,0.11,0.08,0.17,0.08,18,67,Normal
1521,2026-03-05T09:00:00.000Z,jharia-open-pit,zone-d,SN-102,5.74,2.02,2.59,0.30,4.29,0.34,1.38,40,94,Warning
1522,2026-03-05T10:00:00.000Z,jharia-open-pit,zone-b,TL-301,3.29,0.36,0.54,0.09,0.74,0.06,0.15,27,75,Normal
1523,2026-03-05T11:00:00.000Z,singareni-s4,zone-c,EX-201,1.21,0.60,0.73,0.09,0.64,0.04,0.60,38,60,Normal
1524,2026-03-05T12:00:00.000Z,korba-west-bench,zone-d,EX-201,0.18,0.77,0.03,0.09,0.32,0.15,0.16,27,70,Normal
1525,2026-03-05T13:00:00.000Z,singareni-s4,zone-b,TL-301,1.65,0.61,0.59,0.01,0.38,0.11,0.70,26,95,Normal
1526,2026-03-05T14:00:00.000Z,jharia-open-pit,zone-d,PZ-401,1.59,0.46,0.12,0.05,0.82,0.18,0.13,39,88,Normal
1527,2026-03-05T15:00:00.000Z,jharia-open-pit,zone-d,PZ-401,3.24,0.32,0.26,0.10,0.30,0.06,1.13,21,79,Normal
1528,2026-03-05T16:00:00.000Z,raniganj-south-slope,zone-c,EX-201,4.35,0.30,0.08,0.01,0.22,0.15,0.95,20,86,Normal
1529,2026-03-05T17:00:00.000Z,korba-west-bench,zone-a,SN-102,3.22,0.65,0.45,0.02,0.58,0.07,0.24,21,66,Normal
1530,2026-03-05T18:00:00.000Z,singareni-s4,zone-a,SN-102,2.20,0.78,0.50,0.05,1.09,0.14,0.48,31,68,Normal
1531,2026-03-05T19:00:00.000Z,korba-west-bench,zone-c,PZ-401,1.97,0.47,0.63,0.14,0.20,0.04,0.86,19,87,Normal
1532,2026-03-05T20:00:00.000Z,singareni-s4,zone-d,SN-101,2.54,0.19,0.01,0.13,0.84,0.10,0.45,15,74,Normal
1533,2026-03-05T21:00:00.000Z,singareni-s4,zone-b,TL-301,2.71,0.01,0.14,0.05,1.09,0.09,0.47,30,88,Normal
1534,2026-03-05T22:00:00.000Z,raniganj-south-slope,zone-c,TL-301,19.98,4.02,5.69,1.35,10.38,1.35,5.97,73,96,Critical
1535,2026-03-05T23:00:00.000Z,jharia-open-pit,zone-a,SN-102,1.79,0.16,0.35,0.11,1.13,0.08,1.06,33,61,Normal
1536,2026-03-06T00:00:00.000Z,jharia-open-pit,zone-a,SN-101,3.59,0.48,0.09,0.02,0.61,0.14,0.24,20,73,Normal
1537,2026-03-06T01:00:00.000Z,jharia-open-pit,zone-b,TL-301,10.17,1.10,1.80,0.27,1.56,0.64,1.83,62,67,Warning
1538,2026-03-06T02:00:00.000Z,singareni-s4,zone-c,EX-201,3.40,0.79,0.65,0.15,0.41,0.09,0.48,19,71,Normal
1539,2026-03-06T03:00:00.000Z,jharia-open-pit,zone-c,PZ-401,22.25,2.56,5.49,0.97,10.44,1.83,5.22,57,67,Critical
1540,2026-03-06T04:00:00.000Z,raniganj-south-slope,zone-c,SN-101,3.52,0.58,0.77,0.11,1.14,0.04,0.72,18,63,Normal
1541,2026-03-06T05:00:00.000Z,jharia-open-pit,zone-c,SN-102,8.42,1.96,1.04,0.19,3.89,0.63,1.96,35,85,Warning
1542,2026-03-06T06:00:00.000Z,singareni-s4,zone-b,EX-201,0.38,0.80,0.35,0.05,1.24,0.12,1.10,29,87,Normal
1543,2026-03-06T07:00:00.000Z,singareni-s4,zone-d,SN-102,6.77,2.02,1.61,0.50,1.68,0.73,2.87,,73,Warning
1544,2026-03-06T08:00:00.000Z,singareni-s4,zone-b,SN-101,1.93,0.12,0.64,0.13,1.42,0.16,1.03,25,84,Normal
1545,2026-03-06T09:00:00.000Z,singareni-s4,zone-a,PZ-401,2.57,0.48,0.53,0.13,1.25,0.06,0.69,26,81,Normal
1546,2026-03-06T10:00:00.000Z,raniganj-south-slope,zone-b,SN-101,3.07,0.09,0.61,0.13,0.07,0.06,0.93,29,83,Normal
1547,2026-03-06T11:00:00.000Z,raniganj-south-slope,zone-d,EX-201,12.19,4.38,5.22,1.62,7.64,1.20,5.27,62,95,Critical
1548,2026-03-06T12:00:00.000Z,singareni-s4,zone-b,EX-201,11.07,1.96,1.98,0.30,2.26,0.54,2.38,46,94,Warning
1549,2026-03-06T13:00:00.000Z,singareni-s4,zone-d,TL-301,9.39,1.91,1.87,0.56,2.59,0.20,2.68,44,73,Warning
1550,2026-03-06T14:00:00.000Z,singareni-s4,zone-d,PZ-401,5.10,1.77,2.23,0.60,1.96,0.50,2.24,60,79,Warning
1551,2026-03-06T15:00:00.000Z,raniganj-south-slope,zone-d,SN-101,2.44,0.16,0.03,0.10,1.10,0.04,1.02,23,60,Normal
1552,2026-03-06T16:00:00.000Z,jharia-open-pit,zone-c,PZ-401,2.28,0.21,0.45,0.01,0.27,0.11,0.74,15,64,Normal
1553,2026-03-06T17:00:00.000Z,jharia-open-pit,zone-c,SN-101,1.71,0.45,0.62,0.07,1.20,0.17,0.61,28,92,Normal
1554,2026-03-06T18:00:00.000Z,singareni-s4,zone-a,SN-102,2.13,0.72,0.40,0.14,0.25,0.12,0.41,30,71,Normal
1555,2026-03-06T19:00:00.000Z,singareni-s4,zone-a,SN-102,3.87,0.05,0.42,0.05,1.06,0.12,0.02,37,82,Normal
1556,2026-03-06T20:00:00.000Z,singareni-s4,zone-a,SN-101,1.31,0.53,0.21,0.07,1.46,0.08,0.58,27,79,Normal
1557,2026-03-06T21:00:00.000Z,raniganj-south-slope,zone-c,EX-201,3.93,0.62,0.19,0.09,0.92,0.07,0.39,29,72,Normal
1558,2026-03-06T22:00:00.000Z,korba-west-bench,zone-b,EX-201,1.99,0.64,0.36,0.05,0.35,0.04,0.70,30,96,Normal
1559,2026-03-06T23:00:00.000Z,raniganj-south-slope,zone-b,PZ-401,3.00,0.31,0.41,0.15,0.76,0.14,0.65,18,60,Normal
1560,2026-03-07T00:00:00.000Z,singareni-s4,zone-d,SN-101,19.97,5.45,4.25,1.68,8.24,2.47,5.74,81,68,Critical
1561,2026-03-07T01:00:00.000Z,singareni-s4,zone-c,TL-301,10.98,1.71,1.30,0.35,3.27,0.55,2.27,41,77,Warning
1562,2026-03-07T02:00:00.000Z,raniganj-south-slope,zone-d,TL-301,10.40,2.16,2.30,0.57,2.15,0.58,2.75,55,65,Warning
1563,2026-03-07T03:00:00.000Z,raniganj-south-slope,zone-b,PZ-401,1.20,0.79,0.59,0.07,0.68,0.01,0.02,39,79,Normal
1564,2026-03-07T04:00:00.000Z,korba-west-bench,zone-a,SN-101,24.72,5.13,3.09,0.55,5.46,1.83,4.46,74,75,Critical
1565,2026-03-07T05:00:00.000Z,raniganj-south-slope,zone-c,PZ-401,2.09,0.45,0.57,0.01,1.41,0.12,0.21,29,92,Normal
1566,2026-03-07T06:00:00.000Z,singareni-s4,zone-d,PZ-401,0.40,0.71,0.41,0.12,0.20,0.05,0.80,37,99,Normal
1567,2026-03-07T07:00:00.000Z,jharia-open-pit,zone-b,PZ-401,16.45,4.05,4.73,1.62,10.53,1.66,3.01,94,71,Critical
1568,2026-03-07T08:00:00.000Z,korba-west-bench,zone-b,EX-201,0.74,0.70,0.25,0.05,0.42,0.14,1.09,29,84,Normal
1569,2026-03-07T09:00:00.000Z,korba-west-bench,zone-b,SN-101,20.94,4.75,5.49,0.59,8.42,1.06,6.17,83,73,Critical
1570,2026-03-07T10:00:00.000Z,korba-west-bench,zone-d,SN-101,4.41,0.26,0.18,0.14,0.31,0.11,0.42,21,91,Normal
1571,2026-03-07T11:00:00.000Z,korba-west-bench,zone-c,SN-102,8.18,0.81,2.23,0.55,1.98,0.29,2.17,48,74,Warning
1572,2026-03-07T12:00:00.000Z,jharia-open-pit,zone-a,SN-102,2.18,0.51,0.66,0.08,0.81,0.18,0.97,21,63,Normal
1573,2026-03-07T13:00:00.000Z,singareni-s4,zone-b,SN-102,13.72,6.88,3.84,1.28,10.84,2.47,6.05,92,62,Critical
1574,2026-03-07T14:00:00.000Z,korba-west-bench,zone-b,PZ-401,0.90,0.32,0.32,0.08,0.56,0.06,0.98,18,83,Normal
1575,2026-03-07T15:00:00.000Z,korba-west-bench,zone-c,SN-101,0.38,0.29,0.47,0.13,1.05,0.00,1.09,30,68,Normal
1576,2026-03-07T16:00:00.000Z,korba-west-bench,zone-c,SN-102,16.96,2.77,5.49,1.28,10.96,0.86,4.71,93,96,Critical
1577,2026-03-07T17:00:00.000Z,korba-west-bench,zone-a,SN-102,14.66,5.73,5.14,1.10,11.82,2.38,5.49,55,74,Critical
1578,2026-03-07T18:00:00.000Z,raniganj-south-slope,zone-b,SN-101,2.80,0.47,0.08,0.07,0.54,0.20,0.12,35,63,Normal
1579,2026-03-07T19:00:00.000Z,singareni-s4,zone-d,TL-301,0.41,0.68,0.22,0.10,0.94,0.07,0.77,30,97,Normal
1580,2026-03-07T20:00:00.000Z,jharia-open-pit,zone-b,SN-102,3.92,0.63,0.44,0.04,1.15,0.08,0.48,34,93,Normal
1581,2026-03-07T21:00:00.000Z,singareni-s4,zone-d,TL-301,2.47,0.31,0.14,0.12,0.65,0.19,0.44,25,91,Normal
1582,2026-03-07T22:00:00.000Z,jharia-open-pit,zone-c,EX-201,3.01,0.46,0.55,0.09,0.29,0.16,0.97,30,71,Normal
1583,2026-03-07T23:00:00.000Z,jharia-open-pit,zone-a,SN-101,8.76,1.60,1.93,0.36,1.65,0.31,1.55,45,75,Warning
1584,2026-03-08T00:00:00.000Z,jharia-open-pit,zone-d,SN-102,3.41,0.74,0.30,0.03,0.22,0.16,0.81,15,74,Normal
1585,2026-03-08T01:00:00.000Z,korba-west-bench,zone-c,SN-102,2.35,0.57,0.76,0.03,0.74,0.07,0.19,24,95,Normal
1586,2026-03-08T02:00:00.000Z,raniganj-south-slope,zone-a,SN-102,1.59,0.73,0.02,0.10,0.53,0.03,0.33,27,94,Normal
1587,2026-03-08T03:00:00.000Z,jharia-open-pit,zone-b,EX-201,3.30,0.03,0.24,0.09,0.13,0.05,0.22,37,74,Normal
1588,2026-03-08T04:00:00.000Z,singareni-s4,zone-c,PZ-401,3.15,0.51,0.30,0.12,0.48,0.14,0.37,29,71,Normal
1589,2026-03-08T05:00:00.000Z,jharia-open-pit,zone-c,SN-102,0.81,0.43,0.27,0.13,0.95,0.06,0.79,35,68,Normal
1590,2026-03-08T06:00:00.000Z,jharia-open-pit,zone-b,PZ-401,10.11,1.78,1.44,0.26,2.24,0.60,2.46,62,81,Warning
1591,2026-03-08T07:00:00.000Z,jharia-open-pit,zone-a,SN-102,9.20,1.97,2.09,0.46,2.29,0.21,2.26,55,94,Warning
1592,2026-03-08T08:00:00.000Z,jharia-open-pit,zone-d,TL-301,0.15,0.02,0.51,0.08,0.69,0.04,1.20,24,87,Normal
1593,2026-03-08T09:00:00.000Z,jharia-open-pit,zone-d,TL-301,5.72,1.24,1.29,0.43,3.76,0.55,2.26,44,89,Warning
1594,2026-03-08T10:00:00.000Z,korba-west-bench,zone-d,SN-102,17.44,3.98,4.41,1.39,8.54,1.54,3.69,63,91,Critical
1595,2026-03-08T11:00:00.000Z,jharia-open-pit,zone-a,PZ-401,3.45,0.54,0.68,0.10,0.36,0.07,0.52,38,76,Normal
1596,2026-03-08T12:00:00.000Z,singareni-s4,zone-d,EX-201,7.30,1.07,1.63,0.22,3.70,0.29,1.66,56,92,Warning
1597,2026-03-08T13:00:00.000Z,singareni-s4,zone-d,EX-201,3.34,0.71,0.14,0.09,0.12,0.18,0.05,22,62,Normal
1598,2026-03-08T14:00:00.000Z,korba-west-bench,zone-b,SN-101,4.19,0.38,0.78,0.11,1.35,0.05,0.61,30,84,Normal
1599,2026-03-08T15:00:00.000Z,jharia-open-pit,zone-b,EX-201,4.26,0.66,0.09,0.13,0.88,0.01,0.45,18,96,Normal
1600,2026-03-08T16:00:00.000Z,singareni-s4,zone-b,SN-101,25.75,4.79,3.66,1.08,8.02,2.20,2.85,88,94,Critical
1601,2026-03-08T17:00:00.000Z,singareni-s4,zone-d,EX-201,1.74,0.25,0.64,0.11,1.30,0.16,0.60,35,66,Normal
1602,2026-03-08T18:00:00.000Z,jharia-open-pit,zone-a,TL-301,9.89,1.83,1.13,0.52,3.75,0.73,2.31,63,68,Warning
1603,2026-03-08T19:00:00.000Z,jharia-open-pit,zone-c,SN-101,3.56,0.52,0.48,0.13,0.87,0.17,0.88,35,95,Normal
1604,2026-03-08T20:00:00.000Z,raniganj-south-slope,zone-b,PZ-401,3.01,0.33,0.74,0.04,1.13,0.10,0.13,39,81,Normal
1605,2026-03-08T21:00:00.000Z,raniganj-south-slope,zone-a,SN-101,3.56,0.50,0.68,0.02,0.69,0.20,0.26,21,78,Normal
1606,2026-03-08T22:00:00.000Z,jharia-open-pit,zone-a,SN-102,20.96,4.16,3.60,0.98,9.42,2.10,6.07,,65,Critical
1607,2026-03-08T23:00:00.000Z,jharia-open-pit,zone-c,PZ-401,2.75,0.41,0.41,0.06,0.75,0.15,0.51,37,81,Normal
1608,2026-03-09T00:00:00.000Z,jharia-open-pit,zone-c,EX-201,6.36,1.73,1.27,0.54,2.44,0.39,1.93,55,72,Warning
1609,2026-03-09T01:00:00.000Z,raniganj-south-slope,zone-d,PZ-401,10.39,2.00,1.38,0.30,4.27,0.41,1.84,59,84,Warning
1610,2026-03-09T02:00:00.000Z,jharia-open-pit,zone-b,SN-102,2.42,0.48,0.52,0.08,1.18,0.00,0.47,23,79,Normal
1611,2026-03-09T03:00:00.000Z,raniganj-south-slope,zone-b,SN-101,29.83,2.78,3.02,1.17,7.90,1.74,2.55,85,99,Critical
1612,2026-03-09T04:00:00.000Z,singareni-s4,zone-d,EX-201,15.46,4.21,3.21,0.59,5.51,2.48,4.57,62,62,Critical
1613,2026-03-09T05:00:00.000Z,korba-west-bench,zone-c,PZ-401,2.56,0.41,0.37,0.02,1.14,0.10,0.62,32,66,Normal
1614,2026-03-09T06:00:00.000Z,singareni-s4,zone-b,TL-301,2.40,0.26,0.67,0.06,1.09,0.13,1.15,36,68,Normal
1615,2026-03-09T07:00:00.000Z,jharia-open-pit,zone-c,EX-201,9.51,1.11,1.48,0.60,4.02,0.27,1.84,58,70,Warning
1616,2026-03-09T08:00:00.000Z,singareni-s4,zone-a,SN-101,4.31,0.24,0.63,0.11,0.40,0.03,0.87,26,84,Normal
1617,2026-03-09T09:00:00.000Z,jharia-open-pit,zone-c,TL-301,1.76,0.14,0.31,0.14,0.88,0.11,0.65,36,93,Normal
1618,2026-03-09T10:00:00.000Z,raniganj-south-slope,zone-c,SN-101,1.56,0.60,0.06,0.12,0.89,0.19,0.57,33,71,Normal
1619,2026-03-09T11:00:00.000Z,singareni-s4,zone-d,SN-102,29.42,5.58,5.68,1.43,6.63,2.00,3.38,65,76,Critical
1620,2026-03-09T12:00:00.000Z,raniganj-south-slope,zone-d,SN-101,2.69,0.37,0.18,0.11,0.81,0.06,0.75,34,82,Normal
1621,2026-03-09T13:00:00.000Z,jharia-open-pit,zone-c,SN-101,6.22,1.19,2.46,0.57,1.68,0.57,1.87,61,94,Warning
1622,2026-03-09T14:00:00.000Z,singareni-s4,zone-d,EX-201,3.94,0.28,0.05,0.12,0.90,0.14,0.93,26,63,Normal
1623,2026-03-09T15:00:00.000Z,jharia-open-pit,zone-a,SN-101,2.95,0.45,0.08,0.12,0.16,0.18,0.58,29,76,Normal
1624,2026-03-09T16:00:00.000Z,jharia-open-pit,zone-b,SN-102,8.10,1.03,1.04,0.46,2.84,0.27,1.62,44,72,Warning
1625,2026-03-09T17:00:00.000Z,korba-west-bench,zone-b,EX-201,0.29,0.16,0.79,0.06,1.08,0.01,0.52,28,80,Normal
1626,2026-03-09T18:00:00.000Z,korba-west-bench,zone-d,PZ-401,4.44,0.49,0.28,0.14,1.08,0.10,0.71,29,63,Normal
1627,2026-03-09T19:00:00.000Z,singareni-s4,zone-a,SN-102,7.63,1.16,2.46,0.49,1.53,0.40,1.82,54,69,Warning
1628,2026-03-09T20:00:00.000Z,raniganj-south-slope,zone-b,PZ-401,1.00,0.58,0.10,0.05,1.48,0.08,0.98,32,78,Normal
1629,2026-03-09T21:00:00.000Z,jharia-open-pit,zone-d,TL-301,1.06,0.06,0.65,0.02,1.30,0.08,1.08,22,68,Normal
1630,2026-03-09T22:00:00.000Z,jharia-open-pit,zone-d,PZ-401,6.35,2.06,2.12,0.16,2.31,0.27,2.26,40,83,Warning
1631,2026-03-09T23:00:00.000Z,raniganj-south-slope,zone-c,EX-201,0.32,0.56,0.32,0.09,0.48,0.04,0.56,26,91,Normal
1632,2026-03-10T00:00:00.000Z,singareni-s4,zone-b,SN-101,29.03,5.45,2.93,1.30,5.45,2.29,3.68,65,99,Critical
1633,2026-03-10T01:00:00.000Z,jharia-open-pit,zone-d,PZ-401,1.54,0.31,0.14,0.13,0.92,0.09,0.54,26,90,Normal
1634,2026-03-10T02:00:00.000Z,korba-west-bench,zone-a,SN-101,0.56,0.73,0.68,0.04,1.01,0.06,0.16,36,90,Normal
1635,2026-03-10T03:00:00.000Z,korba-west-bench,zone-d,TL-301,21.45,5.92,5.79,1.23,8.33,1.30,6.11,59,96,Critical
1636,2026-03-10T04:00:00.000Z,raniganj-south-slope,zone-a,PZ-401,10.14,1.54,0.92,0.49,2.02,0.59,2.94,40,81,Warning
1637,2026-03-10T05:00:00.000Z,jharia-open-pit,zone-a,TL-301,3.64,0.54,0.16,0.05,0.32,0.18,0.21,36,67,Normal
1638,2026-03-10T06:00:00.000Z,korba-west-bench,zone-b,PZ-401,0.59,0.60,0.02,0.09,0.31,0.19,0.54,17,83,Normal
1639,2026-03-10T07:00:00.000Z,singareni-s4,zone-c,TL-301,27.87,6.48,4.23,1.43,4.86,1.59,5.87,57,94,Critical
1640,2026-03-10T08:00:00.000Z,jharia-open-pit,zone-a,EX-201,0.25,0.14,0.21,0.04,1.11,0.13,0.92,20,83,Normal
1641,2026-03-10T09:00:00.000Z,singareni-s4,zone-d,SN-101,0.61,0.28,0.25,0.14,0.35,0.00,0.90,19,94,Normal
1642,2026-03-10T10:00:00.000Z,singareni-s4,zone-c,PZ-401,1.37,0.63,0.22,0.06,0.00,0.13,0.12,25,89,Normal
1643,2026-03-10T11:00:00.000Z,singareni-s4,zone-a,EX-201,15.55,4.53,4.38,1.28,7.31,2.25,2.98,92,85,Critical
1644,2026-03-10T12:00:00.000Z,raniganj-south-slope,zone-d,SN-101,2.68,0.44,0.41,0.12,1.23,0.03,0.64,24,89,Normal
1645,2026-03-10T13:00:00.000Z,jharia-open-pit,zone-d,SN-101,2.64,0.52,0.69,0.10,0.68,0.07,0.08,19,99,Normal
1646,2026-03-10T14:00:00.000Z,raniganj-south-slope,zone-a,SN-102,0.12,0.01,0.50,0.00,0.02,0.18,0.35,29,84,Normal
1647,2026-03-10T15:00:00.000Z,jharia-open-pit,zone-c,PZ-401,6.86,2.11,1.80,0.55,2.61,0.43,2.57,62,69,Warning
1648,2026-03-10T16:00:00.000Z,korba-west-bench,zone-d,EX-201,10.76,1.63,1.54,0.30,4.08,0.73,2.10,47,63,Warning
1649,2026-03-10T17:00:00.000Z,singareni-s4,zone-a,EX-201,25.75,5.29,5.15,0.81,9.19,1.13,2.98,61,62,Critical
1650,2026-03-10T18:00:00.000Z,singareni-s4,zone-b,PZ-401,3.63,0.44,0.20,0.06,1.29,0.01,0.30,,74,Normal
1651,2026-03-10T19:00:00.000Z,raniganj-south-slope,zone-b,EX-201,18.82,4.11,3.57,0.96,5.66,2.28,2.58,68,63,Critical
1652,2026-03-10T20:00:00.000Z,jharia-open-pit,zone-d,SN-102,9.51,1.56,1.73,0.18,3.89,0.35,2.32,45,81,Warning
1653,2026-03-10T21:00:00.000Z,korba-west-bench,zone-a,SN-101,3.21,0.75,0.33,0.14,0.27,0.02,0.95,18,93,Normal
1654,2026-03-10T22:00:00.000Z,jharia-open-pit,zone-c,PZ-401,2.69,0.30,0.05,0.06,0.31,0.04,1.10,21,63,Normal
1655,2026-03-10T23:00:00.000Z,singareni-s4,zone-b,SN-101,5.73,2.02,1.68,0.58,1.81,0.32,1.36,59,90,Warning
1656,2026-03-11T00:00:00.000Z,singareni-s4,zone-a,TL-301,4.41,0.31,0.46,0.03,0.60,0.04,0.69,33,97,Normal
1657,2026-03-11T01:00:00.000Z,raniganj-south-slope,zone-d,PZ-401,2.40,0.63,0.67,0.08,0.06,0.19,0.44,39,89,Normal
1658,2026-03-11T02:00:00.000Z,raniganj-south-slope,zone-d,PZ-401,11.09,2.10,2.36,0.43,4.50,0.48,2.33,41,75,Warning
1659,2026-03-11T03:00:00.000Z,jharia-open-pit,zone-b,EX-201,1.78,0.72,0.02,0.02,0.38,0.00,0.98,34,78,Normal
1660,2026-03-11T04:00:00.000Z,korba-west-bench,zone-c,PZ-401,8.40,1.31,2.40,0.39,3.02,0.39,2.75,37,95,Warning
1661,2026-03-11T05:00:00.000Z,singareni-s4,zone-d,PZ-401,0.22,0.44,0.72,0.12,0.83,0.01,0.47,24,63,Normal
1662,2026-03-11T06:00:00.000Z,korba-west-bench,zone-a,SN-102,4.05,0.55,0.15,0.13,0.69,0.02,0.91,27,64,Normal
1663,2026-03-11T07:00:00.000Z,raniganj-south-slope,zone-a,SN-101,3.69,0.15,0.59,0.09,0.32,0.06,1.09,17,90,Normal
1664,2026-03-11T08:00:00.000Z,raniganj-south-slope,zone-a,PZ-401,0.20,0.79,0.63,0.03,0.14,0.09,0.83,35,66,Normal
1665,2026-03-11T09:00:00.000Z,raniganj-south-slope,zone-c,TL-301,5.82,1.68,0.80,0.58,3.61,0.71,2.78,54,77,Warning
1666,2026-03-11T10:00:00.000Z,raniganj-south-slope,zone-c,PZ-401,1.92,0.55,0.22,0.15,0.45,0.11,1.19,30,96,Normal
1667,2026-03-11T11:00:00.000Z,raniganj-south-slope,zone-c,SN-102,4.16,0.72,0.27,0.10,0.55,0.02,1.08,17,80,Normal
1668,2026-03-11T12:00:00.000Z,jharia-open-pit,zone-a,SN-101,0.72,0.52,0.40,0.08,0.43,0.06,0.98,25,66,Normal
1669,2026-03-11T13:00:00.000Z,jharia-open-pit,zone-b,TL-301,7.72,1.83,2.11,0.51,1.51,0.29,1.28,48,70,Warning
1670,2026-03-11T14:00:00.000Z,singareni-s4,zone-b,TL-301,5.90,2.37,2.01,0.23,3.65,0.25,2.02,51,81,Warning
1671,2026-03-11T15:00:00.000Z,raniganj-south-slope,zone-b,SN-102,25.62,2.97,5.23,1.58,11.58,0.84,4.83,57,64,Critical
1672,2026-03-11T16:00:00.000Z,korba-west-bench,zone-d,TL-301,25.26,4.23,5.18,0.69,9.20,2.11,4.75,80,77,Critical
1673,2026-03-11T17:00:00.000Z,jharia-open-pit,zone-d,EX-201,0.27,0.11,0.67,0.06,0.70,0.18,0.06,38,95,Normal
1674,2026-03-11T18:00:00.000Z,jharia-open-pit,zone-d,PZ-401,3.84,0.36,0.64,0.06,0.43,0.17,0.18,24,94,Normal
1675,2026-03-11T19:00:00.000Z,raniganj-south-slope,zone-c,SN-102,5.40,1.07,2.54,0.20,3.97,0.54,1.90,45,68,Warning
1676,2026-03-11T20:00:00.000Z,singareni-s4,zone-b,PZ-401,4.39,0.30,0.32,0.01,0.61,0.14,0.78,39,66,Normal
1677,2026-03-11T21:00:00.000Z,singareni-s4,zone-d,SN-102,8.95,0.82,2.49,0.36,1.89,0.27,1.63,41,87,Warning
1678,2026-03-11T22:00:00.000Z,korba-west-bench,zone-c,SN-102,11.38,1.42,2.35,0.21,3.41,0.61,2.92,64,83,Warning
1679,2026-03-11T23:00:00.000Z,singareni-s4,zone-c,SN-102,3.53,0.53,0.73,0.00,0.59,0.10,1.01,33,67,Normal
1680,2026-03-12T00:00:00.000Z,raniganj-south-slope,zone-c,TL-301,2.64,0.41,0.44,0.05,1.49,0.16,1.07,19,80,Normal
1681,2026-03-12T01:00:00.000Z,raniganj-south-slope,zone-d,SN-102,1.60,0.60,0.68,0.09,1.11,0.08,0.61,20,93,Normal
1682,2026-03-12T02:00:00.000Z,singareni-s4,zone-b,TL-301,1.07,0.08,0.60,0.02,0.72,0.14,0.45,23,96,Normal
1683,2026-03-12T03:00:00.000Z,jharia-open-pit,zone-d,EX-201,0.40,0.38,0.37,0.11,0.12,0.06,0.58,29,69,Normal
1684,2026-03-12T04:00:00.000Z,jharia-open-pit,zone-a,TL-301,10.04,2.34,1.93,0.33,3.56,0.43,1.29,35,60,Warning
1685,2026-03-12T05:00:00.000Z,korba-west-bench,zone-b,SN-101,2.98,0.46,0.70,0.07,0.73,0.14,0.18,34,70,Normal
1686,2026-03-12T06:00:00.000Z,singareni-s4,zone-c,PZ-401,6.21,1.54,1.61,0.22,3.02,0.70,1.98,35,95,Warning
1687,2026-03-12T07:00:00.000Z,korba-west-bench,zone-b,TL-301,21.21,5.97,5.20,1.34,10.00,1.51,6.19,82,69,Critical
1688,2026-03-12T08:00:00.000Z,jharia-open-pit,zone-a,EX-201,8.47,1.68,1.64,0.26,4.00,0.50,1.44,55,89,Warning
1689,2026-03-12T09:00:00.000Z,singareni-s4,zone-d,SN-101,6.92,0.90,0.95,0.37,3.00,0.66,1.77,44,80,Warning
1690,2026-03-12T10:00:00.000Z,korba-west-bench,zone-a,SN-101,0.59,0.69,0.42,0.02,0.47,0.20,1.06,17,72,Normal
1691,2026-03-12T11:00:00.000Z,singareni-s4,zone-b,SN-101,5.85,1.42,2.53,0.43,3.35,0.42,2.86,38,81,Warning
1692,2026-03-12T12:00:00.000Z,singareni-s4,zone-c,TL-301,22.93,6.46,3.76,0.68,10.89,0.95,5.08,70,91,Critical
1693,2026-03-12T13:00:00.000Z,korba-west-bench,zone-b,SN-101,9.59,0.97,2.31,0.46,1.71,0.44,2.28,57,93,Warning
1694,2026-03-12T14:00:00.000Z,raniganj-south-slope,zone-a,PZ-401,0.83,0.48,0.20,0.05,0.90,0.13,0.50,35,62,Normal
1695,2026-03-12T15:00:00.000Z,raniganj-south-slope,zone-c,SN-102,3.00,0.12,0.77,0.02,0.54,0.18,0.03,36,82,Normal
1696,2026-03-12T16:00:00.000Z,korba-west-bench,zone-a,EX-201,1.80,0.57,0.42,0.04,0.58,0.07,0.95,23,86,Normal
1697,2026-03-12T17:00:00.000Z,korba-west-bench,zone-a,PZ-401,6.08,1.96,2.20,0.50,4.24,0.42,2.66,63,70,Warning
1698,2026-03-12T18:00:00.000Z,raniganj-south-slope,zone-b,EX-201,4.05,0.71,0.71,0.00,0.01,0.18,0.99,20,61,Normal
1699,2026-03-12T19:00:00.000Z,korba-west-bench,zone-c,TL-301,3.07,0.62,0.41,0.12,0.62,0.17,0.06,39,90,Normal
1700,2026-03-12T20:00:00.000Z,korba-west-bench,zone-d,SN-102,5.57,0.89,2.46,0.36,1.59,0.73,2.32,59,87,Warning
1701,2026-03-12T21:00:00.000Z,singareni-s4,zone-d,SN-102,10.96,0.86,0.86,0.59,4.66,0.23,1.71,50,92,Warning
1702,2026-03-12T22:00:00.000Z,jharia-open-pit,zone-a,SN-101,7.71,2.27,2.08,0.51,4.50,0.58,1.58,47,68,Warning
1703,2026-03-12T23:00:00.000Z,korba-west-bench,zone-b,SN-101,0.85,0.06,0.38,0.03,0.43,0.13,0.94,21,84,Normal
1704,2026-03-13T00:00:00.000Z,jharia-open-pit,zone-a,EX-201,2.19,0.29,0.65,0.06,0.85,0.09,0.30,25,73,Normal
1705,2026-03-13T01:00:00.000Z,singareni-s4,zone-b,TL-301,2.17,0.15,0.46,0.00,0.30,0.08,0.86,22,60,Normal
1706,2026-03-13T02:00:00.000Z,singareni-s4,zone-b,TL-301,1.09,0.66,0.76,0.11,0.09,0.16,0.70,22,92,Normal
1707,2026-03-13T03:00:00.000Z,singareni-s4,zone-b,SN-102,4.29,0.40,0.12,0.07,1.11,0.20,1.07,15,64,Normal
1708,2026-03-13T04:00:00.000Z,singareni-s4,zone-c,TL-301,1.31,0.61,0.07,0.08,0.67,0.19,1.19,25,84,Normal
1709,2026-03-13T05:00:00.000Z,jharia-open-pit,zone-d,SN-102,2.21,0.11,0.25,0.13,1.34,0.12,1.15,34,80,Normal
1710,2026-03-13T06:00:00.000Z,jharia-open-pit,zone-c,SN-101,5.47,1.29,2.07,0.21,3.76,0.41,1.78,44,86,Warning
1711,2026-03-13T07:00:00.000Z,korba-west-bench,zone-b,SN-101,1.76,0.10,0.49,0.06,0.12,0.10,0.61,35,79,Normal
1712,2026-03-13T08:00:00.000Z,singareni-s4,zone-b,TL-301,3.37,0.78,0.12,0.02,0.49,0.08,0.18,24,79,Normal
1713,2026-03-13T09:00:00.000Z,singareni-s4,zone-a,TL-301,4.07,0.33,0.53,0.05,1.27,0.11,0.31,32,66,Normal
1714,2026-03-13T10:00:00.000Z,jharia-open-pit,zone-b,EX-201,0.55,0.33,0.08,0.02,1.27,0.09,1.13,36,85,Normal
1715,2026-03-13T11:00:00.000Z,jharia-open-pit,zone-d,TL-301,9.62,2.23,1.85,0.51,3.49,0.62,3.00,43,78,Warning
1716,2026-03-13T12:00:00.000Z,jharia-open-pit,zone-d,PZ-401,23.27,3.77,5.53,0.75,10.75,2.52,2.72,75,77,Critical
1717,2026-03-13T13:00:00.000Z,korba-west-bench,zone-d,SN-101,3.87,0.49,0.13,0.02,0.41,0.04,0.62,19,81,Normal
1718,2026-03-13T14:00:00.000Z,jharia-open-pit,zone-d,PZ-401,0.68,0.23,0.03,0.08,0.84,0.02,1.08,19,84,Normal
1719,2026-03-13T15:00:00.000Z,singareni-s4,zone-a,TL-301,0.36,0.18,0.34,0.12,0.80,0.03,0.26,18,77,Normal
1720,2026-03-13T16:00:00.000Z,raniganj-south-slope,zone-b,PZ-401,27.29,2.98,3.84,0.55,9.45,1.83,4.96,89,91,Critical
1721,2026-03-13T17:00:00.000Z,jharia-open-pit,zone-c,SN-102,17.31,2.67,3.25,1.08,10.08,1.86,5.76,70,73,Critical
1722,2026-03-13T18:00:00.000Z,singareni-s4,zone-d,TL-301,18.70,4.42,5.44,1.63,4.99,2.34,4.62,77,60,Critical
1723,2026-03-13T19:00:00.000Z,singareni-s4,zone-c,EX-201,5.41,1.86,2.22,0.17,1.72,0.47,1.90,61,65,Warning
1724,2026-03-13T20:00:00.000Z,singareni-s4,zone-a,SN-102,10.88,1.67,1.68,0.42,2.94,0.21,2.31,38,61,Warning
1725,2026-03-13T21:00:00.000Z,korba-west-bench,zone-c,SN-101,1.01,0.61,0.21,0.11,0.81,0.08,1.18,17,76,Normal
1726,2026-03-13T22:00:00.000Z,singareni-s4,zone-c,SN-102,12.35,4.92,4.75,1.55,10.23,2.15,3.06,69,63,Critical
1727,2026-03-13T23:00:00.000Z,singareni-s4,zone-b,EX-201,2.33,0.41,0.73,0.06,1.05,0.04,0.83,18,69,Normal
1728,2026-03-14T00:00:00.000Z,jharia-open-pit,zone-a,PZ-401,8.77,1.64,1.35,0.24,3.30,0.72,2.99,50,85,Warning
1729,2026-03-14T01:00:00.000Z,singareni-s4,zone-c,PZ-401,1.77,0.27,0.77,0.02,0.06,0.14,0.67,31,93,Normal
1730,2026-03-14T02:00:00.000Z,raniganj-south-slope,zone-d,SN-101,2.29,0.46,0.46,0.15,0.26,0.06,0.07,37,91,Normal
1731,2026-03-14T03:00:00.000Z,korba-west-bench,zone-a,PZ-401,3.48,0.66,0.71,0.01,0.62,0.00,0.75,15,60,Normal
1732,2026-03-14T04:00:00.000Z,jharia-open-pit,zone-d,SN-101,0.53,0.23,0.67,0.03,1.00,0.02,0.62,23,72,Normal
1733,2026-03-14T05:00:00.000Z,korba-west-bench,zone-c,SN-102,2.49,0.72,0.73,0.09,1.26,0.15,1.08,23,97,Normal
1734,2026-03-14T06:00:00.000Z,raniganj-south-slope,zone-c,PZ-401,1.47,0.49,0.71,0.05,0.18,0.03,0.23,26,91,Normal
1735,2026-03-14T07:00:00.000Z,raniganj-south-slope,zone-a,EX-201,26.36,5.72,3.07,0.54,5.70,1.62,2.61,56,98,Critical
1736,2026-03-14T08:00:00.000Z,raniganj-south-slope,zone-a,SN-101,7.90,1.68,1.62,0.31,2.21,0.60,2.88,50,74,Warning
1737,2026-03-14T09:00:00.000Z,raniganj-south-slope,zone-b,EX-201,18.87,6.68,4.64,0.88,6.08,1.70,4.68,87,90,Critical
1738,2026-03-14T10:00:00.000Z,jharia-open-pit,zone-c,PZ-401,3.58,0.03,0.69,0.09,0.86,0.12,1.14,17,67,Normal
1739,2026-03-14T11:00:00.000Z,jharia-open-pit,zone-c,SN-102,4.22,0.66,0.66,0.05,0.52,0.09,0.40,37,85,Normal
1740,2026-03-14T12:00:00.000Z,korba-west-bench,zone-d,EX-201,1.04,0.19,0.46,0.10,0.14,0.09,0.48,26,93,Normal
1741,2026-03-14T13:00:00.000Z,singareni-s4,zone-d,SN-101,25.96,3.37,4.41,1.44,5.33,2.09,5.22,87,61,Critical
1742,2026-03-14T14:00:00.000Z,singareni-s4,zone-a,SN-102,3.25,0.17,0.09,0.11,1.43,0.02,0.82,15,97,Normal
1743,2026-03-14T15:00:00.000Z,korba-west-bench,zone-b,SN-101,5.91,2.21,2.00,0.58,1.69,0.59,,61,97,Warning
1744,2026-03-14T16:00:00.000Z,raniganj-south-slope,zone-d,SN-101,0.58,0.07,0.11,0.05,0.55,0.05,0.34,19,60,Normal
1745,2026-03-14T17:00:00.000Z,singareni-s4,zone-c,SN-102,2.27,0.35,0.65,0.06,1.28,0.09,1.15,25,75,Normal
1746,2026-03-14T18:00:00.000Z,jharia-open-pit,zone-a,SN-102,0.94,0.20,0.11,0.07,1.06,0.06,0.13,21,60,Normal
1747,2026-03-14T19:00:00.000Z,korba-west-bench,zone-b,PZ-401,6.67,1.78,1.44,0.50,3.84,0.55,2.06,57,68,Warning
1748,2026-03-14T20:00:00.000Z,jharia-open-pit,zone-a,SN-102,6.86,1.73,2.26,0.45,2.11,0.20,2.25,51,80,Warning
1749,2026-03-14T21:00:00.000Z,singareni-s4,zone-d,EX-201,1.91,0.58,0.61,0.05,0.46,0.15,0.80,17,70,Normal
1750,2026-03-14T22:00:00.000Z,korba-west-bench,zone-b,PZ-401,1.00,0.09,0.72,0.01,1.37,0.12,1.09,36,72,Normal
1751,2026-03-14T23:00:00.000Z,singareni-s4,zone-d,TL-301,4.48,0.18,0.46,0.15,0.22,0.01,1.03,34,75,Normal
1752,2026-03-15T00:00:00.000Z,korba-west-bench,zone-d,PZ-401,3.39,0.71,0.52,0.05,1.10,0.04,0.71,19,93,Normal
1753,2026-03-15T01:00:00.000Z,korba-west-bench,zone-d,TL-301,21.64,5.59,3.76,0.70,10.18,0.91,3.39,76,67,Critical
1754,2026-03-15T02:00:00.000Z,jharia-open-pit,zone-c,SN-102,2.83,0.52,0.70,0.06,1.13,0.09,0.58,30,78,Normal
1755,2026-03-15T03:00:00.000Z,jharia-open-pit,zone-a,TL-301,3.96,0.44,0.22,0.01,1.42,0.14,0.46,22,93,Normal
1756,2026-03-15T04:00:00.000Z,jharia-open-pit,zone-d,PZ-401,0.65,0.41,0.34,0.10,0.44,0.18,0.88,28,71,Normal
1757,2026-03-15T05:00:00.000Z,singareni-s4,zone-b,TL-301,4.21,0.71,0.58,0.10,0.39,0.01,0.94,19,98,Normal
1758,2026-03-15T06:00:00.000Z,jharia-open-pit,zone-d,SN-102,5.12,0.98,2.01,0.55,2.99,0.21,1.80,41,96,Warning
1759,2026-03-15T07:00:00.000Z,singareni-s4,zone-d,SN-102,2.43,0.59,0.55,0.08,1.28,0.07,0.23,34,87,Normal
1760,2026-03-15T08:00:00.000Z,raniganj-south-slope,zone-c,EX-201,0.28,0.10,0.61,0.04,0.70,0.07,1.06,30,87,Normal
1761,2026-03-15T09:00:00.000Z,raniganj-south-slope,zone-a,EX-201,3.47,0.46,0.03,0.15,0.22,0.07,0.00,28,98,Normal
1762,2026-03-15T10:00:00.000Z,raniganj-south-slope,zone-b,TL-301,0.63,0.62,0.68,0.00,0.46,0.18,0.64,39,74,Normal
1763,2026-03-15T11:00:00.000Z,jharia-open-pit,zone-a,SN-102,2.69,0.76,0.28,0.12,0.69,0.02,0.33,23,82,Normal
1764,2026-03-15T12:00:00.000Z,jharia-open-pit,zone-b,EX-201,3.20,0.36,0.21,0.12,0.40,0.09,0.03,15,70,Normal
1765,2026-03-15T13:00:00.000Z,singareni-s4,zone-c,SN-102,11.35,1.16,1.54,0.41,3.72,0.63,2.43,57,78,Warning
1766,2026-03-15T14:00:00.000Z,korba-west-bench,zone-c,SN-101,0.86,0.44,0.76,0.01,1.29,0.01,0.86,39,82,Normal
1767,2026-03-15T15:00:00.000Z,singareni-s4,zone-c,SN-102,0.62,0.31,0.77,0.02,0.75,0.05,1.17,35,65,Normal
1768,2026-03-15T16:00:00.000Z,singareni-s4,zone-d,EX-201,3.06,0.75,0.08,0.08,0.85,0.14,0.95,28,75,Normal
1769,2026-03-15T17:00:00.000Z,jharia-open-pit,zone-d,TL-301,3.58,0.01,0.23,0.03,1.46,0.17,0.00,38,88,Normal
1770,2026-03-15T18:00:00.000Z,raniganj-south-slope,zone-a,TL-301,1.86,0.58,0.68,0.01,0.29,0.18,0.10,23,99,Normal
1771,2026-03-15T19:00:00.000Z,jharia-open-pit,zone-b,PZ-401,2.66,0.65,0.27,0.14,0.11,0.13,1.04,17,76,Normal
1772,2026-03-15T20:00:00.000Z,singareni-s4,zone-b,TL-301,4.31,0.12,0.17,0.00,1.16,0.15,1.02,35,90,Normal
1773,2026-03-15T21:00:00.000Z,korba-west-bench,zone-b,EX-201,0.43,0.37,0.15,0.12,1.21,0.09,0.13,33,91,Normal
1774,2026-03-15T22:00:00.000Z,korba-west-bench,zone-d,PZ-401,3.05,0.14,0.74,0.13,0.52,0.17,0.14,20,92,Normal
1775,2026-03-15T23:00:00.000Z,raniganj-south-slope,zone-c,SN-102,9.46,2.22,1.17,0.32,2.29,0.56,1.31,56,81,Warning
1776,2026-03-16T00:00:00.000Z,singareni-s4,zone-a,SN-102,4.10,0.57,0.80,0.11,1.39,0.19,0.52,27,68,Normal
1777,2026-03-16T01:00:00.000Z,singareni-s4,zone-c,SN-101,11.42,1.70,1.08,0.56,2.94,0.26,2.79,44,78,Warning
1778,2026-03-16T02:00:00.000Z,korba-west-bench,zone-b,EX-201,17.43,4.76,4.68,0.95,7.73,1.30,3.45,84,69,Critical
1779,2026-03-16T03:00:00.000Z,jharia-open-pit,zone-b,TL-301,2.74,0.64,0.50,0.09,1.34,0.05,1.02,23,83,Normal
1780,2026-03-16T04:00:00.000Z,jharia-open-pit,zone-d,TL-301,10.76,2.35,1.43,0.44,1.54,0.67,2.32,44,74,Warning
1781,2026-03-16T05:00:00.000Z,jharia-open-pit,zone-a,SN-101,4.38,0.38,0.08,0.14,0.87,0.15,0.57,22,92,Normal
1782,2026-03-16T06:00:00.000Z,korba-west-bench,zone-a,SN-102,6.04,1.70,1.71,0.59,1.82,0.40,1.61,38,77,Warning
1783,2026-03-16T07:00:00.000Z,korba-west-bench,zone-c,EX-201,18.57,5.56,3.85,1.42,5.71,1.04,6.10,58,66,Critical
1784,2026-03-16T08:00:00.000Z,raniganj-south-slope,zone-d,EX-201,4.00,0.30,0.32,0.14,0.46,0.05,0.45,20,97,Normal
1785,2026-03-16T09:00:00.000Z,jharia-open-pit,zone-a,SN-102,2.52,0.56,0.21,0.01,0.01,0.06,1.18,23,64,Normal
1786,2026-03-16T10:00:00.000Z,korba-west-bench,zone-a,TL-301,4.41,0.52,0.26,0.09,1.40,0.07,0.56,16,73,Normal
1787,2026-03-16T11:00:00.000Z,raniganj-south-slope,zone-b,SN-102,6.04,1.99,1.52,0.58,1.81,0.57,2.68,58,65,Warning
1788,2026-03-16T12:00:00.000Z,korba-west-bench,zone-a,SN-102,6.64,2.03,0.89,0.48,2.89,0.60,2.42,35,72,Warning
1789,2026-03-16T13:00:00.000Z,raniganj-south-slope,zone-b,SN-101,1.84,0.49,0.30,0.15,0.81,0.08,0.53,32,80,Normal
1790,2026-03-16T14:00:00.000Z,singareni-s4,zone-a,SN-101,4.29,0.03,0.59,0.00,0.19,0.14,0.08,22,60,Normal
1791,2026-03-16T15:00:00.000Z,raniganj-south-slope,zone-a,TL-301,2.42,0.08,0.38,0.10,0.50,0.12,0.69,17,74,Normal
1792,2026-03-16T16:00:00.000Z,raniganj-south-slope,zone-c,SN-102,8.92,1.34,1.37,0.42,4.22,0.61,1.26,41,98,Warning
1793,2026-03-16T17:00:00.000Z,singareni-s4,zone-d,SN-101,3.94,0.58,0.01,0.11,1.27,0.08,1.03,28,95,Normal
1794,2026-03-16T18:00:00.000Z,jharia-open-pit,zone-a,TL-301,6.17,1.12,2.42,0.52,1.86,0.61,2.29,60,67,Warning
1795,2026-03-16T19:00:00.000Z,raniganj-south-slope,zone-c,SN-102,2.15,0.78,0.48,0.14,1.38,0.18,1.18,31,63,Normal
1796,2026-03-16T20:00:00.000Z,singareni-s4,zone-a,PZ-401,29.14,2.90,3.98,0.67,10.67,0.80,2.97,75,62,Critical
1797,2026-03-16T21:00:00.000Z,jharia-open-pit,zone-c,SN-101,3.82,0.10,0.18,0.05,0.87,0.05,0.74,26,61,Normal
1798,2026-03-16T22:00:00.000Z,korba-west-bench,zone-b,EX-201,11.41,1.73,1.90,0.58,2.12,0.41,1.27,64,83,Warning
1799,2026-03-16T23:00:00.000Z,jharia-open-pit,zone-d,SN-102,1.38,0.14,0.45,0.01,1.25,0.03,0.77,39,98,Normal
1800,2026-03-17T00:00:00.000Z,raniganj-south-slope,zone-d,SN-102,1.25,0.41,0.16,0.02,1.47,0.01,0.30,25,97,Normal
1801,2026-03-17T01:00:00.000Z,korba-west-bench,zone-a,SN-102,2.64,0.77,0.66,0.14,0.59,0.09,0.08,25,97,Normal
1802,2026-03-17T02:00:00.000Z,jharia-open-pit,zone-a,SN-102,11.05,0.86,1.40,0.29,3.73,0.56,2.81,61,63,Warning
1803,2026-03-17T03:00:00.000Z,singareni-s4,zone-b,TL-301,3.23,0.70,0.34,0.13,0.17,0.14,0.68,38,72,Normal
1804,2026-03-17T04:00:00.000Z,jharia-open-pit,zone-d,SN-101,11.47,1.62,2.57,0.59,4.27,0.39,2.01,60,60,Warning
1805,2026-03-17T05:00:00.000Z,jharia-open-pit,zone-c,SN-101,8.42,1.76,1.67,0.51,3.26,0.40,2.48,64,86,Warning
1806,2026-03-17T06:00:00.000Z,korba-west-bench,zone-d,SN-102,7.33,1.65,2.40,0.49,3.70,0.52,1.66,38,97,Warning
1807,2026-03-17T07:00:00.000Z,jharia-open-pit,zone-b,PZ-401,11.39,1.37,0.97,0.30,4.37,0.55,1.65,44,93,Warning
1808,2026-03-17T08:00:00.000Z,jharia-open-pit,zone-c,SN-102,26.60,4.24,4.27,0.94,7.97,1.42,5.76,84,81,Critical
1809,2026-03-17T09:00:00.000Z,korba-west-bench,zone-d,PZ-401,8.14,0.86,2.47,0.25,3.05,0.56,1.57,56,64,Warning
1810,2026-03-17T10:00:00.000Z,singareni-s4,zone-b,SN-102,4.34,0.57,0.68,0.11,0.04,0.15,0.62,35,83,Normal
1811,2026-03-17T11:00:00.000Z,singareni-s4,zone-d,SN-102,14.12,6.38,2.94,1.59,11.40,2.53,3.06,81,61,Critical
1812,2026-03-17T12:00:00.000Z,jharia-open-pit,zone-d,PZ-401,1.40,0.47,0.19,0.04,0.30,0.08,0.14,36,76,Normal
1813,2026-03-17T13:00:00.000Z,singareni-s4,zone-b,SN-101,10.18,1.51,0.80,0.45,2.35,0.62,1.25,61,61,Warning
1814,2026-03-17T14:00:00.000Z,singareni-s4,zone-c,SN-101,11.40,2.14,2.42,0.58,2.60,0.66,2.61,53,86,Warning
1815,2026-03-17T15:00:00.000Z,raniganj-south-slope,zone-a,SN-101,9.43,1.89,2.41,0.57,4.06,0.52,1.90,55,63,Warning
1816,2026-03-17T16:00:00.000Z,korba-west-bench,zone-d,TL-301,0.63,0.53,0.46,0.13,0.01,0.05,1.12,33,74,Normal
1817,2026-03-17T17:00:00.000Z,korba-west-bench,zone-a,SN-101,21.40,3.90,5.16,1.57,11.52,2.21,3.98,58,89,Critical
1818,2026-03-17T18:00:00.000Z,korba-west-bench,zone-d,SN-102,2.29,0.32,0.71,0.06,0.20,0.01,0.47,27,75,Normal
1819,2026-03-17T19:00:00.000Z,singareni-s4,zone-c,SN-102,26.74,6.09,4.03,0.74,8.85,2.32,4.77,82,72,Critical
1820,2026-03-17T20:00:00.000Z,raniganj-south-slope,zone-b,EX-201,0.75,0.14,0.49,0.02,1.18,0.15,0.85,34,94,Normal
1821,2026-03-17T21:00:00.000Z,korba-west-bench,zone-d,PZ-401,10.02,1.00,1.30,0.50,3.97,0.34,1.80,50,67,Warning
1822,2026-03-17T22:00:00.000Z,korba-west-bench,zone-c,PZ-401,1.89,0.04,0.23,0.10,1.06,0.03,0.46,20,89,Normal
1823,2026-03-17T23:00:00.000Z,korba-west-bench,zone-a,PZ-401,0.63,0.38,0.67,0.12,1.19,0.03,0.37,24,80,Normal
1824,2026-03-18T00:00:00.000Z,korba-west-bench,zone-a,SN-101,3.11,0.38,0.43,0.08,0.31,0.03,0.19,29,88,Normal
1825,2026-03-18T01:00:00.000Z,singareni-s4,zone-a,TL-301,2.93,0.18,0.63,0.07,0.62,0.16,0.65,18,93,Normal
1826,2026-03-18T02:00:00.000Z,korba-west-bench,zone-c,PZ-401,2.10,0.75,0.66,0.07,0.69,0.04,0.22,25,73,Normal
1827,2026-03-18T03:00:00.000Z,jharia-open-pit,zone-d,SN-101,5.32,1.44,1.32,0.24,4.44,0.46,1.88,38,66,Warning
1828,2026-03-18T04:00:00.000Z,jharia-open-pit,zone-c,PZ-401,4.25,0.61,0.08,0.07,0.01,0.00,0.00,30,67,Normal
1829,2026-03-18T05:00:00.000Z,jharia-open-pit,zone-c,EX-201,2.03,0.79,0.70,0.08,0.65,0.11,0.44,37,96,Normal
1830,2026-03-18T06:00:00.000Z,korba-west-bench,zone-a,PZ-401,1.74,0.79,0.13,0.10,0.77,0.15,0.58,33,94,Normal
1831,2026-03-18T07:00:00.000Z,jharia-open-pit,zone-c,TL-301,2.61,0.55,0.31,0.00,0.89,0.08,1.09,26,64,Normal
1832,2026-03-18T08:00:00.000Z,raniganj-south-slope,zone-d,TL-301,1.47,0.80,0.32,0.14,0.59,0.07,0.14,35,90,Normal
1833,2026-03-18T09:00:00.000Z,raniganj-south-slope,zone-d,EX-201,2.64,0.06,0.27,0.05,1.22,0.16,0.02,38,89,Normal
1834,2026-03-18T10:00:00.000Z,singareni-s4,zone-b,EX-201,0.89,0.16,0.74,0.05,0.51,0.14,0.93,37,63,Normal
1835,2026-03-18T11:00:00.000Z,jharia-open-pit,zone-d,PZ-401,27.67,2.41,4.76,1.40,8.06,1.94,3.83,62,86,Critical
1836,2026-03-18T12:00:00.000Z,singareni-s4,zone-c,TL-301,3.88,0.75,0.75,0.08,0.02,0.16,0.26,31,61,Normal
1837,2026-03-18T13:00:00.000Z,korba-west-bench,zone-b,EX-201,11.19,1.98,1.07,0.48,4.44,0.74,2.17,40,72,Warning
1838,2026-03-18T14:00:00.000Z,jharia-open-pit,zone-d,TL-301,1.46,0.41,0.44,0.08,0.91,0.03,0.30,16,61,Normal
1839,2026-03-18T15:00:00.000Z,singareni-s4,zone-a,SN-102,2.13,0.31,0.02,0.03,0.01,0.04,,15,99,Normal
1840,2026-03-18T16:00:00.000Z,korba-west-bench,zone-c,SN-101,8.30,0.97,1.74,0.40,1.64,0.41,1.50,62,82,Warning
1841,2026-03-18T17:00:00.000Z,jharia-open-pit,zone-d,PZ-401,2.21,0.62,0.63,0.00,0.31,0.07,0.93,24,69,Normal
1842,2026-03-18T18:00:00.000Z,korba-west-bench,zone-b,PZ-401,25.17,3.82,3.89,1.28,11.52,2.07,4.98,55,79,Critical
1843,2026-03-18T19:00:00.000Z,jharia-open-pit,zone-b,EX-201,0.76,0.54,0.44,0.15,0.70,0.08,0.03,36,85,Normal
1844,2026-03-18T20:00:00.000Z,korba-west-bench,zone-b,SN-101,1.76,0.13,0.74,0.09,0.68,0.09,0.69,18,69,Normal
1845,2026-03-18T21:00:00.000Z,singareni-s4,zone-d,SN-102,20.24,5.02,4.86,0.52,4.98,1.93,6.21,66,90,Critical
1846,2026-03-18T22:00:00.000Z,raniganj-south-slope,zone-b,SN-101,0.64,0.69,0.62,0.13,1.41,0.05,0.76,18,82,Normal
1847,2026-03-18T23:00:00.000Z,jharia-open-pit,zone-b,EX-201,3.14,0.32,0.34,0.09,1.42,0.14,0.50,31,82,Normal
1848,2026-03-19T00:00:00.000Z,raniganj-south-slope,zone-c,SN-102,3.51,0.04,0.59,0.07,0.06,0.20,0.78,17,70,Normal
1849,2026-03-19T01:00:00.000Z,jharia-open-pit,zone-d,TL-301,19.97,4.41,4.60,1.48,9.27,1.47,4.81,74,76,Critical
1850,2026-03-19T02:00:00.000Z,singareni-s4,zone-b,TL-301,2.21,0.51,0.53,0.04,1.15,0.12,0.38,38,68,Normal
1851,2026-03-19T03:00:00.000Z,korba-west-bench,zone-b,EX-201,3.31,0.74,0.79,0.13,0.13,0.14,0.95,29,90,Normal
1852,2026-03-19T04:00:00.000Z,singareni-s4,zone-d,PZ-401,4.41,0.59,0.08,0.15,0.20,0.02,0.88,16,88,Normal
1853,2026-03-19T05:00:00.000Z,jharia-open-pit,zone-b,SN-102,1.29,0.59,0.30,0.10,1.08,0.16,0.05,38,85,Normal
1854,2026-03-19T06:00:00.000Z,raniganj-south-slope,zone-c,SN-102,8.38,1.79,0.94,0.30,2.94,0.35,2.92,48,68,Warning
1855,2026-03-19T07:00:00.000Z,jharia-open-pit,zone-d,SN-102,1.43,0.66,0.42,0.12,0.81,0.19,1.18,37,98,Normal
1856,2026-03-19T08:00:00.000Z,singareni-s4,zone-b,TL-301,3.42,0.14,0.30,0.11,0.22,0.00,0.10,26,66,Normal
1857,2026-03-19T09:00:00.000Z,korba-west-bench,zone-c,PZ-401,1.47,0.64,0.62,0.14,0.76,0.11,0.08,30,94,Normal
1858,2026-03-19T10:00:00.000Z,singareni-s4,zone-b,TL-301,0.24,0.16,0.27,0.13,0.12,0.14,0.36,38,70,Normal
1859,2026-03-19T11:00:00.000Z,raniganj-south-slope,zone-a,SN-101,9.13,2.17,2.13,0.34,4.23,0.40,1.42,57,94,Warning
1860,2026-03-19T12:00:00.000Z,singareni-s4,zone-b,TL-301,0.13,0.39,0.17,0.07,0.55,0.03,0.26,25,73,Normal
1861,2026-03-19T13:00:00.000Z,jharia-open-pit,zone-d,SN-101,5.08,1.93,0.98,0.22,2.17,0.42,2.36,43,80,Warning
1862,2026-03-19T14:00:00.000Z,singareni-s4,zone-b,EX-201,5.50,1.88,1.99,0.44,3.97,0.32,1.56,62,79,Warning
1863,2026-03-19T15:00:00.000Z,raniganj-south-slope,zone-b,PZ-401,8.24,1.23,1.08,0.28,3.60,0.70,1.33,40,88,Warning
1864,2026-03-19T16:00:00.000Z,raniganj-south-slope,zone-a,SN-101,27.74,2.89,2.95,1.22,7.09,1.37,5.23,69,68,Critical
1865,2026-03-19T17:00:00.000Z,singareni-s4,zone-b,SN-102,22.38,6.60,3.93,0.84,10.59,0.79,4.04,70,79,Critical
1866,2026-03-19T18:00:00.000Z,raniganj-south-slope,zone-c,SN-101,14.53,4.69,3.55,1.19,10.61,1.15,4.11,79,91,Critical
1867,2026-03-19T19:00:00.000Z,singareni-s4,zone-a,SN-101,10.66,0.83,2.41,0.59,1.59,0.51,2.59,60,77,Warning
1868,2026-03-19T20:00:00.000Z,raniganj-south-slope,zone-b,EX-201,1.27,0.16,0.73,0.08,0.27,0.15,0.74,33,93,Normal
1869,2026-03-19T21:00:00.000Z,korba-west-bench,zone-a,TL-301,21.20,3.87,5.54,1.29,12.26,0.81,3.35,89,83,Critical
1870,2026-03-19T22:00:00.000Z,raniganj-south-slope,zone-a,SN-102,3.63,0.11,0.46,0.11,1.16,0.15,0.86,27,77,Normal
1871,2026-03-19T23:00:00.000Z,raniganj-south-slope,zone-d,SN-102,5.35,1.81,1.93,0.43,4.69,0.30,,48,71,Warning
1872,2026-03-20T00:00:00.000Z,korba-west-bench,zone-d,EX-201,1.42,0.40,0.62,0.03,0.05,0.17,0.97,20,72,Normal
1873,2026-03-20T01:00:00.000Z,korba-west-bench,zone-c,EX-201,1.65,0.08,0.35,0.05,0.29,0.14,0.70,20,92,Normal
1874,2026-03-20T02:00:00.000Z,korba-west-bench,zone-a,EX-201,2.01,0.77,0.25,0.01,0.16,0.10,0.41,33,62,Normal
1875,2026-03-20T03:00:00.000Z,raniganj-south-slope,zone-d,SN-102,2.06,0.06,0.09,0.07,0.65,0.11,0.24,39,61,Normal
1876,2026-03-20T04:00:00.000Z,korba-west-bench,zone-a,SN-101,9.04,1.11,1.06,0.19,4.00,0.25,1.89,52,95,Warning
1877,2026-03-20T05:00:00.000Z,singareni-s4,zone-b,SN-101,2.18,0.16,0.04,0.07,0.77,0.07,0.56,33,67,Normal
1878,2026-03-20T06:00:00.000Z,jharia-open-pit,zone-a,PZ-401,8.83,1.99,1.45,0.59,4.66,0.20,2.21,59,97,Warning
1879,2026-03-20T07:00:00.000Z,jharia-open-pit,zone-b,PZ-401,4.48,0.18,0.30,0.14,0.11,0.15,0.85,32,65,Normal
1880,2026-03-20T08:00:00.000Z,korba-west-bench,zone-b,SN-102,1.07,0.71,0.22,0.15,0.68,0.01,0.76,26,82,Normal
1881,2026-03-20T09:00:00.000Z,jharia-open-pit,zone-c,SN-101,0.60,0.61,0.38,0.02,0.91,0.01,0.76,26,68,Normal
1882,2026-03-20T10:00:00.000Z,raniganj-south-slope,zone-b,PZ-401,21.59,6.88,3.11,1.14,7.22,1.82,3.65,64,62,Critical
1883,2026-03-20T11:00:00.000Z,raniganj-south-slope,zone-b,PZ-401,2.72,0.49,0.78,0.11,0.81,0.08,0.06,27,66,Normal
1884,2026-03-20T12:00:00.000Z,raniganj-south-slope,zone-d,SN-102,3.07,0.72,0.71,0.14,0.77,0.08,0.32,20,99,Normal
1885,2026-03-20T13:00:00.000Z,singareni-s4,zone-c,TL-301,4.01,0.36,0.42,0.02,0.38,0.13,0.14,37,88,Normal
1886,2026-03-20T14:00:00.000Z,jharia-open-pit,zone-c,EX-201,2.28,0.44,0.06,0.12,0.05,0.12,1.14,26,92,Normal
1887,2026-03-20T15:00:00.000Z,raniganj-south-slope,zone-c,EX-201,0.97,0.18,0.02,0.14,0.19,0.01,0.21,16,95,Normal
1888,2026-03-20T16:00:00.000Z,korba-west-bench,zone-d,TL-301,3.36,0.07,0.27,0.11,0.99,0.02,0.13,28,80,Normal
1889,2026-03-20T17:00:00.000Z,jharia-open-pit,zone-d,TL-301,3.26,0.47,0.69,0.06,0.01,0.06,0.88,20,99,Normal
1890,2026-03-20T18:00:00.000Z,jharia-open-pit,zone-b,SN-102,0.34,0.62,0.25,0.14,1.23,0.05,0.27,16,94,Normal
1891,2026-03-20T19:00:00.000Z,raniganj-south-slope,zone-b,SN-102,1.08,0.74,0.01,0.05,0.17,0.14,1.09,23,60,Normal
1892,2026-03-20T20:00:00.000Z,singareni-s4,zone-a,SN-102,1.05,0.51,0.43,0.05,0.81,0.18,0.50,16,72,Normal
1893,2026-03-20T21:00:00.000Z,jharia-open-pit,zone-d,EX-201,0.73,0.55,0.67,0.10,0.65,0.14,0.44,34,66,Normal
1894,2026-03-20T22:00:00.000Z,singareni-s4,zone-c,SN-102,4.36,0.13,0.53,0.02,1.02,0.09,0.96,15,66,Normal
1895,2026-03-20T23:00:00.000Z,jharia-open-pit,zone-a,SN-101,0.36,0.27,0.46,0.11,1.40,0.13,0.55,23,75,Normal
1896,2026-03-21T00:00:00.000Z,jharia-open-pit,zone-b,SN-101,0.30,0.72,0.44,0.11,0.64,0.19,0.51,17,94,Normal
1897,2026-03-21T01:00:00.000Z,singareni-s4,zone-c,EX-201,0.85,0.47,0.07,0.15,0.20,0.18,0.31,36,79,Normal
1898,2026-03-21T02:00:00.000Z,raniganj-south-slope,zone-b,PZ-401,3.40,0.55,0.00,0.14,1.30,0.03,0.61,20,75,Normal
1899,2026-03-21T03:00:00.000Z,singareni-s4,zone-a,TL-301,0.79,0.46,0.05,0.05,1.09,0.19,0.26,29,86,Normal
1900,2026-03-21T04:00:00.000Z,raniganj-south-slope,zone-c,TL-301,0.35,0.73,0.45,0.01,0.99,0.18,1.13,39,69,Normal
1901,2026-03-21T05:00:00.000Z,korba-west-bench,zone-d,PZ-401,9.47,1.27,2.57,0.22,1.88,0.26,2.71,56,82,Warning
1902,2026-03-21T06:00:00.000Z,korba-west-bench,zone-d,PZ-401,10.06,1.61,1.62,0.46,2.60,0.63,1.74,49,62,Warning
1903,2026-03-21T07:00:00.000Z,korba-west-bench,zone-b,PZ-401,2.59,0.35,0.13,0.02,0.10,0.19,0.92,34,80,Normal
1904,2026-03-21T08:00:00.000Z,singareni-s4,zone-d,SN-102,3.08,0.07,0.39,0.05,0.10,0.11,0.52,19,66,Normal
1905,2026-03-21T09:00:00.000Z,jharia-open-pit,zone-b,EX-201,0.03,0.52,0.63,0.09,1.28,0.11,0.21,35,70,Normal
1906,2026-03-21T10:00:00.000Z,korba-west-bench,zone-c,TL-301,2.46,0.44,0.36,0.11,1.40,0.05,0.33,29,77,Normal
1907,2026-03-21T11:00:00.000Z,korba-west-bench,zone-b,SN-102,1.35,0.71,0.58,0.05,0.42,0.13,1.06,38,79,Normal
1908,2026-03-21T12:00:00.000Z,raniganj-south-slope,zone-d,PZ-401,4.07,0.77,0.61,0.07,0.46,0.20,0.24,31,92,Normal
1909,2026-03-21T13:00:00.000Z,jharia-open-pit,zone-c,SN-101,15.81,5.01,5.77,1.47,7.13,1.62,4.49,58,90,Critical
1910,2026-03-21T14:00:00.000Z,korba-west-bench,zone-d,PZ-401,7.43,1.24,2.32,0.18,2.84,0.69,1.21,49,86,Warning
1911,2026-03-21T15:00:00.000Z,jharia-open-pit,zone-d,SN-101,0.85,0.63,0.53,0.10,1.41,0.08,0.79,20,66,Normal
1912,2026-03-21T16:00:00.000Z,singareni-s4,zone-d,EX-201,2.73,0.58,0.46,0.13,0.59,0.08,0.43,38,81,Normal
1913,2026-03-21T17:00:00.000Z,jharia-open-pit,zone-d,SN-102,29.03,4.89,5.52,1.42,7.13,2.35,5.66,91,85,Critical
1914,2026-03-21T18:00:00.000Z,singareni-s4,zone-d,SN-102,3.17,0.40,0.55,0.00,0.44,0.08,0.13,25,98,Normal
1915,2026-03-21T19:00:00.000Z,jharia-open-pit,zone-a,EX-201,0.55,0.17,0.78,0.14,0.43,0.14,0.89,39,90,Normal
1916,2026-03-21T20:00:00.000Z,singareni-s4,zone-a,TL-301,7.65,1.86,2.11,0.19,3.45,0.66,2.87,40,85,Warning
1917,2026-03-21T21:00:00.000Z,jharia-open-pit,zone-b,EX-201,0.13,0.30,0.19,0.14,1.32,0.18,0.81,15,73,Normal
1918,2026-03-21T22:00:00.000Z,raniganj-south-slope,zone-a,EX-201,3.13,0.40,0.12,0.02,0.27,0.12,0.88,19,86,Normal
1919,2026-03-21T23:00:00.000Z,jharia-open-pit,zone-b,EX-201,2.03,0.27,0.30,0.03,0.71,0.18,0.98,27,61,Normal
1920,2026-03-22T00:00:00.000Z,jharia-open-pit,zone-c,SN-102,3.66,0.47,0.14,0.15,0.83,0.18,0.64,22,97,Normal
1921,2026-03-22T01:00:00.000Z,singareni-s4,zone-c,PZ-401,1.83,0.75,0.03,0.13,0.86,0.11,0.63,35,99,Normal
1922,2026-03-22T02:00:00.000Z,jharia-open-pit,zone-a,SN-102,2.89,0.15,0.54,0.10,1.23,0.15,0.96,27,64,Normal
1923,2026-03-22T03:00:00.000Z,korba-west-bench,zone-d,SN-102,0.30,0.04,0.56,0.02,0.23,0.01,0.07,29,89,Normal
1924,2026-03-22T04:00:00.000Z,raniganj-south-slope,zone-b,SN-101,6.72,2.33,2.14,0.46,2.98,0.23,2.43,35,71,Warning
1925,2026-03-22T05:00:00.000Z,raniganj-south-slope,zone-b,PZ-401,8.86,0.89,1.62,0.41,4.66,0.37,1.46,64,77,Warning
1926,2026-03-22T06:00:00.000Z,jharia-open-pit,zone-b,SN-101,8.09,2.35,1.77,0.37,3.46,0.68,2.38,64,64,Warning
1927,2026-03-22T07:00:00.000Z,jharia-open-pit,zone-d,SN-101,4.14,0.75,0.79,0.07,1.05,0.14,1.01,33,82,Normal
1928,2026-03-22T08:00:00.000Z,singareni-s4,zone-c,EX-201,7.38,2.00,1.02,0.36,1.66,0.49,1.92,55,97,Warning
1929,2026-03-22T09:00:00.000Z,singareni-s4,zone-d,EX-201,3.30,0.68,0.75,0.04,1.12,0.19,0.70,24,72,Normal
1930,2026-03-22T10:00:00.000Z,korba-west-bench,zone-d,EX-201,20.58,4.73,4.15,1.02,11.83,1.73,2.77,73,99,Critical
1931,2026-03-22T11:00:00.000Z,singareni-s4,zone-a,SN-102,8.47,1.47,1.16,0.18,3.84,0.38,1.43,49,92,Warning
1932,2026-03-22T12:00:00.000Z,raniganj-south-slope,zone-b,PZ-401,12.40,4.87,2.73,1.33,8.51,1.61,4.93,61,97,Critical
1933,2026-03-22T13:00:00.000Z,korba-west-bench,zone-a,SN-101,1.40,0.44,0.16,0.01,0.19,0.19,0.03,16,87,Normal
1934,2026-03-22T14:00:00.000Z,korba-west-bench,zone-d,PZ-401,7.60,1.01,1.48,0.51,4.17,0.45,2.67,47,83,Warning
1935,2026-03-22T15:00:00.000Z,singareni-s4,zone-c,EX-201,1.68,0.05,0.58,0.01,0.89,0.19,0.84,33,87,Normal
1936,2026-03-22T16:00:00.000Z,jharia-open-pit,zone-b,PZ-401,3.00,0.74,0.23,0.09,0.71,0.04,0.70,24,93,Normal
1937,2026-03-22T17:00:00.000Z,singareni-s4,zone-a,EX-201,1.08,0.01,0.64,0.14,0.99,0.13,0.21,18,73,Normal
1938,2026-03-22T18:00:00.000Z,raniganj-south-slope,zone-c,PZ-401,1.38,0.68,0.63,0.13,0.34,0.17,0.40,34,61,Normal
1939,2026-03-22T19:00:00.000Z,korba-west-bench,zone-c,PZ-401,8.82,1.57,2.52,0.44,1.71,0.33,1.46,37,72,Warning
1940,2026-03-22T20:00:00.000Z,jharia-open-pit,zone-b,SN-102,4.46,0.62,0.52,0.11,1.48,0.11,0.61,21,69,Normal
1941,2026-03-22T21:00:00.000Z,raniganj-south-slope,zone-d,PZ-401,5.51,1.69,1.31,0.38,3.49,0.41,2.87,64,66,Warning
1942,2026-03-22T22:00:00.000Z,singareni-s4,zone-c,PZ-401,2.77,0.17,0.43,0.09,0.04,0.12,1.05,31,78,Normal
1943,2026-03-22T23:00:00.000Z,raniganj-south-slope,zone-d,PZ-401,3.51,0.02,0.50,0.11,0.81,0.18,0.38,17,77,Normal
1944,2026-03-23T00:00:00.000Z,jharia-open-pit,zone-c,TL-301,1.52,0.60,0.63,0.01,1.38,0.19,1.12,32,71,Normal
1945,2026-03-23T01:00:00.000Z,raniganj-south-slope,zone-a,EX-201,7.52,1.12,2.51,0.58,3.66,0.36,2.55,50,82,Warning
1946,2026-03-23T02:00:00.000Z,singareni-s4,zone-b,SN-101,13.62,3.94,5.25,0.61,7.02,1.81,3.04,62,96,Critical
1947,2026-03-23T03:00:00.000Z,korba-west-bench,zone-a,PZ-401,1.04,0.01,0.18,0.00,1.34,0.09,0.62,36,82,Normal
1948,2026-03-23T04:00:00.000Z,singareni-s4,zone-c,EX-201,3.02,0.06,0.80,0.05,0.43,0.15,0.98,25,88,Normal
1949,2026-03-23T05:00:00.000Z,singareni-s4,zone-b,SN-101,27.11,3.11,3.15,1.34,5.87,1.38,4.90,55,70,Critical
1950,2026-03-23T06:00:00.000Z,raniganj-south-slope,zone-b,TL-301,6.27,1.01,2.13,0.48,3.01,0.30,2.50,61,67,Warning
1951,2026-03-23T07:00:00.000Z,jharia-open-pit,zone-a,EX-201,0.19,0.14,0.42,0.12,0.90,0.04,0.62,24,89,Normal
1952,2026-03-23T08:00:00.000Z,singareni-s4,zone-c,SN-102,3.47,0.62,0.15,0.15,1.14,0.03,0.27,21,60,Normal
1953,2026-03-23T09:00:00.000Z,singareni-s4,zone-b,SN-101,3.67,0.10,0.42,0.00,0.91,0.17,0.30,36,92,Normal
1954,2026-03-23T10:00:00.000Z,korba-west-bench,zone-b,SN-102,20.69,3.28,5.31,0.91,10.73,2.08,5.45,61,71,Critical
1955,2026-03-23T11:00:00.000Z,jharia-open-pit,zone-c,SN-101,3.77,0.61,0.18,0.06,1.06,0.10,0.53,32,98,Normal
1956,2026-03-23T12:00:00.000Z,korba-west-bench,zone-a,SN-102,1.04,0.21,0.03,0.11,0.22,0.18,1.17,29,95,Normal
1957,2026-03-23T13:00:00.000Z,jharia-open-pit,zone-c,TL-301,17.48,3.44,5.81,1.02,5.90,1.24,5.24,72,72,Critical
1958,2026-03-23T14:00:00.000Z,korba-west-bench,zone-d,EX-201,1.92,0.71,0.29,0.05,1.10,0.13,0.86,17,95,Normal
1959,2026-03-23T15:00:00.000Z,singareni-s4,zone-b,TL-301,4.42,0.39,0.44,0.10,1.30,0.00,0.47,35,70,Normal
1960,2026-03-23T16:00:00.000Z,raniganj-south-slope,zone-b,EX-201,5.27,1.47,1.48,0.49,4.24,0.42,1.44,36,85,Warning
1961,2026-03-23T17:00:00.000Z,singareni-s4,zone-c,SN-102,0.14,0.50,0.75,0.14,1.30,0.12,1.14,19,98,Normal
1962,2026-03-23T18:00:00.000Z,singareni-s4,zone-d,PZ-401,7.29,2.34,1.44,0.22,4.64,0.64,2.04,52,64,Warning
1963,2026-03-23T19:00:00.000Z,jharia-open-pit,zone-a,TL-301,3.42,0.48,0.51,0.08,0.22,0.20,1.00,23,66,Normal
1964,2026-03-23T20:00:00.000Z,korba-west-bench,zone-c,SN-101,6.65,1.73,0.86,0.17,2.86,0.46,2.78,42,98,Warning
1965,2026-03-23T21:00:00.000Z,singareni-s4,zone-b,EX-201,4.16,0.16,0.67,0.14,1.27,0.19,0.12,28,66,Normal
1966,2026-03-23T22:00:00.000Z,raniganj-south-slope,zone-c,TL-301,14.63,6.23,3.63,1.62,12.39,1.84,6.04,86,80,Critical
1967,2026-03-23T23:00:00.000Z,singareni-s4,zone-a,PZ-401,0.97,0.78,0.09,0.02,1.11,0.06,0.73,32,77,Normal
1968,2026-03-24T00:00:00.000Z,raniganj-south-slope,zone-a,SN-101,0.70,0.72,0.01,0.09,0.41,0.00,0.37,36,86,Normal
1969,2026-03-24T01:00:00.000Z,singareni-s4,zone-b,SN-101,1.97,0.18,0.56,0.14,0.53,0.05,0.72,26,62,Normal
1970,2026-03-24T02:00:00.000Z,korba-west-bench,zone-d,TL-301,9.57,0.92,2.17,0.51,3.21,0.25,2.23,42,79,Warning
1971,2026-03-24T03:00:00.000Z,raniganj-south-slope,zone-d,SN-102,1.76,0.15,0.79,0.06,0.36,0.13,0.91,18,84,Normal
1972,2026-03-24T04:00:00.000Z,singareni-s4,zone-d,EX-201,1.07,0.34,0.69,0.01,0.37,0.00,1.01,35,60,Normal
1973,2026-03-24T05:00:00.000Z,korba-west-bench,zone-c,EX-201,3.89,0.25,0.56,0.09,1.08,0.00,,29,89,Normal
1974,2026-03-24T06:00:00.000Z,singareni-s4,zone-c,SN-102,2.35,0.11,0.22,0.11,0.71,0.14,0.42,29,67,Normal
1975,2026-03-24T07:00:00.000Z,raniganj-south-slope,zone-a,PZ-401,0.20,0.61,0.56,0.00,0.08,0.03,0.14,33,97,Normal
1976,2026-03-24T08:00:00.000Z,singareni-s4,zone-d,SN-102,3.55,0.40,0.40,0.07,1.42,0.05,1.05,26,76,Normal
1977,2026-03-24T09:00:00.000Z,singareni-s4,zone-c,TL-301,0.16,0.72,0.36,0.12,1.09,0.18,,30,79,Normal
1978,2026-03-24T10:00:00.000Z,korba-west-bench,zone-d,TL-301,2.43,0.22,0.50,0.12,0.64,0.18,0.02,26,99,Normal
1979,2026-03-24T11:00:00.000Z,jharia-open-pit,zone-a,TL-301,1.07,0.26,0.27,0.05,0.71,0.01,0.07,27,62,Normal
1980,2026-03-24T12:00:00.000Z,raniganj-south-slope,zone-d,PZ-401,6.64,1.32,1.84,0.53,4.14,0.70,2.47,58,77,Warning
1981,2026-03-24T13:00:00.000Z,korba-west-bench,zone-a,PZ-401,3.51,0.05,0.23,0.10,0.23,0.20,0.47,16,87,Normal
1982,2026-03-24T14:00:00.000Z,jharia-open-pit,zone-d,TL-301,14.08,3.85,3.03,0.62,5.46,2.32,4.43,80,64,Critical
1983,2026-03-24T15:00:00.000Z,jharia-open-pit,zone-a,SN-102,1.34,0.62,0.05,0.03,0.01,0.17,0.61,33,88,Normal
1984,2026-03-24T16:00:00.000Z,korba-west-bench,zone-d,EX-201,1.69,0.46,0.70,0.12,0.92,0.10,0.82,19,70,Normal
1985,2026-03-24T17:00:00.000Z,korba-west-bench,zone-d,TL-301,19.57,3.84,2.78,1.68,12.57,2.11,5.41,64,77,Critical
1986,2026-03-24T18:00:00.000Z,korba-west-bench,zone-c,PZ-401,1.64,0.33,0.10,0.07,1.46,0.03,1.12,36,69,Normal
1987,2026-03-24T19:00:00.000Z,korba-west-bench,zone-c,EX-201,9.73,0.94,2.37,0.51,3.92,0.56,1.50,44,97,Warning
1988,2026-03-24T20:00:00.000Z,jharia-open-pit,zone-c,TL-301,10.19,1.40,2.15,0.30,2.47,0.20,1.24,60,91,Warning
1989,2026-03-24T21:00:00.000Z,korba-west-bench,zone-b,SN-102,4.10,0.48,0.22,0.02,1.04,0.01,0.14,39,64,Normal
1990,2026-03-24T22:00:00.000Z,jharia-open-pit,zone-c,PZ-401,7.07,1.23,1.73,0.22,1.56,0.30,2.49,61,87,Warning
1991,2026-03-24T23:00:00.000Z,korba-west-bench,zone-c,PZ-401,4.19,0.31,0.04,0.03,0.53,0.16,0.39,38,89,Normal
1992,2026-03-25T00:00:00.000Z,jharia-open-pit,zone-b,EX-201,3.12,0.40,0.20,0.01,0.13,0.06,0.77,26,93,Normal
1993,2026-03-25T01:00:00.000Z,raniganj-south-slope,zone-a,PZ-401,4.41,0.56,0.53,0.12,0.42,0.16,0.74,24,60,Normal
1994,2026-03-25T02:00:00.000Z,korba-west-bench,zone-b,EX-201,10.77,1.07,1.69,0.52,3.30,0.64,1.48,59,91,Warning
1995,2026-03-25T03:00:00.000Z,singareni-s4,zone-a,EX-201,0.82,0.28,0.11,0.14,0.53,0.02,0.70,15,91,Normal
1996,2026-03-25T04:00:00.000Z,jharia-open-pit,zone-d,PZ-401,17.23,3.60,2.52,1.13,9.50,0.97,5.38,76,96,Critical
1997,2026-03-25T05:00:00.000Z,raniganj-south-slope,zone-c,TL-301,3.30,0.19,0.32,0.04,0.35,0.06,0.84,18,91,Normal
1998,2026-03-25T06:00:00.000Z,singareni-s4,zone-c,PZ-401,1.79,0.76,0.52,0.05,0.67,0.11,0.27,16,88,Normal
1999,2026-03-25T07:00:00.000Z,raniganj-south-slope,zone-a,SN-101,4.24,0.56,0.78,0.01,0.59,0.07,0.16,39,71,Normal
2000,2026-03-25T08:00:00.000Z,raniganj-south-slope,zone-c,EX-201,8.11,0.97,2.24,0.41,2.89,0.41,2.17,44,64,Warning
2001,2026-03-25T09:00:00.000Z,raniganj-south-slope,zone-a,SN-101,1.85,0.09,0.25,0.11,0.65,0.11,0.88,23,67,Normal
2002,2026-03-25T10:00:00.000Z,korba-west-bench,zone-c,EX-201,10.88,1.89,1.50,0.33,2.05,0.30,,53,61,Warning
2003,2026-03-25T11:00:00.000Z,raniganj-south-slope,zone-c,SN-102,4.25,0.15,0.62,0.07,1.33,0.13,0.09,25,83,Normal
2004,2026-03-25T12:00:00.000Z,jharia-open-pit,zone-b,SN-102,1.36,0.18,0.76,0.04,1.46,0.17,0.90,39,66,Normal
2005,2026-03-25T13:00:00.000Z,singareni-s4,zone-a,EX-201,9.57,1.56,0.97,0.20,3.65,0.30,1.72,63,64,Warning
2006,2026-03-25T14:00:00.000Z,korba-west-bench,zone-c,TL-301,18.79,5.85,3.97,0.80,9.19,2.20,5.85,61,76,Critical
2007,2026-03-25T15:00:00.000Z,singareni-s4,zone-a,SN-101,0.41,0.16,0.02,0.08,0.51,0.11,0.51,36,94,Normal
2008,2026-03-25T16:00:00.000Z,korba-west-bench,zone-a,PZ-401,1.70,0.38,0.09,0.08,1.45,0.09,0.28,17,81,Normal
2009,2026-03-25T17:00:00.000Z,jharia-open-pit,zone-c,SN-101,2.33,0.22,0.42,0.04,0.78,0.15,0.67,30,78,Normal
2010,2026-03-25T18:00:00.000Z,korba-west-bench,zone-a,TL-301,21.79,6.17,3.12,0.71,10.48,2.11,2.84,58,82,Critical
2011,2026-03-25T19:00:00.000Z,raniganj-south-slope,zone-d,PZ-401,2.27,0.11,0.66,0.13,0.17,0.17,0.91,30,97,Normal
2012,2026-03-25T20:00:00.000Z,jharia-open-pit,zone-b,PZ-401,12.63,5.77,5.48,0.79,12.85,1.69,4.15,74,68,Critical
2013,2026-03-25T21:00:00.000Z,korba-west-bench,zone-d,TL-301,3.21,0.75,0.23,0.02,1.43,0.13,0.37,21,90,Normal
2014,2026-03-25T22:00:00.000Z,korba-west-bench,zone-a,TL-301,0.56,0.35,0.78,0.06,1.34,0.08,0.67,29,92,Normal
2015,2026-03-25T23:00:00.000Z,korba-west-bench,zone-a,SN-101,11.23,1.42,2.59,0.40,4.61,0.41,2.20,47,84,Warning
2016,2026-03-26T00:00:00.000Z,korba-west-bench,zone-c,TL-301,10.06,1.82,2.23,0.16,3.24,0.70,1.49,40,92,Warning
2017,2026-03-26T01:00:00.000Z,singareni-s4,zone-a,SN-102,1.63,0.19,0.25,0.05,0.04,0.06,0.61,31,65,Normal
2018,2026-03-26T02:00:00.000Z,singareni-s4,zone-d,SN-102,4.12,0.62,0.32,0.13,0.66,0.01,0.70,32,60,Normal
2019,2026-03-26T03:00:00.000Z,korba-west-bench,zone-c,PZ-401,6.11,1.86,2.51,0.55,4.43,0.30,2.82,48,76,Warning
2020,2026-03-26T04:00:00.000Z,korba-west-bench,zone-a,TL-301,3.30,0.75,0.22,0.09,1.13,0.06,0.22,18,81,Normal
2021,2026-03-26T05:00:00.000Z,singareni-s4,zone-c,EX-201,2.75,0.41,0.12,0.09,1.48,0.18,1.02,28,79,Normal
2022,2026-03-26T06:00:00.000Z,raniganj-south-slope,zone-a,TL-301,9.41,2.00,2.03,0.33,2.59,0.49,1.79,59,98,Warning
2023,2026-03-26T07:00:00.000Z,jharia-open-pit,zone-b,SN-101,1.47,0.55,0.11,0.13,1.30,0.13,1.11,15,91,Normal
2024,2026-03-26T08:00:00.000Z,raniganj-south-slope,zone-d,SN-101,3.76,0.60,0.62,0.06,0.74,0.15,0.24,16,71,Normal
2025,2026-03-26T09:00:00.000Z,korba-west-bench,zone-d,EX-201,7.80,2.40,1.55,0.43,1.55,0.25,1.91,40,71,Warning
2026,2026-03-26T10:00:00.000Z,korba-west-bench,zone-c,EX-201,2.89,0.46,0.53,0.03,0.11,0.13,1.03,24,62,Normal
2027,2026-03-26T11:00:00.000Z,korba-west-bench,zone-d,EX-201,2.90,0.01,0.32,0.05,0.67,0.11,1.11,38,79,Normal
2028,2026-03-26T12:00:00.000Z,raniganj-south-slope,zone-b,PZ-401,27.92,6.88,2.60,0.88,10.53,2.34,4.82,82,83,Critical
2029,2026-03-26T13:00:00.000Z,korba-west-bench,zone-c,EX-201,4.18,0.01,0.19,0.07,0.61,0.13,0.48,32,74,Normal
2030,2026-03-26T14:00:00.000Z,raniganj-south-slope,zone-c,PZ-401,6.87,2.28,1.79,0.57,3.46,0.70,1.40,59,99,Warning
2031,2026-03-26T15:00:00.000Z,singareni-s4,zone-a,EX-201,0.87,0.46,0.30,0.01,0.42,0.18,1.20,32,89,Normal
2032,2026-03-26T16:00:00.000Z,jharia-open-pit,zone-c,SN-102,3.89,0.77,0.65,0.03,0.67,0.10,1.04,29,68,Normal
2033,2026-03-26T17:00:00.000Z,korba-west-bench,zone-c,SN-101,0.24,0.11,0.21,0.05,1.39,0.14,0.19,28,89,Normal
2034,2026-03-26T18:00:00.000Z,jharia-open-pit,zone-d,EX-201,1.11,0.13,0.14,0.09,0.24,0.03,1.11,,73,Normal
2035,2026-03-26T19:00:00.000Z,korba-west-bench,zone-a,SN-102,1.48,0.12,0.08,0.04,1.07,0.07,1.05,33,97,Normal
2036,2026-03-26T20:00:00.000Z,jharia-open-pit,zone-b,PZ-401,6.19,1.51,2.01,0.57,3.50,0.56,1.20,61,80,Warning
2037,2026-03-26T21:00:00.000Z,singareni-s4,zone-b,TL-301,2.82,0.77,0.63,0.06,0.32,0.03,0.81,17,82,Normal
2038,2026-03-26T22:00:00.000Z,jharia-open-pit,zone-a,PZ-401,2.27,0.12,0.17,0.00,0.14,0.09,0.44,28,71,Normal
2039,2026-03-26T23:00:00.000Z,raniganj-south-slope,zone-a,SN-102,8.25,1.79,2.40,0.55,2.53,0.25,1.43,48,66,Warning
2040,2026-03-27T00:00:00.000Z,singareni-s4,zone-d,PZ-401,7.39,2.19,1.86,0.26,2.89,0.42,1.72,61,79,Warning
2041,2026-03-27T01:00:00.000Z,raniganj-south-slope,zone-d,PZ-401,19.53,3.62,3.95,0.55,6.43,2.29,4.95,93,74,Critical
2042,2026-03-27T02:00:00.000Z,jharia-open-pit,zone-b,PZ-401,0.62,0.58,0.37,0.03,1.29,0.16,0.66,33,81,Normal
2043,2026-03-27T03:00:00.000Z,singareni-s4,zone-a,SN-102,3.76,0.69,0.23,0.11,0.58,0.18,0.58,31,76,Normal
2044,2026-03-27T04:00:00.000Z,jharia-open-pit,zone-d,SN-102,20.89,6.37,3.01,0.67,6.60,1.12,5.19,69,78,Critical
2045,2026-03-27T05:00:00.000Z,jharia-open-pit,zone-c,SN-102,1.71,0.24,0.24,0.05,1.48,0.12,0.65,16,63,Normal
2046,2026-03-27T06:00:00.000Z,jharia-open-pit,zone-c,PZ-401,6.48,1.43,1.01,0.43,4.16,0.28,1.80,46,98,Warning
2047,2026-03-27T07:00:00.000Z,jharia-open-pit,zone-d,PZ-401,19.47,4.00,3.27,1.05,6.90,2.47,2.78,66,97,Critical
2048,2026-03-27T08:00:00.000Z,raniganj-south-slope,zone-a,TL-301,7.48,1.84,1.96,0.45,3.44,0.20,2.14,40,83,Warning
2049,2026-03-27T09:00:00.000Z,jharia-open-pit,zone-d,SN-102,9.04,1.68,0.86,0.19,4.27,0.49,1.35,38,81,Warning
2050,2026-03-27T10:00:00.000Z,jharia-open-pit,zone-a,EX-201,23.15,4.11,4.49,1.52,10.92,2.41,5.11,68,62,Critical
2051,2026-03-27T11:00:00.000Z,raniganj-south-slope,zone-d,PZ-401,6.85,2.04,2.43,0.38,1.71,0.59,1.32,46,75,Warning
2052,2026-03-27T12:00:00.000Z,jharia-open-pit,zone-d,EX-201,0.31,0.49,0.47,0.09,0.41,0.02,0.25,25,98,Normal
2053,2026-03-27T13:00:00.000Z,korba-west-bench,zone-c,TL-301,22.44,4.95,2.62,0.66,12.20,2.33,3.72,75,84,Critical
2054,2026-03-27T14:00:00.000Z,jharia-open-pit,zone-d,SN-101,3.59,0.58,0.24,0.10,0.90,0.19,0.75,29,62,Normal
2055,2026-03-27T15:00:00.000Z,jharia-open-pit,zone-b,TL-301,6.96,1.27,1.50,0.42,3.08,0.27,2.64,56,93,Warning
2056,2026-03-27T16:00:00.000Z,raniganj-south-slope,zone-b,SN-101,7.95,2.17,1.09,0.16,4.10,0.24,1.86,37,65,Warning
2057,2026-03-27T17:00:00.000Z,singareni-s4,zone-d,EX-201,5.97,2.35,2.18,0.21,3.97,0.73,1.89,43,90,Warning
2058,2026-03-27T18:00:00.000Z,korba-west-bench,zone-c,SN-102,0.62,0.13,0.42,0.05,1.32,0.17,0.88,18,79,Normal
2059,2026-03-27T19:00:00.000Z,raniganj-south-slope,zone-a,PZ-401,1.68,0.70,0.21,0.07,0.77,0.02,0.34,21,64,Normal
2060,2026-03-27T20:00:00.000Z,korba-west-bench,zone-a,TL-301,2.17,0.24,0.25,0.09,0.65,0.05,0.04,36,64,Normal
2061,2026-03-27T21:00:00.000Z,raniganj-south-slope,zone-a,PZ-401,4.11,0.09,0.47,0.07,0.74,0.15,0.90,32,83,Normal
2062,2026-03-27T22:00:00.000Z,singareni-s4,zone-a,PZ-401,7.11,1.83,2.11,0.42,3.89,0.47,2.67,60,84,Warning
2063,2026-03-27T23:00:00.000Z,singareni-s4,zone-d,PZ-401,6.34,0.90,1.64,0.19,2.32,0.69,1.56,43,74,Warning
2064,2026-03-28T00:00:00.000Z,singareni-s4,zone-c,SN-101,7.58,1.46,2.60,0.48,3.50,0.57,2.94,56,94,Warning
2065,2026-03-28T01:00:00.000Z,raniganj-south-slope,zone-c,TL-301,0.71,0.49,0.25,0.04,1.09,0.07,0.77,35,87,Normal
2066,2026-03-28T02:00:00.000Z,raniganj-south-slope,zone-b,PZ-401,1.66,0.28,0.78,0.06,1.24,0.15,0.18,37,65,Normal
2067,2026-03-28T03:00:00.000Z,jharia-open-pit,zone-a,SN-102,3.71,0.33,0.42,0.06,1.30,0.09,0.41,37,88,Normal
2068,2026-03-28T04:00:00.000Z,singareni-s4,zone-c,TL-301,5.39,1.69,2.00,0.17,4.44,0.47,2.89,57,72,Warning
2069,2026-03-28T05:00:00.000Z,korba-west-bench,zone-d,PZ-401,1.27,0.13,0.57,0.12,0.60,0.03,0.85,18,60,Normal
2070,2026-03-28T06:00:00.000Z,raniganj-south-slope,zone-d,SN-101,25.51,6.22,5.74,0.89,6.16,2.06,3.77,69,80,Critical
2071,2026-03-28T07:00:00.000Z,jharia-open-pit,zone-c,EX-201,1.38,0.76,0.38,0.09,0.59,0.05,0.41,39,79,Normal
2072,2026-03-28T08:00:00.000Z,korba-west-bench,zone-c,EX-201,3.16,0.21,0.72,0.02,0.42,0.07,0.56,37,86,Normal
2073,2026-03-28T09:00:00.000Z,korba-west-bench,zone-c,TL-301,2.96,0.17,0.02,0.02,1.39,0.06,0.97,21,63,Normal
2074,2026-03-28T10:00:00.000Z,jharia-open-pit,zone-b,EX-201,0.40,0.05,0.32,0.06,1.16,0.05,0.25,15,94,Normal
2075,2026-03-28T11:00:00.000Z,korba-west-bench,zone-b,SN-102,5.54,0.81,2.45,0.36,4.45,0.39,2.06,35,99,Warning
2076,2026-03-28T12:00:00.000Z,singareni-s4,zone-a,SN-102,15.52,6.54,4.02,1.69,11.54,1.05,4.79,80,67,Critical
2077,2026-03-28T13:00:00.000Z,jharia-open-pit,zone-a,SN-101,3.92,0.32,0.35,0.06,0.51,0.09,0.65,38,80,Normal
2078,2026-03-28T14:00:00.000Z,jharia-open-pit,zone-c,SN-101,0.69,0.53,0.53,0.05,1.26,0.14,0.68,37,78,Normal
2079,2026-03-28T15:00:00.000Z,jharia-open-pit,zone-c,TL-301,5.03,0.86,2.58,0.57,2.80,0.45,1.85,54,83,Warning
2080,2026-03-28T16:00:00.000Z,jharia-open-pit,zone-a,PZ-401,23.88,5.07,3.05,1.24,10.82,1.94,4.56,55,60,Critical
2081,2026-03-28T17:00:00.000Z,raniganj-south-slope,zone-d,TL-301,1.46,0.67,0.55,0.00,0.82,0.05,0.81,33,82,Normal
2082,2026-03-28T18:00:00.000Z,raniganj-south-slope,zone-c,PZ-401,4.49,0.77,0.55,0.08,1.17,0.14,1.17,27,96,Normal
2083,2026-03-28T19:00:00.000Z,jharia-open-pit,zone-c,SN-102,3.83,0.76,0.01,0.15,0.62,0.12,0.25,15,75,Normal
2084,2026-03-28T20:00:00.000Z,jharia-open-pit,zone-b,EX-201,29.20,6.53,5.57,0.66,5.38,1.01,4.41,89,60,Critical
2085,2026-03-28T21:00:00.000Z,singareni-s4,zone-c,TL-301,4.37,0.08,0.34,0.08,1.02,0.06,0.68,34,96,Normal
2086,2026-03-28T22:00:00.000Z,jharia-open-pit,zone-a,SN-101,3.35,0.38,0.18,0.13,0.21,0.05,1.16,27,79,Normal
2087,2026-03-28T23:00:00.000Z,korba-west-bench,zone-c,SN-102,13.02,4.75,4.14,0.53,6.74,2.38,6.03,59,92,Critical
2088,2026-03-29T00:00:00.000Z,raniganj-south-slope,zone-a,SN-101,0.83,0.14,0.47,0.03,1.02,0.17,1.00,28,93,Normal
2089,2026-03-29T01:00:00.000Z,singareni-s4,zone-b,TL-301,4.22,0.34,0.78,0.04,0.35,0.10,0.39,33,77,Normal
2090,2026-03-29T02:00:00.000Z,raniganj-south-slope,zone-b,PZ-401,4.43,0.49,0.09,0.14,1.32,0.18,0.46,32,78,Normal
2091,2026-03-29T03:00:00.000Z,korba-west-bench,zone-b,SN-102,24.53,6.72,3.47,0.59,7.79,0.87,2.53,83,87,Critical
2092,2026-03-29T04:00:00.000Z,singareni-s4,zone-b,SN-102,2.61,0.68,0.78,0.02,0.84,0.20,0.70,15,92,Normal
2093,2026-03-29T05:00:00.000Z,singareni-s4,zone-b,SN-101,2.70,0.26,0.09,0.06,1.07,0.15,0.99,39,74,Normal
2094,2026-03-29T06:00:00.000Z,raniganj-south-slope,zone-d,EX-201,22.36,6.19,4.39,0.76,8.91,1.74,6.01,82,77,Critical
2095,2026-03-29T07:00:00.000Z,singareni-s4,zone-d,TL-301,8.34,1.38,2.46,0.21,2.80,0.56,1.83,36,83,Warning
2096,2026-03-29T08:00:00.000Z,raniganj-south-slope,zone-a,EX-201,2.95,0.64,0.29,0.06,0.37,0.01,0.53,26,66,Normal
2097,2026-03-29T09:00:00.000Z,jharia-open-pit,zone-d,PZ-401,3.95,0.06,0.36,0.03,0.22,0.04,1.02,27,95,Normal
2098,2026-03-29T10:00:00.000Z,singareni-s4,zone-d,TL-301,2.16,0.56,0.14,0.08,1.43,0.20,0.20,29,64,Normal
2099,2026-03-29T11:00:00.000Z,raniganj-south-slope,zone-d,SN-102,4.17,0.62,0.80,0.14,0.70,0.19,0.07,19,80,Normal
2100,2026-03-29T12:00:00.000Z,raniganj-south-slope,zone-c,SN-102,3.21,0.08,0.12,0.12,0.68,0.01,0.59,27,75,Normal
2101,2026-03-29T13:00:00.000Z,raniganj-south-slope,zone-c,SN-102,2.00,0.52,0.28,0.07,1.37,0.04,0.47,28,90,Normal
2102,2026-03-29T14:00:00.000Z,singareni-s4,zone-a,TL-301,2.58,0.35,0.69,0.01,0.87,0.15,1.05,29,94,Normal
2103,2026-03-29T15:00:00.000Z,singareni-s4,zone-b,SN-102,1.09,0.35,0.35,0.10,0.35,0.07,0.37,31,84,Normal
2104,2026-03-29T16:00:00.000Z,jharia-open-pit,zone-c,SN-101,2.42,0.60,0.08,0.03,0.26,0.16,0.27,24,75,Normal
2105,2026-03-29T17:00:00.000Z,raniganj-south-slope,zone-b,SN-102,9.86,0.91,2.60,0.28,3.18,0.59,1.78,38,66,Warning
2106,2026-03-29T18:00:00.000Z,jharia-open-pit,zone-b,SN-102,13.57,2.91,5.22,0.96,5.97,2.23,3.91,65,67,Critical
2107,2026-03-29T19:00:00.000Z,raniganj-south-slope,zone-c,PZ-401,9.61,2.26,2.28,0.22,4.39,0.61,2.81,55,92,Warning
2108,2026-03-29T20:00:00.000Z,singareni-s4,zone-b,SN-101,22.81,3.42,2.89,0.90,10.11,0.87,5.20,94,73,Critical
2109,2026-03-29T21:00:00.000Z,singareni-s4,zone-b,SN-101,3.50,0.58,0.36,0.12,0.11,0.17,0.80,21,60,Normal
2110,2026-03-29T22:00:00.000Z,singareni-s4,zone-c,SN-102,3.80,0.69,0.17,0.10,0.13,0.16,0.53,21,99,Normal
2111,2026-03-29T23:00:00.000Z,raniganj-south-slope,zone-d,PZ-401,3.72,0.03,0.10,0.09,1.17,0.20,0.99,34,98,Normal
2112,2026-03-30T00:00:00.000Z,korba-west-bench,zone-a,TL-301,2.07,0.30,0.33,0.02,0.10,0.04,0.17,36,91,Normal
2113,2026-03-30T01:00:00.000Z,korba-west-bench,zone-a,SN-101,17.96,4.09,2.84,0.77,5.13,2.08,3.05,70,71,Critical
2114,2026-03-30T02:00:00.000Z,korba-west-bench,zone-d,PZ-401,13.65,6.27,4.49,1.04,12.83,1.17,3.24,90,66,Critical
2115,2026-03-30T03:00:00.000Z,korba-west-bench,zone-c,SN-101,14.67,6.58,2.52,0.66,11.71,1.81,2.82,83,74,Critical
2116,2026-03-30T04:00:00.000Z,jharia-open-pit,zone-b,PZ-401,3.24,0.22,0.11,0.08,0.83,0.01,0.69,22,85,Normal
2117,2026-03-30T05:00:00.000Z,korba-west-bench,zone-c,SN-102,2.25,0.36,0.06,0.11,0.43,0.11,0.26,28,64,Normal
2118,2026-03-30T06:00:00.000Z,raniganj-south-slope,zone-c,SN-101,7.47,2.07,0.92,0.43,3.24,0.66,2.96,64,88,Warning
2119,2026-03-30T07:00:00.000Z,raniganj-south-slope,zone-a,TL-301,0.90,0.64,0.21,0.13,0.09,0.02,1.02,15,72,Normal
2120,2026-03-30T08:00:00.000Z,raniganj-south-slope,zone-b,EX-201,15.90,5.17,3.58,0.54,11.71,0.81,5.60,66,97,Critical
2121,2026-03-30T09:00:00.000Z,singareni-s4,zone-d,SN-101,8.40,2.26,1.74,0.58,1.60,0.26,2.23,60,92,Warning
2122,2026-03-30T10:00:00.000Z,jharia-open-pit,zone-c,SN-101,15.22,2.99,4.62,0.67,5.16,1.96,3.11,74,92,Critical
2123,2026-03-30T11:00:00.000Z,raniganj-south-slope,zone-d,SN-102,5.55,1.95,1.76,0.20,2.47,0.64,1.53,38,76,Warning
2124,2026-03-30T12:00:00.000Z,singareni-s4,zone-a,SN-101,3.26,0.43,0.63,0.10,0.17,0.07,1.02,23,85,Normal
2125,2026-03-30T13:00:00.000Z,singareni-s4,zone-b,EX-201,0.48,0.62,0.26,0.07,1.20,0.06,0.28,18,66,Normal
2126,2026-03-30T14:00:00.000Z,korba-west-bench,zone-b,SN-101,0.09,0.67,0.28,0.15,0.61,0.05,0.86,24,62,Normal
2127,2026-03-30T15:00:00.000Z,raniganj-south-slope,zone-b,SN-101,3.03,0.77,0.48,0.15,0.64,0.02,0.61,30,70,Normal
2128,2026-03-30T16:00:00.000Z,raniganj-south-slope,zone-d,PZ-401,1.52,0.52,0.27,0.04,0.73,0.18,0.35,29,70,Normal
2129,2026-03-30T17:00:00.000Z,singareni-s4,zone-b,TL-301,4.48,0.48,0.06,0.09,0.74,0.13,0.43,24,64,Normal
2130,2026-03-30T18:00:00.000Z,raniganj-south-slope,zone-d,SN-102,20.19,6.36,5.03,1.44,10.31,2.15,4.05,78,99,Critical
2131,2026-03-30T19:00:00.000Z,raniganj-south-slope,zone-b,SN-101,0.56,0.64,0.09,0.10,0.66,0.08,0.98,23,86,Normal
2132,2026-03-30T20:00:00.000Z,singareni-s4,zone-d,EX-201,3.85,0.39,0.24,0.13,1.50,0.07,0.94,32,65,Normal
2133,2026-03-30T21:00:00.000Z,raniganj-south-slope,zone-b,SN-102,1.89,0.26,0.39,0.09,0.23,0.04,0.05,24,61,Normal
2134,2026-03-30T22:00:00.000Z,jharia-open-pit,zone-a,EX-201,10.81,1.40,2.29,0.51,2.78,0.72,2.94,64,77,Warning
2135,2026-03-30T23:00:00.000Z,raniganj-south-slope,zone-c,SN-101,1.02,0.38,0.27,0.11,0.71,0.18,0.54,19,69,Normal
2136,2026-03-31T00:00:00.000Z,jharia-open-pit,zone-c,SN-101,3.58,0.48,0.71,0.10,1.48,0.10,0.68,28,93,Normal
2137,2026-03-31T01:00:00.000Z,raniganj-south-slope,zone-a,TL-301,5.51,2.33,2.42,0.26,4.68,0.43,1.42,39,97,Warning
2138,2026-03-31T02:00:00.000Z,raniganj-south-slope,zone-a,EX-201,0.28,0.73,0.75,0.11,1.04,0.20,0.67,30,85,Normal
2139,2026-03-31T03:00:00.000Z,singareni-s4,zone-b,SN-101,0.66,0.52,0.21,0.10,1.39,0.14,0.51,24,83,Normal
2140,2026-03-31T04:00:00.000Z,raniganj-south-slope,zone-c,SN-101,0.17,0.57,0.74,0.15,1.13,0.02,0.44,31,70,Normal
2141,2026-03-31T05:00:00.000Z,jharia-open-pit,zone-d,EX-201,2.51,0.48,0.14,0.04,0.41,0.04,0.24,23,87,Normal
2142,2026-03-31T06:00:00.000Z,jharia-open-pit,zone-a,SN-102,4.08,0.01,0.21,0.04,1.18,0.02,0.93,33,97,Normal
2143,2026-03-31T07:00:00.000Z,singareni-s4,zone-b,PZ-401,0.84,0.29,0.71,0.00,0.02,0.14,0.41,37,80,Normal
2144,2026-03-31T08:00:00.000Z,jharia-open-pit,zone-d,SN-102,3.51,0.71,0.46,0.05,1.47,0.04,1.02,36,90,Normal
2145,2026-03-31T09:00:00.000Z,jharia-open-pit,zone-b,TL-301,10.70,1.88,1.59,0.51,3.30,0.69,2.11,51,86,Warning
2146,2026-03-31T10:00:00.000Z,korba-west-bench,zone-a,PZ-401,2.38,0.61,0.18,0.13,0.27,0.09,0.36,15,94,Normal
2147,2026-03-31T11:00:00.000Z,korba-west-bench,zone-d,PZ-401,4.08,0.55,0.03,0.14,1.03,0.10,0.61,33,80,Normal
2148,2026-03-31T12:00:00.000Z,jharia-open-pit,zone-d,SN-101,27.83,4.32,4.98,1.59,11.29,1.22,2.66,92,83,Critical
2149,2026-03-31T13:00:00.000Z,singareni-s4,zone-d,PZ-401,2.71,0.38,0.52,0.11,1.47,0.02,0.53,24,68,Normal
2150,2026-03-31T14:00:00.000Z,jharia-open-pit,zone-c,PZ-401,2.77,0.36,0.73,0.08,0.34,0.13,0.05,30,71,Normal
2151,2026-03-31T15:00:00.000Z,raniganj-south-slope,zone-a,SN-101,6.06,1.66,1.09,0.38,1.54,0.71,1.83,45,80,Warning
2152,2026-03-31T16:00:00.000Z,jharia-open-pit,zone-d,PZ-401,3.63,0.38,0.36,0.12,0.31,0.15,0.67,26,71,Normal
2153,2026-03-31T17:00:00.000Z,jharia-open-pit,zone-c,SN-101,2.25,0.75,0.63,0.02,0.48,0.14,0.35,23,70,Normal
2154,2026-03-31T18:00:00.000Z,raniganj-south-slope,zone-b,EX-201,6.70,1.38,1.03,0.50,2.11,0.37,1.48,49,60,Warning
2155,2026-03-31T19:00:00.000Z,jharia-open-pit,zone-a,SN-102,1.69,0.19,0.76,0.09,1.36,0.02,0.82,16,68,Normal
2156,2026-03-31T20:00:00.000Z,jharia-open-pit,zone-b,SN-101,4.19,0.30,0.14,0.09,1.12,0.19,0.37,37,73,Normal
2157,2026-03-31T21:00:00.000Z,korba-west-bench,zone-d,TL-301,21.91,5.43,4.41,1.43,10.97,0.89,4.47,79,76,Critical
2158,2026-03-31T22:00:00.000Z,raniganj-south-slope,zone-a,PZ-401,0.49,0.25,0.22,0.14,1.47,0.06,1.18,29,82,Normal
2159,2026-03-31T23:00:00.000Z,singareni-s4,zone-c,EX-201,6.74,1.46,1.73,0.25,3.48,0.23,2.67,43,68,Warning
2160,2026-04-01T00:00:00.000Z,korba-west-bench,zone-b,SN-102,6.36,1.38,1.98,0.44,1.82,0.74,2.59,59,64,Warning
2161,2026-04-01T01:00:00.000Z,raniganj-south-slope,zone-d,EX-201,3.86,0.10,0.67,0.05,0.48,0.01,0.41,18,85,Normal
2162,2026-04-01T02:00:00.000Z,raniganj-south-slope,zone-a,EX-201,3.94,0.11,0.14,0.03,0.78,0.12,0.96,26,64,Normal
2163,2026-04-01T03:00:00.000Z,korba-west-bench,zone-d,SN-101,6.48,2.06,2.44,0.24,4.38,0.26,2.97,47,94,Warning
2164,2026-04-01T04:00:00.000Z,raniganj-south-slope,zone-d,SN-101,0.54,0.49,0.07,0.12,0.34,0.20,0.02,19,73,Normal
2165,2026-04-01T05:00:00.000Z,korba-west-bench,zone-a,PZ-401,2.35,0.50,0.63,0.10,0.19,0.05,0.27,29,74,Normal
2166,2026-04-01T06:00:00.000Z,singareni-s4,zone-b,EX-201,0.61,0.41,0.30,0.05,1.04,0.18,0.12,36,80,Normal
2167,2026-04-01T07:00:00.000Z,jharia-open-pit,zone-a,SN-102,1.16,0.31,0.68,0.08,0.73,0.16,0.87,36,76,Normal
2168,2026-04-01T08:00:00.000Z,jharia-open-pit,zone-c,EX-201,8.92,1.22,1.60,0.35,3.53,0.72,2.00,52,65,Warning
2169,2026-04-01T09:00:00.000Z,singareni-s4,zone-b,SN-101,7.58,1.74,1.26,0.40,3.55,0.47,2.52,63,70,Warning
2170,2026-04-01T10:00:00.000Z,jharia-open-pit,zone-a,SN-102,6.70,1.51,2.56,0.51,2.67,0.30,1.70,63,75,Warning
2171,2026-04-01T11:00:00.000Z,jharia-open-pit,zone-d,TL-301,2.89,0.63,0.37,0.15,1.02,0.05,0.74,23,94,Normal
2172,2026-04-01T12:00:00.000Z,jharia-open-pit,zone-a,SN-102,3.72,0.61,0.60,0.02,0.85,0.14,0.13,17,79,Normal
2173,2026-04-01T13:00:00.000Z,raniganj-south-slope,zone-c,SN-102,9.29,1.68,2.40,0.48,3.28,0.51,1.66,,80,Warning
2174,2026-04-01T14:00:00.000Z,jharia-open-pit,zone-d,SN-102,23.76,3.10,3.57,1.06,5.44,2.11,4.44,59,82,Critical
2175,2026-04-01T15:00:00.000Z,jharia-open-pit,zone-a,TL-301,3.91,0.28,0.42,0.05,1.10,0.13,0.48,33,79,Normal
2176,2026-04-01T16:00:00.000Z,korba-west-bench,zone-c,PZ-401,1.17,0.56,0.66,0.12,1.18,0.08,0.52,26,73,Normal
2177,2026-04-01T17:00:00.000Z,raniganj-south-slope,zone-a,SN-101,20.93,5.19,3.73,1.63,13.00,0.76,3.95,83,88,Critical
2178,2026-04-01T18:00:00.000Z,raniganj-south-slope,zone-a,SN-102,7.59,1.96,2.02,0.49,3.33,0.67,1.57,56,93,Warning
2179,2026-04-01T19:00:00.000Z,korba-west-bench,zone-d,SN-101,0.77,0.47,0.79,0.15,0.74,0.14,1.08,37,90,Normal
2180,2026-04-01T20:00:00.000Z,jharia-open-pit,zone-d,TL-301,4.23,0.32,0.71,0.05,1.14,0.18,0.36,39,87,Normal
2181,2026-04-01T21:00:00.000Z,korba-west-bench,zone-c,SN-101,26.58,5.34,4.94,1.47,8.95,1.28,6.29,55,93,Critical
2182,2026-04-01T22:00:00.000Z,jharia-open-pit,zone-b,SN-101,4.40,0.04,0.14,0.08,0.00,0.13,0.08,29,83,Normal
2183,2026-04-01T23:00:00.000Z,korba-west-bench,zone-d,PZ-401,2.97,0.77,0.61,0.11,1.00,0.15,0.09,23,62,Normal
2184,2026-04-02T00:00:00.000Z,korba-west-bench,zone-a,SN-101,6.29,1.64,1.43,0.31,1.69,0.59,1.49,49,94,Warning
2185,2026-04-02T01:00:00.000Z,korba-west-bench,zone-a,PZ-401,29.67,4.29,4.54,0.92,10.17,1.92,2.98,77,70,Critical
2186,2026-04-02T02:00:00.000Z,singareni-s4,zone-a,TL-301,0.94,0.21,0.67,0.09,0.14,0.12,0.14,20,93,Normal
2187,2026-04-02T03:00:00.000Z,raniganj-south-slope,zone-d,TL-301,0.82,0.13,0.34,0.08,1.36,0.05,0.37,23,85,Normal
2188,2026-04-02T04:00:00.000Z,jharia-open-pit,zone-a,EX-201,10.01,1.92,2.14,0.56,3.40,0.62,1.62,52,91,Warning
2189,2026-04-02T05:00:00.000Z,korba-west-bench,zone-a,SN-101,10.36,0.90,1.97,0.28,3.60,0.41,2.95,57,85,Warning
2190,2026-04-02T06:00:00.000Z,singareni-s4,zone-c,PZ-401,6.41,2.00,2.31,0.43,2.38,0.63,2.59,57,90,Warning
2191,2026-04-02T07:00:00.000Z,raniganj-south-slope,zone-b,EX-201,4.25,0.17,0.28,0.13,0.68,0.08,0.34,22,82,Normal
2192,2026-04-02T08:00:00.000Z,korba-west-bench,zone-b,SN-102,1.50,0.63,0.30,0.04,0.28,0.17,0.21,39,72,Normal
2193,2026-04-02T09:00:00.000Z,jharia-open-pit,zone-d,TL-301,1.61,0.77,0.71,0.03,1.27,0.19,0.73,31,60,Normal
2194,2026-04-02T10:00:00.000Z,raniganj-south-slope,zone-a,PZ-401,3.43,0.76,0.27,0.03,0.18,0.06,0.50,23,69,Normal
2195,2026-04-02T11:00:00.000Z,raniganj-south-slope,zone-b,SN-101,11.32,1.35,1.53,0.42,4.28,0.41,2.96,59,63,Warning
2196,2026-04-02T12:00:00.000Z,jharia-open-pit,zone-c,PZ-401,4.45,0.58,0.03,0.07,1.20,0.09,1.08,19,83,Normal
2197,2026-04-02T13:00:00.000Z,jharia-open-pit,zone-d,PZ-401,2.96,0.03,0.73,0.06,1.05,0.07,0.92,28,61,Normal
2198,2026-04-02T14:00:00.000Z,korba-west-bench,zone-d,PZ-401,0.91,0.17,0.51,0.00,0.50,0.14,0.75,32,73,Normal
2199,2026-04-02T15:00:00.000Z,raniganj-south-slope,zone-c,EX-201,15.17,5.68,4.46,0.88,6.87,1.16,2.59,76,89,Critical
2200,2026-04-02T16:00:00.000Z,singareni-s4,zone-d,SN-101,3.91,0.52,0.27,0.08,0.21,0.17,0.66,17,72,Normal
2201,2026-04-02T17:00:00.000Z,jharia-open-pit,zone-d,SN-102,24.90,4.06,3.53,1.68,5.98,1.36,5.91,77,95,Critical
2202,2026-04-02T18:00:00.000Z,jharia-open-pit,zone-a,PZ-401,1.20,0.07,0.37,0.01,1.03,0.19,0.40,27,82,Normal
2203,2026-04-02T19:00:00.000Z,singareni-s4,zone-d,SN-102,7.44,2.23,2.26,0.51,3.14,0.49,2.43,62,66,Warning
2204,2026-04-02T20:00:00.000Z,raniganj-south-slope,zone-b,TL-301,27.06,5.58,3.49,0.77,12.53,0.90,2.88,70,72,Critical
2205,2026-04-02T21:00:00.000Z,singareni-s4,zone-a,SN-101,5.03,1.11,2.39,0.30,4.51,0.32,2.77,57,90,Warning
2206,2026-04-02T22:00:00.000Z,raniganj-south-slope,zone-a,TL-301,0.68,0.51,0.26,0.12,0.65,0.11,0.17,37,85,Normal
2207,2026-04-02T23:00:00.000Z,jharia-open-pit,zone-a,PZ-401,1.13,0.15,0.73,0.06,0.45,0.13,0.27,16,84,Normal
2208,2026-04-03T00:00:00.000Z,singareni-s4,zone-c,TL-301,2.13,0.59,0.17,0.01,0.28,0.08,0.73,35,99,Normal
2209,2026-04-03T01:00:00.000Z,raniganj-south-slope,zone-c,TL-301,0.24,0.61,0.48,0.03,1.11,0.12,0.64,35,60,Normal
2210,2026-04-03T02:00:00.000Z,korba-west-bench,zone-d,SN-101,23.63,3.05,5.30,1.21,6.63,0.93,3.32,75,80,Critical
2211,2026-04-03T03:00:00.000Z,korba-west-bench,zone-c,TL-301,2.89,0.32,0.36,0.03,0.15,0.12,0.68,28,78,Normal
2212,2026-04-03T04:00:00.000Z,korba-west-bench,zone-b,PZ-401,0.61,0.76,0.58,0.03,0.42,0.18,0.32,15,64,Normal
2213,2026-04-03T05:00:00.000Z,korba-west-bench,zone-a,TL-301,10.72,0.87,0.80,0.55,1.62,0.51,1.38,52,85,Warning
2214,2026-04-03T06:00:00.000Z,jharia-open-pit,zone-b,EX-201,11.02,0.83,1.38,0.53,3.74,0.31,2.74,44,73,Warning
2215,2026-04-03T07:00:00.000Z,raniganj-south-slope,zone-b,PZ-401,3.52,0.01,0.67,0.04,0.18,0.05,0.59,15,75,Normal
2216,2026-04-03T08:00:00.000Z,raniganj-south-slope,zone-c,SN-101,0.70,0.46,0.58,0.01,0.15,0.20,0.93,36,91,Normal
2217,2026-04-03T09:00:00.000Z,jharia-open-pit,zone-b,TL-301,27.43,4.49,4.72,1.54,10.69,2.05,6.03,93,71,Critical
2218,2026-04-03T10:00:00.000Z,raniganj-south-slope,zone-b,TL-301,4.46,0.57,0.40,0.03,1.21,0.18,0.46,36,91,Normal
2219,2026-04-03T11:00:00.000Z,korba-west-bench,zone-d,TL-301,1.66,0.60,0.12,0.11,0.12,0.00,0.45,18,72,Normal
2220,2026-04-03T12:00:00.000Z,jharia-open-pit,zone-d,SN-102,2.88,0.31,0.04,0.02,0.30,0.03,0.65,24,64,Normal
2221,2026-04-03T13:00:00.000Z,korba-west-bench,zone-a,TL-301,3.45,0.06,0.14,0.14,0.22,0.05,0.66,18,93,Normal
2222,2026-04-03T14:00:00.000Z,singareni-s4,zone-c,PZ-401,0.06,0.27,0.42,0.05,0.36,0.09,0.90,21,99,Normal
2223,2026-04-03T15:00:00.000Z,singareni-s4,zone-a,EX-201,5.41,1.12,1.56,0.31,1.61,0.34,1.57,45,93,Warning
2224,2026-04-03T16:00:00.000Z,jharia-open-pit,zone-d,TL-301,12.05,3.09,5.06,0.83,9.51,2.34,4.18,85,82,Critical
2225,2026-04-03T17:00:00.000Z,raniganj-south-slope,zone-c,TL-301,2.81,0.27,0.59,0.07,0.31,0.16,0.58,15,84,Normal
2226,2026-04-03T18:00:00.000Z,korba-west-bench,zone-b,SN-101,6.91,1.79,1.19,0.43,1.87,0.58,1.43,36,81,Warning
2227,2026-04-03T19:00:00.000Z,jharia-open-pit,zone-b,SN-102,0.74,0.13,0.18,0.05,1.23,0.15,0.98,26,76,Normal
2228,2026-04-03T20:00:00.000Z,jharia-open-pit,zone-b,EX-201,0.69,0.15,0.54,0.09,0.54,0.12,1.20,22,87,Normal
2229,2026-04-03T21:00:00.000Z,korba-west-bench,zone-a,PZ-401,3.26,0.68,0.79,0.02,1.20,0.10,0.13,32,62,Normal
2230,2026-04-03T22:00:00.000Z,korba-west-bench,zone-d,SN-101,1.26,0.80,0.31,0.05,0.13,0.01,0.64,36,89,Normal
2231,2026-04-03T23:00:00.000Z,korba-west-bench,zone-d,EX-201,23.58,6.21,5.00,1.07,9.48,1.74,2.99,80,73,Critical
2232,2026-04-04T00:00:00.000Z,jharia-open-pit,zone-a,SN-101,6.94,1.04,1.19,0.37,3.03,0.22,2.90,35,69,Warning
2233,2026-04-04T01:00:00.000Z,jharia-open-pit,zone-a,EX-201,2.49,0.61,0.29,0.07,0.90,0.16,0.46,25,63,Normal
2234,2026-04-04T02:00:00.000Z,korba-west-bench,zone-a,TL-301,4.34,0.46,0.16,0.07,0.97,0.16,0.54,18,78,Normal
2235,2026-04-04T03:00:00.000Z,raniganj-south-slope,zone-d,TL-301,6.04,1.54,2.08,0.58,4.16,0.36,1.45,53,98,Warning
2236,2026-04-04T04:00:00.000Z,raniganj-south-slope,zone-d,TL-301,18.86,6.49,5.60,1.03,6.77,2.48,4.89,60,94,Critical
2237,2026-04-04T05:00:00.000Z,raniganj-south-slope,zone-a,SN-102,0.96,0.48,0.26,0.04,0.31,0.10,0.54,20,74,Normal
2238,2026-04-04T06:00:00.000Z,singareni-s4,zone-c,PZ-401,3.73,0.33,0.75,0.08,1.16,0.08,0.12,34,61,Normal
2239,2026-04-04T07:00:00.000Z,korba-west-bench,zone-a,PZ-401,4.12,0.31,0.53,0.14,0.88,0.18,0.31,22,93,Normal
2240,2026-04-04T08:00:00.000Z,korba-west-bench,zone-c,SN-101,9.73,1.00,1.36,0.31,3.94,0.23,1.85,51,73,Warning
2241,2026-04-04T09:00:00.000Z,jharia-open-pit,zone-a,PZ-401,2.47,0.26,0.04,0.07,1.20,0.13,0.47,38,88,Normal
2242,2026-04-04T10:00:00.000Z,singareni-s4,zone-c,SN-101,0.00,0.25,0.75,0.04,0.27,0.09,0.33,36,95,Normal
2243,2026-04-04T11:00:00.000Z,korba-west-bench,zone-d,SN-101,10.88,2.11,1.06,0.25,4.56,0.41,1.90,43,71,Warning
2244,2026-04-04T12:00:00.000Z,jharia-open-pit,zone-c,PZ-401,0.48,0.37,0.28,0.07,0.46,0.02,0.74,17,64,Normal
2245,2026-04-04T13:00:00.000Z,singareni-s4,zone-a,SN-102,7.94,1.20,2.50,0.33,3.44,0.26,2.40,38,70,Warning
2246,2026-04-04T14:00:00.000Z,korba-west-bench,zone-a,SN-102,9.71,1.67,2.34,0.24,2.66,0.67,2.96,39,85,Warning
2247,2026-04-04T15:00:00.000Z,korba-west-bench,zone-c,PZ-401,3.30,0.43,0.29,0.01,1.36,0.09,0.98,38,66,Normal
2248,2026-04-04T16:00:00.000Z,singareni-s4,zone-b,EX-201,4.14,0.52,0.42,0.11,1.29,0.03,1.04,22,76,Normal
2249,2026-04-04T17:00:00.000Z,jharia-open-pit,zone-d,EX-201,20.90,5.25,5.36,0.92,12.64,1.70,5.13,88,79,Critical
2250,2026-04-04T18:00:00.000Z,jharia-open-pit,zone-a,TL-301,12.99,5.10,5.65,1.37,7.82,1.70,4.36,63,65,Critical
2251,2026-04-04T19:00:00.000Z,raniganj-south-slope,zone-c,SN-102,18.16,4.54,5.21,1.11,8.11,1.36,5.26,87,84,Critical
2252,2026-04-04T20:00:00.000Z,korba-west-bench,zone-a,TL-301,21.62,6.13,3.90,1.38,12.19,1.84,4.66,82,73,Critical
2253,2026-04-04T21:00:00.000Z,jharia-open-pit,zone-b,PZ-401,15.89,6.29,4.39,0.89,6.55,2.08,2.68,58,94,Critical
2254,2026-04-04T22:00:00.000Z,raniganj-south-slope,zone-b,EX-201,0.99,0.55,0.05,0.07,0.89,0.06,0.85,26,62,Normal
2255,2026-04-04T23:00:00.000Z,singareni-s4,zone-b,PZ-401,1.22,0.46,0.17,0.01,1.26,0.17,0.64,30,99,Normal
2256,2026-04-05T00:00:00.000Z,singareni-s4,zone-d,SN-102,4.25,0.24,0.21,0.13,1.07,0.09,0.66,39,72,Normal
2257,2026-04-05T01:00:00.000Z,raniganj-south-slope,zone-b,TL-301,7.81,1.68,1.37,0.46,4.60,0.30,2.41,60,98,Warning
2258,2026-04-05T02:00:00.000Z,korba-west-bench,zone-a,TL-301,4.12,0.33,0.01,0.05,0.95,0.09,0.97,15,63,Normal
2259,2026-04-05T03:00:00.000Z,korba-west-bench,zone-a,TL-301,4.31,0.11,0.35,0.07,0.78,0.19,0.38,23,72,Normal
2260,2026-04-05T04:00:00.000Z,raniganj-south-slope,zone-a,PZ-401,29.48,2.80,4.72,1.44,5.99,1.48,2.79,75,60,Critical
2261,2026-04-05T05:00:00.000Z,korba-west-bench,zone-d,EX-201,1.65,0.56,0.05,0.14,0.59,0.07,0.72,26,65,Normal
2262,2026-04-05T06:00:00.000Z,jharia-open-pit,zone-d,EX-201,4.02,0.76,0.80,0.04,0.39,0.03,0.74,17,96,Normal
2263,2026-04-05T07:00:00.000Z,korba-west-bench,zone-c,SN-102,3.64,0.40,0.57,0.09,0.88,0.04,0.10,19,82,Normal
2264,2026-04-05T08:00:00.000Z,raniganj-south-slope,zone-b,SN-102,0.48,0.75,0.51,0.07,0.39,0.09,0.74,20,67,Normal
2265,2026-04-05T09:00:00.000Z,jharia-open-pit,zone-d,PZ-401,1.76,0.31,0.63,0.08,0.68,0.12,1.17,19,64,Normal
2266,2026-04-05T10:00:00.000Z,raniganj-south-slope,zone-b,TL-301,1.50,0.61,0.33,0.03,0.23,0.17,0.23,16,67,Normal
2267,2026-04-05T11:00:00.000Z,raniganj-south-slope,zone-c,TL-301,4.12,0.62,0.48,0.10,0.90,0.16,1.16,27,85,Normal
2268,2026-04-05T12:00:00.000Z,korba-west-bench,zone-d,PZ-401,9.31,0.96,2.29,0.23,2.13,0.21,2.55,52,93,Warning
2269,2026-04-05T13:00:00.000Z,raniganj-south-slope,zone-d,SN-102,4.16,0.49,0.10,0.15,1.36,0.09,0.30,39,63,Normal
2270,2026-04-05T14:00:00.000Z,singareni-s4,zone-a,PZ-401,17.58,6.42,4.41,0.61,4.85,1.91,4.99,68,70,Critical
2271,2026-04-05T15:00:00.000Z,korba-west-bench,zone-d,PZ-401,16.78,2.86,3.44,0.95,6.63,1.96,4.59,71,70,Critical
2272,2026-04-05T16:00:00.000Z,jharia-open-pit,zone-a,SN-101,0.50,0.31,0.55,0.04,0.06,0.11,0.95,22,68,Normal
2273,2026-04-05T17:00:00.000Z,singareni-s4,zone-b,PZ-401,1.53,0.01,0.77,0.03,0.28,0.15,0.62,31,68,Normal
2274,2026-04-05T18:00:00.000Z,korba-west-bench,zone-a,SN-101,1.77,0.57,0.06,0.08,1.46,0.11,1.02,27,82,Normal
2275,2026-04-05T19:00:00.000Z,singareni-s4,zone-a,EX-201,28.34,3.59,5.79,1.66,12.68,1.87,5.38,88,74,Critical
2276,2026-04-05T20:00:00.000Z,jharia-open-pit,zone-d,EX-201,13.71,3.50,3.91,1.15,10.69,1.86,3.60,74,62,Critical
2277,2026-04-05T21:00:00.000Z,singareni-s4,zone-a,SN-102,8.06,1.20,0.82,0.46,3.63,0.74,1.70,64,79,Warning
2278,2026-04-05T22:00:00.000Z,singareni-s4,zone-d,PZ-401,9.56,0.84,1.32,0.37,2.83,0.32,2.97,43,96,Warning
2279,2026-04-05T23:00:00.000Z,korba-west-bench,zone-d,TL-301,29.55,4.94,4.82,1.16,9.98,2.07,5.02,65,63,Critical
2280,2026-04-06T00:00:00.000Z,jharia-open-pit,zone-b,SN-101,3.74,0.45,0.69,0.14,1.23,0.17,0.44,33,74,Normal
2281,2026-04-06T01:00:00.000Z,korba-west-bench,zone-d,EX-201,2.52,0.05,0.11,0.02,0.94,0.02,0.17,30,75,Normal
2282,2026-04-06T02:00:00.000Z,korba-west-bench,zone-d,SN-102,3.05,0.39,0.15,0.09,0.08,0.14,0.61,21,91,Normal
2283,2026-04-06T03:00:00.000Z,korba-west-bench,zone-c,TL-301,6.12,1.60,1.47,0.33,2.02,0.74,1.67,55,63,Warning
2284,2026-04-06T04:00:00.000Z,singareni-s4,zone-c,SN-101,1.50,0.73,0.58,0.14,0.21,0.16,0.02,18,90,Normal
2285,2026-04-06T05:00:00.000Z,singareni-s4,zone-c,PZ-401,11.25,1.77,1.64,0.28,3.38,0.69,2.91,48,93,Warning
2286,2026-04-06T06:00:00.000Z,raniganj-south-slope,zone-a,SN-101,9.26,0.93,2.15,0.25,4.02,0.34,1.50,37,79,Warning
2287,2026-04-06T07:00:00.000Z,korba-west-bench,zone-b,SN-101,3.65,0.13,0.09,0.02,0.36,0.03,1.13,32,89,Normal
2288,2026-04-06T08:00:00.000Z,raniganj-south-slope,zone-a,TL-301,3.40,0.25,0.40,0.07,0.58,0.02,1.01,16,82,Normal
2289,2026-04-06T09:00:00.000Z,raniganj-south-slope,zone-c,EX-201,0.50,0.71,0.78,0.11,1.05,0.15,0.87,28,95,Normal
2290,2026-04-06T10:00:00.000Z,singareni-s4,zone-b,EX-201,7.49,0.94,2.60,0.40,1.65,0.60,1.57,57,91,Warning
2291,2026-04-06T11:00:00.000Z,singareni-s4,zone-c,TL-301,5.75,1.99,1.28,0.60,3.47,0.54,2.04,60,82,Warning
2292,2026-04-06T12:00:00.000Z,singareni-s4,zone-b,TL-301,3.83,0.33,0.58,0.08,0.72,0.17,1.02,17,61,Normal
2293,2026-04-06T13:00:00.000Z,singareni-s4,zone-c,SN-101,3.64,0.64,0.64,0.12,0.76,0.02,0.17,17,81,Normal
2294,2026-04-06T14:00:00.000Z,singareni-s4,zone-d,SN-101,13.22,2.93,5.00,1.07,10.72,2.06,2.62,87,60,Critical
2295,2026-04-06T15:00:00.000Z,raniganj-south-slope,zone-c,SN-102,8.22,2.00,2.15,0.30,3.19,0.49,2.68,38,84,Warning
2296,2026-04-06T16:00:00.000Z,jharia-open-pit,zone-b,SN-101,2.20,0.78,0.32,0.04,0.60,0.02,1.05,27,91,Normal
2297,2026-04-06T17:00:00.000Z,jharia-open-pit,zone-a,TL-301,0.16,0.43,0.49,0.02,1.29,0.11,0.07,35,87,Normal
2298,2026-04-06T18:00:00.000Z,singareni-s4,zone-c,SN-102,3.33,0.24,0.29,0.12,0.91,0.11,0.07,20,93,Normal
2299,2026-04-06T19:00:00.000Z,korba-west-bench,zone-b,SN-102,0.64,0.77,0.08,0.00,0.80,0.15,0.58,34,68,Normal
2300,2026-04-06T20:00:00.000Z,raniganj-south-slope,zone-b,SN-101,1.98,0.79,0.60,0.13,0.63,0.14,0.97,15,72,Normal
2301,2026-04-06T21:00:00.000Z,jharia-open-pit,zone-d,EX-201,6.12,1.74,2.08,0.20,2.18,0.64,1.42,63,72,Warning
2302,2026-04-06T22:00:00.000Z,singareni-s4,zone-d,EX-201,2.27,0.76,0.73,0.06,1.14,0.18,1.16,37,68,Normal
2303,2026-04-06T23:00:00.000Z,jharia-open-pit,zone-a,SN-102,2.45,0.46,0.58,0.11,1.09,0.18,0.93,35,94,Normal
2304,2026-04-07T00:00:00.000Z,jharia-open-pit,zone-b,SN-102,0.08,0.27,0.07,0.13,0.43,0.17,0.51,33,88,Normal
2305,2026-04-07T01:00:00.000Z,singareni-s4,zone-d,TL-301,3.80,0.06,0.54,0.13,1.22,0.06,0.15,22,68,Normal
2306,2026-04-07T02:00:00.000Z,singareni-s4,zone-c,EX-201,2.53,0.38,0.40,0.04,0.17,0.09,0.85,29,89,Normal
2307,2026-04-07T03:00:00.000Z,korba-west-bench,zone-d,TL-301,9.65,1.70,1.60,0.35,2.75,0.66,2.14,39,97,Warning
2308,2026-04-07T04:00:00.000Z,singareni-s4,zone-a,TL-301,7.85,1.24,2.56,0.24,4.35,0.25,3.00,54,89,Warning
2309,2026-04-07T05:00:00.000Z,singareni-s4,zone-c,PZ-401,5.56,2.05,1.31,0.35,4.59,0.45,1.32,51,81,Warning
2310,2026-04-07T06:00:00.000Z,singareni-s4,zone-b,TL-301,22.15,6.67,3.28,1.31,6.38,1.18,2.62,86,68,Critical
2311,2026-04-07T07:00:00.000Z,korba-west-bench,zone-c,PZ-401,14.67,3.11,2.92,1.41,11.65,1.50,4.56,93,61,Critical
2312,2026-04-07T08:00:00.000Z,raniganj-south-slope,zone-d,TL-301,2.88,0.72,0.74,0.05,0.04,0.10,1.13,20,67,Normal
2313,2026-04-07T09:00:00.000Z,singareni-s4,zone-d,PZ-401,1.60,0.46,0.54,0.08,1.44,0.17,1.01,38,74,Normal
2314,2026-04-07T10:00:00.000Z,korba-west-bench,zone-d,TL-301,1.64,0.48,0.77,0.06,0.78,0.10,0.13,23,98,Normal
2315,2026-04-07T11:00:00.000Z,korba-west-bench,zone-d,PZ-401,0.58,0.43,0.32,0.06,1.24,0.04,0.62,31,70,Normal
2316,2026-04-07T12:00:00.000Z,jharia-open-pit,zone-d,SN-102,7.87,1.35,2.25,0.48,3.76,0.20,1.48,54,96,Warning
2317,2026-04-07T13:00:00.000Z,singareni-s4,zone-b,EX-201,3.07,0.45,0.62,0.04,0.81,0.13,0.77,38,68,Normal
2318,2026-04-07T14:00:00.000Z,singareni-s4,zone-a,SN-102,1.23,0.18,0.37,0.01,0.61,0.14,1.13,31,73,Normal
2319,2026-04-07T15:00:00.000Z,raniganj-south-slope,zone-a,TL-301,9.30,0.94,1.90,0.42,2.41,0.57,2.80,55,78,Warning
2320,2026-04-07T16:00:00.000Z,jharia-open-pit,zone-d,TL-301,2.76,0.01,0.55,0.08,0.78,0.02,0.49,29,67,Normal
2321,2026-04-07T17:00:00.000Z,jharia-open-pit,zone-a,TL-301,3.23,0.17,0.16,0.09,1.16,0.05,0.15,31,98,Normal
2322,2026-04-07T18:00:00.000Z,korba-west-bench,zone-d,EX-201,1.69,0.52,0.45,0.10,0.65,0.08,0.29,25,63,Normal
2323,2026-04-07T19:00:00.000Z,jharia-open-pit,zone-d,TL-301,0.54,0.55,0.40,0.11,1.04,0.10,1.04,29,80,Normal
2324,2026-04-07T20:00:00.000Z,korba-west-bench,zone-a,SN-101,8.83,1.16,2.15,0.52,3.33,0.69,2.72,42,87,Warning
2325,2026-04-07T21:00:00.000Z,korba-west-bench,zone-c,SN-101,10.86,1.86,0.99,0.33,1.94,0.57,2.11,57,91,Warning
2326,2026-04-07T22:00:00.000Z,singareni-s4,zone-d,SN-102,1.17,0.27,0.19,0.08,0.39,0.12,0.92,21,66,Normal
2327,2026-04-07T23:00:00.000Z,singareni-s4,zone-b,EX-201,0.58,0.79,0.71,0.14,1.39,0.08,0.93,27,65,Normal
2328,2026-04-08T00:00:00.000Z,raniganj-south-slope,zone-a,SN-101,4.17,0.51,0.43,0.01,1.45,0.01,0.64,17,68,Normal
2329,2026-04-08T01:00:00.000Z,korba-west-bench,zone-a,SN-101,4.44,0.02,0.44,0.11,1.24,0.18,0.09,30,67,Normal
2330,2026-04-08T02:00:00.000Z,korba-west-bench,zone-d,SN-101,17.66,2.46,3.82,0.73,7.74,1.43,3.01,85,83,Critical
2331,2026-04-08T03:00:00.000Z,korba-west-bench,zone-b,SN-102,1.05,0.61,0.07,0.02,0.08,0.16,1.05,20,73,Normal
2332,2026-04-08T04:00:00.000Z,jharia-open-pit,zone-d,PZ-401,0.23,0.68,0.03,0.09,1.41,0.11,0.03,23,97,Normal
2333,2026-04-08T05:00:00.000Z,jharia-open-pit,zone-d,EX-201,6.74,2.20,1.99,0.42,1.61,0.35,2.07,49,84,Warning
2334,2026-04-08T06:00:00.000Z,raniganj-south-slope,zone-b,SN-101,12.86,3.31,3.17,1.24,9.98,2.17,5.00,81,82,Critical
2335,2026-04-08T07:00:00.000Z,korba-west-bench,zone-a,EX-201,1.94,0.13,0.68,0.14,0.94,0.03,0.19,38,85,Normal
2336,2026-04-08T08:00:00.000Z,jharia-open-pit,zone-a,EX-201,7.97,1.25,0.96,0.48,4.61,0.48,2.33,43,81,Warning
2337,2026-04-08T09:00:00.000Z,singareni-s4,zone-a,EX-201,1.63,0.10,0.62,0.01,1.25,0.18,0.77,17,81,Normal
2338,2026-04-08T10:00:00.000Z,korba-west-bench,zone-b,TL-301,0.81,0.58,0.61,0.04,0.00,0.19,0.20,35,65,Normal
2339,2026-04-08T11:00:00.000Z,jharia-open-pit,zone-b,SN-102,0.07,0.62,0.35,0.04,1.36,0.12,0.88,23,70,Normal
2340,2026-04-08T12:00:00.000Z,jharia-open-pit,zone-b,EX-201,4.27,0.46,0.09,0.00,1.28,0.07,1.06,23,80,Normal
2341,2026-04-08T13:00:00.000Z,korba-west-bench,zone-b,EX-201,0.92,0.39,0.28,0.07,1.10,0.10,0.80,35,89,Normal
2342,2026-04-08T14:00:00.000Z,korba-west-bench,zone-b,PZ-401,8.90,1.03,1.04,0.48,2.81,0.65,1.84,37,65,Warning
2343,2026-04-08T15:00:00.000Z,singareni-s4,zone-c,TL-301,5.39,2.18,1.38,0.38,3.98,0.51,2.12,59,87,Warning
2344,2026-04-08T16:00:00.000Z,singareni-s4,zone-a,SN-101,0.24,0.71,0.49,0.08,1.41,0.12,0.76,19,60,Normal
2345,2026-04-08T17:00:00.000Z,korba-west-bench,zone-d,TL-301,3.77,0.54,0.02,0.01,0.80,0.07,0.74,17,88,Normal
2346,2026-04-08T18:00:00.000Z,korba-west-bench,zone-c,SN-102,1.57,0.61,0.67,0.13,0.20,0.13,0.46,38,99,Normal
2347,2026-04-08T19:00:00.000Z,singareni-s4,zone-a,SN-101,3.62,0.26,0.24,0.09,0.93,0.11,0.66,21,65,Normal
2348,2026-04-08T20:00:00.000Z,korba-west-bench,zone-b,EX-201,4.08,0.69,0.52,0.12,0.36,0.09,0.37,17,75,Normal
2349,2026-04-08T21:00:00.000Z,korba-west-bench,zone-d,SN-102,7.24,2.01,1.73,0.42,4.28,0.71,,44,82,Warning
2350,2026-04-08T22:00:00.000Z,jharia-open-pit,zone-c,TL-301,2.60,0.10,0.36,0.12,0.83,0.02,0.08,32,93,Normal
2351,2026-04-08T23:00:00.000Z,jharia-open-pit,zone-b,SN-101,17.10,2.95,4.87,1.68,9.88,2.07,5.29,83,71,Critical
2352,2026-04-09T00:00:00.000Z,jharia-open-pit,zone-a,TL-301,1.04,0.59,0.74,0.02,0.79,0.14,0.59,21,88,Normal
2353,2026-04-09T01:00:00.000Z,raniganj-south-slope,zone-c,EX-201,0.02,0.50,0.14,0.09,1.19,0.01,0.51,39,97,Normal
2354,2026-04-09T02:00:00.000Z,jharia-open-pit,zone-c,EX-201,2.34,0.04,0.42,0.00,0.59,0.02,0.25,31,87,Normal
2355,2026-04-09T03:00:00.000Z,raniganj-south-slope,zone-c,PZ-401,2.04,0.11,0.43,0.03,1.03,0.17,1.03,19,92,Normal
2356,2026-04-09T04:00:00.000Z,jharia-open-pit,zone-b,TL-301,14.71,5.86,5.12,1.17,5.80,0.80,3.44,85,60,Critical
2357,2026-04-09T05:00:00.000Z,singareni-s4,zone-a,SN-101,28.32,6.07,4.81,0.89,7.34,1.14,3.17,87,86,Critical
2358,2026-04-09T06:00:00.000Z,korba-west-bench,zone-d,TL-301,6.45,0.95,0.89,0.48,2.86,0.60,1.82,57,88,Warning
2359,2026-04-09T07:00:00.000Z,singareni-s4,zone-b,PZ-401,2.84,0.74,0.28,0.04,0.77,0.02,0.46,37,83,Normal
2360,2026-04-09T08:00:00.000Z,jharia-open-pit,zone-c,SN-101,3.55,0.40,0.44,0.06,1.19,0.12,0.20,16,76,Normal
2361,2026-04-09T09:00:00.000Z,raniganj-south-slope,zone-b,SN-102,3.90,0.07,0.68,0.02,1.24,0.11,0.26,24,64,Normal
2362,2026-04-09T10:00:00.000Z,jharia-open-pit,zone-a,EX-201,5.83,0.99,1.56,0.55,3.31,0.54,2.15,62,90,Warning
2363,2026-04-09T11:00:00.000Z,raniganj-south-slope,zone-b,PZ-401,2.38,0.08,0.30,0.15,1.34,0.01,0.89,30,63,Normal
2364,2026-04-09T12:00:00.000Z,korba-west-bench,zone-a,PZ-401,18.63,2.74,5.61,0.60,10.95,1.27,6.16,75,98,Critical
2365,2026-04-09T13:00:00.000Z,jharia-open-pit,zone-b,SN-102,3.61,0.45,0.12,0.11,0.78,0.06,0.88,15,64,Normal
2366,2026-04-09T14:00:00.000Z,raniganj-south-slope,zone-a,EX-201,5.05,1.35,2.19,0.17,2.68,0.23,2.84,35,68,Warning
2367,2026-04-09T15:00:00.000Z,jharia-open-pit,zone-c,SN-102,19.18,5.64,4.12,1.64,12.95,0.78,5.42,55,92,Critical
2368,2026-04-09T16:00:00.000Z,raniganj-south-slope,zone-a,EX-201,2.85,0.25,0.44,0.02,0.24,0.05,0.90,21,63,Normal
2369,2026-04-09T17:00:00.000Z,korba-west-bench,zone-b,SN-101,1.60,0.19,0.03,0.02,1.44,0.04,0.08,17,95,Normal
2370,2026-04-09T18:00:00.000Z,singareni-s4,zone-d,PZ-401,8.65,2.24,1.02,0.32,3.35,0.69,1.26,38,95,Warning
2371,2026-04-09T19:00:00.000Z,jharia-open-pit,zone-d,TL-301,1.77,0.14,0.41,0.03,0.54,0.03,0.34,21,72,Normal
2372,2026-04-09T20:00:00.000Z,jharia-open-pit,zone-b,PZ-401,1.69,0.66,0.15,0.07,0.73,0.06,0.27,20,85,Normal
2373,2026-04-09T21:00:00.000Z,raniganj-south-slope,zone-a,SN-102,1.57,0.21,0.37,0.11,1.37,0.12,1.12,28,69,Normal
2374,2026-04-09T22:00:00.000Z,raniganj-south-slope,zone-d,EX-201,2.75,0.55,0.26,0.01,0.11,0.04,0.60,22,60,Normal
2375,2026-04-09T23:00:00.000Z,raniganj-south-slope,zone-a,TL-301,1.85,0.45,0.37,0.12,1.25,0.10,0.92,17,80,Normal
2376,2026-04-10T00:00:00.000Z,singareni-s4,zone-a,SN-101,7.27,1.27,1.59,0.53,3.84,0.52,1.76,42,64,Warning
2377,2026-04-10T01:00:00.000Z,korba-west-bench,zone-a,SN-102,24.93,5.10,3.56,1.16,12.56,2.24,4.21,65,83,Critical
2378,2026-04-10T02:00:00.000Z,raniganj-south-slope,zone-a,PZ-401,6.21,2.36,1.22,0.45,4.63,0.40,1.80,51,71,Warning
2379,2026-04-10T03:00:00.000Z,raniganj-south-slope,zone-c,SN-101,4.10,0.68,0.58,0.05,0.01,0.07,0.66,25,65,Normal
2380,2026-04-10T04:00:00.000Z,jharia-open-pit,zone-a,SN-101,5.01,0.83,1.70,0.41,2.45,0.59,2.58,37,96,Warning
2381,2026-04-10T05:00:00.000Z,raniganj-south-slope,zone-a,PZ-401,29.20,5.59,5.61,1.35,5.03,1.86,5.06,60,90,Critical
2382,2026-04-10T06:00:00.000Z,singareni-s4,zone-a,SN-102,4.39,0.45,0.36,0.02,0.85,0.02,0.67,27,82,Normal
2383,2026-04-10T07:00:00.000Z,singareni-s4,zone-b,EX-201,0.78,0.70,0.08,0.14,0.21,0.07,0.87,31,96,Normal
2384,2026-04-10T08:00:00.000Z,jharia-open-pit,zone-c,PZ-401,1.29,0.43,0.58,0.11,1.36,0.17,0.06,20,75,Normal
2385,2026-04-10T09:00:00.000Z,singareni-s4,zone-a,TL-301,18.59,6.80,5.78,1.70,4.82,1.79,3.98,55,91,Critical
2386,2026-04-10T10:00:00.000Z,korba-west-bench,zone-b,SN-101,9.15,1.56,2.32,0.51,1.61,0.46,1.83,53,73,Warning
2387,2026-04-10T11:00:00.000Z,singareni-s4,zone-d,SN-101,23.94,2.66,4.07,0.66,12.82,2.31,,79,96,Critical
2388,2026-04-10T12:00:00.000Z,raniganj-south-slope,zone-d,TL-301,4.10,0.27,0.48,0.03,0.83,0.18,0.89,38,96,Normal
2389,2026-04-10T13:00:00.000Z,singareni-s4,zone-d,EX-201,9.69,0.82,2.10,0.51,2.40,0.30,1.75,57,66,Warning
2390,2026-04-10T14:00:00.000Z,raniganj-south-slope,zone-b,PZ-401,3.40,0.14,0.21,0.01,0.86,0.10,0.43,23,85,Normal
2391,2026-04-10T15:00:00.000Z,singareni-s4,zone-b,PZ-401,1.26,0.28,0.65,0.08,0.02,0.06,0.58,15,65,Normal
2392,2026-04-10T16:00:00.000Z,korba-west-bench,zone-c,SN-101,8.31,2.36,2.04,0.21,1.78,0.75,1.68,48,97,Warning
2393,2026-04-10T17:00:00.000Z,raniganj-south-slope,zone-d,EX-201,10.89,1.16,0.98,0.23,3.85,0.67,2.62,45,68,Warning
2394,2026-04-10T18:00:00.000Z,raniganj-south-slope,zone-d,PZ-401,6.45,2.07,1.87,0.52,3.79,0.42,2.45,38,86,Warning
2395,2026-04-10T19:00:00.000Z,singareni-s4,zone-c,PZ-401,2.72,0.55,0.77,0.01,0.97,0.10,0.32,25,90,Normal
2396,2026-04-10T20:00:00.000Z,singareni-s4,zone-c,SN-102,11.36,2.39,2.09,0.49,1.91,0.41,1.71,36,74,Warning
2397,2026-04-10T21:00:00.000Z,korba-west-bench,zone-d,EX-201,0.94,0.61,0.25,0.14,0.97,0.19,1.11,36,86,Normal
2398,2026-04-10T22:00:00.000Z,korba-west-bench,zone-c,TL-301,10.19,1.98,2.54,0.26,2.91,0.58,2.83,36,77,Warning
2399,2026-04-10T23:00:00.000Z,singareni-s4,zone-b,SN-102,3.22,0.14,0.50,0.03,0.14,0.15,0.32,39,83,Normal
2400,2026-04-11T00:00:00.000Z,raniganj-south-slope,zone-d,SN-102,0.50,0.44,0.71,0.02,1.06,0.16,0.05,33,80,Normal
2401,2026-04-11T01:00:00.000Z,jharia-open-pit,zone-b,SN-101,1.86,0.66,0.64,0.02,1.14,0.06,0.50,18,80,Normal
2402,2026-04-11T02:00:00.000Z,raniganj-south-slope,zone-d,TL-301,2.52,0.31,0.16,0.14,1.12,0.20,0.21,16,72,Normal
2403,2026-04-11T03:00:00.000Z,jharia-open-pit,zone-b,EX-201,8.46,1.76,2.37,0.58,3.81,0.51,1.83,61,98,Warning
2404,2026-04-11T04:00:00.000Z,korba-west-bench,zone-a,SN-102,22.28,3.71,4.89,1.13,10.32,1.26,4.08,92,94,Critical
2405,2026-04-11T05:00:00.000Z,jharia-open-pit,zone-b,EX-201,13.72,2.81,5.66,0.73,6.00,1.19,4.78,74,72,Critical
2406,2026-04-11T06:00:00.000Z,korba-west-bench,zone-b,EX-201,0.15,0.60,0.53,0.11,0.72,0.04,0.09,38,82,Normal
2407,2026-04-11T07:00:00.000Z,raniganj-south-slope,zone-d,SN-102,3.13,0.04,0.03,0.15,0.90,0.08,0.92,20,93,Normal
2408,2026-04-11T08:00:00.000Z,raniganj-south-slope,zone-b,SN-101,11.12,2.38,0.87,0.47,2.09,0.40,2.16,57,88,Warning
2409,2026-04-11T09:00:00.000Z,raniganj-south-slope,zone-d,PZ-401,3.26,0.62,0.70,0.13,0.60,0.06,0.83,37,64,Normal
2410,2026-04-11T10:00:00.000Z,korba-west-bench,zone-b,EX-201,1.38,0.29,0.24,0.05,1.48,0.16,0.94,34,85,Normal
2411,2026-04-11T11:00:00.000Z,singareni-s4,zone-b,EX-201,6.15,1.20,1.97,0.60,2.74,0.65,2.98,45,95,Warning
2412,2026-04-11T12:00:00.000Z,jharia-open-pit,zone-b,PZ-401,6.84,1.02,2.16,0.56,3.18,0.41,1.23,36,71,Warning
2413,2026-04-11T13:00:00.000Z,singareni-s4,zone-c,SN-102,2.41,0.49,0.37,0.02,1.44,0.14,0.89,26,77,Normal
2414,2026-04-11T14:00:00.000Z,korba-west-bench,zone-b,TL-301,3.46,0.71,0.53,0.11,0.61,0.06,0.22,15,76,Normal
2415,2026-04-11T15:00:00.000Z,korba-west-bench,zone-b,TL-301,2.49,0.17,0.65,0.11,1.40,0.02,0.26,39,89,Normal
2416,2026-04-11T16:00:00.000Z,jharia-open-pit,zone-b,TL-301,11.06,2.30,2.35,0.27,4.55,0.61,2.86,43,99,Warning
2417,2026-04-11T17:00:00.000Z,jharia-open-pit,zone-c,PZ-401,1.78,0.16,0.31,0.05,1.15,0.01,0.57,21,86,Normal
2418,2026-04-11T18:00:00.000Z,jharia-open-pit,zone-c,SN-102,1.33,0.09,0.79,0.04,0.05,0.06,0.74,15,86,Normal
2419,2026-04-11T19:00:00.000Z,jharia-open-pit,zone-d,TL-301,3.23,0.02,0.55,0.10,1.29,0.01,0.13,34,89,Normal
2420,2026-04-11T20:00:00.000Z,raniganj-south-slope,zone-b,EX-201,2.74,0.37,0.55,0.05,1.27,0.18,0.48,15,98,Normal
2421,2026-04-11T21:00:00.000Z,korba-west-bench,zone-d,PZ-401,3.92,0.14,0.34,0.13,0.40,0.01,0.24,24,69,Normal
2422,2026-04-11T22:00:00.000Z,singareni-s4,zone-c,TL-301,8.91,1.12,2.21,0.20,4.52,0.58,1.50,59,62,Warning
2423,2026-04-11T23:00:00.000Z,raniganj-south-slope,zone-c,SN-101,29.55,4.53,2.51,1.20,7.41,1.61,5.78,88,67,Critical
2424,2026-04-12T00:00:00.000Z,korba-west-bench,zone-d,EX-201,1.42,0.20,0.37,0.03,0.53,0.05,0.78,35,73,Normal
2425,2026-04-12T01:00:00.000Z,raniganj-south-slope,zone-a,SN-101,3.54,0.32,0.45,0.08,0.07,0.16,0.39,15,80,Normal
2426,2026-04-12T02:00:00.000Z,raniganj-south-slope,zone-a,SN-101,25.68,6.04,3.19,1.25,8.83,1.61,3.48,76,84,Critical
2427,2026-04-12T03:00:00.000Z,jharia-open-pit,zone-d,PZ-401,3.32,0.68,0.03,0.09,0.25,0.01,0.67,15,65,Normal
2428,2026-04-12T04:00:00.000Z,korba-west-bench,zone-c,TL-301,2.39,0.23,0.74,0.02,0.89,0.06,0.58,22,67,Normal
2429,2026-04-12T05:00:00.000Z,singareni-s4,zone-a,EX-201,3.35,0.52,0.63,0.06,1.37,0.08,0.44,35,92,Normal
2430,2026-04-12T06:00:00.000Z,raniganj-south-slope,zone-a,SN-102,11.38,2.16,2.22,0.17,3.38,0.59,1.91,38,70,Warning
2431,2026-04-12T07:00:00.000Z,singareni-s4,zone-b,SN-101,1.41,0.08,0.73,0.08,1.07,0.01,1.13,22,71,Normal
2432,2026-04-12T08:00:00.000Z,raniganj-south-slope,zone-c,SN-101,10.75,1.99,1.32,0.25,2.47,0.30,1.86,51,98,Warning
2433,2026-04-12T09:00:00.000Z,singareni-s4,zone-a,EX-201,9.09,0.83,2.39,0.25,2.31,0.28,2.07,45,96,Warning
2434,2026-04-12T10:00:00.000Z,raniganj-south-slope,zone-d,EX-201,5.58,1.41,1.76,0.39,3.86,0.24,2.39,53,91,Warning
2435,2026-04-12T11:00:00.000Z,jharia-open-pit,zone-a,SN-101,20.18,2.64,3.99,0.56,12.97,1.30,6.04,89,82,Critical
2436,2026-04-12T12:00:00.000Z,raniganj-south-slope,zone-c,SN-102,1.48,0.61,0.79,0.02,0.36,0.14,0.60,19,90,Normal
2437,2026-04-12T13:00:00.000Z,jharia-open-pit,zone-b,EX-201,20.82,4.92,4.97,1.18,10.83,1.41,3.86,88,98,Critical
2438,2026-04-12T14:00:00.000Z,raniganj-south-slope,zone-b,EX-201,24.85,5.03,4.86,1.48,9.82,2.32,4.74,73,83,Critical
2439,2026-04-12T15:00:00.000Z,singareni-s4,zone-b,SN-101,9.53,2.13,1.30,0.43,4.11,0.75,1.98,53,65,Warning
2440,2026-04-12T16:00:00.000Z,raniganj-south-slope,zone-d,TL-301,2.47,0.19,0.45,0.15,0.70,0.02,0.97,28,74,Normal
2441,2026-04-12T17:00:00.000Z,raniganj-south-slope,zone-d,PZ-401,3.31,0.19,0.52,0.04,0.47,0.09,0.54,39,60,Normal
2442,2026-04-12T18:00:00.000Z,singareni-s4,zone-d,EX-201,10.02,1.86,1.21,0.50,4.25,0.24,2.33,47,63,Warning
2443,2026-04-12T19:00:00.000Z,korba-west-bench,zone-a,EX-201,0.34,0.60,0.73,0.15,1.21,0.11,0.51,30,76,Normal
2444,2026-04-12T20:00:00.000Z,raniganj-south-slope,zone-c,TL-301,26.37,4.79,3.10,0.72,8.23,2.29,3.11,55,72,Critical
2445,2026-04-12T21:00:00.000Z,korba-west-bench,zone-b,PZ-401,6.51,0.86,1.92,0.21,1.91,0.61,1.59,51,64,Warning
2446,2026-04-12T22:00:00.000Z,korba-west-bench,zone-b,SN-101,0.72,0.43,0.80,0.07,0.07,0.03,0.05,16,71,Normal
2447,2026-04-12T23:00:00.000Z,raniganj-south-slope,zone-a,SN-101,2.07,0.28,0.36,0.07,1.09,0.10,0.31,19,83,Normal
2448,2026-04-13T00:00:00.000Z,jharia-open-pit,zone-b,PZ-401,12.04,3.88,5.65,1.29,12.97,2.37,4.00,92,64,Critical
2449,2026-04-13T01:00:00.000Z,raniganj-south-slope,zone-c,EX-201,10.92,1.59,0.97,0.25,3.58,0.43,2.67,56,80,Warning
2450,2026-04-13T02:00:00.000Z,singareni-s4,zone-c,SN-101,3.34,0.03,0.46,0.01,0.14,0.05,1.08,26,98,Normal
2451,2026-04-13T03:00:00.000Z,raniganj-south-slope,zone-a,TL-301,4.11,0.14,0.58,0.06,0.66,0.03,0.48,21,86,Normal
2452,2026-04-13T04:00:00.000Z,singareni-s4,zone-a,TL-301,2.36,0.51,0.00,0.14,1.13,0.10,0.75,39,70,Normal
2453,2026-04-13T05:00:00.000Z,singareni-s4,zone-d,EX-201,4.05,0.58,0.79,0.14,0.05,0.07,0.42,39,92,Normal
2454,2026-04-13T06:00:00.000Z,singareni-s4,zone-c,SN-101,0.07,0.28,0.70,0.12,1.04,0.16,0.73,26,99,Normal
2455,2026-04-13T07:00:00.000Z,singareni-s4,zone-d,SN-101,0.31,0.29,0.71,0.01,0.35,0.10,0.07,29,94,Normal
2456,2026-04-13T08:00:00.000Z,raniganj-south-slope,zone-c,SN-101,28.26,4.38,3.08,1.23,8.70,1.34,2.92,80,78,Critical
2457,2026-04-13T09:00:00.000Z,jharia-open-pit,zone-b,TL-301,2.68,0.41,0.73,0.01,0.16,0.17,0.93,18,61,Normal
2458,2026-04-13T10:00:00.000Z,jharia-open-pit,zone-a,SN-102,1.04,0.43,0.24,0.15,0.51,0.05,0.96,18,70,Normal
2459,2026-04-13T11:00:00.000Z,raniganj-south-slope,zone-d,SN-102,2.23,0.62,0.02,0.04,0.53,0.12,1.06,18,98,Normal
2460,2026-04-13T12:00:00.000Z,jharia-open-pit,zone-d,TL-301,1.29,0.60,0.08,0.05,0.05,0.19,0.54,36,73,Normal
2461,2026-04-13T13:00:00.000Z,singareni-s4,zone-a,EX-201,3.73,0.44,0.69,0.04,0.85,0.06,0.47,31,69,Normal
2462,2026-04-13T14:00:00.000Z,korba-west-bench,zone-c,SN-102,3.73,0.23,0.56,0.05,0.69,0.06,0.74,25,81,Normal
2463,2026-04-13T15:00:00.000Z,singareni-s4,zone-b,SN-101,1.19,0.67,0.33,0.03,0.08,0.16,0.41,26,66,Normal
2464,2026-04-13T16:00:00.000Z,korba-west-bench,zone-c,SN-102,10.28,2.24,1.22,0.59,1.82,0.69,1.53,61,80,Warning
2465,2026-04-13T17:00:00.000Z,singareni-s4,zone-b,EX-201,1.94,0.58,0.25,0.10,1.31,0.14,0.89,19,66,Normal
2466,2026-04-13T18:00:00.000Z,singareni-s4,zone-c,SN-102,0.90,0.32,0.27,0.02,0.21,0.03,0.74,37,90,Normal
2467,2026-04-13T19:00:00.000Z,jharia-open-pit,zone-b,SN-101,0.64,0.28,0.36,0.01,0.91,0.12,1.12,18,79,Normal
2468,2026-04-13T20:00:00.000Z,korba-west-bench,zone-c,EX-201,1.44,0.11,0.10,0.10,0.68,0.10,0.45,15,79,Normal
2469,2026-04-13T21:00:00.000Z,korba-west-bench,zone-b,SN-101,1.24,0.44,0.15,0.08,0.29,0.04,0.50,25,99,Normal
2470,2026-04-13T22:00:00.000Z,raniganj-south-slope,zone-a,EX-201,9.18,0.83,1.20,0.37,4.20,0.45,2.90,63,84,Warning
2471,2026-04-13T23:00:00.000Z,jharia-open-pit,zone-b,EX-201,3.56,0.71,0.54,0.14,1.13,0.11,1.01,37,90,Normal
2472,2026-04-14T00:00:00.000Z,korba-west-bench,zone-b,TL-301,3.86,0.26,0.01,0.07,0.18,0.20,0.04,39,75,Normal
2473,2026-04-14T01:00:00.000Z,korba-west-bench,zone-d,EX-201,2.90,0.37,0.41,0.15,0.68,0.05,0.93,32,61,Normal
2474,2026-04-14T02:00:00.000Z,korba-west-bench,zone-b,SN-101,3.98,0.76,0.18,0.08,0.92,0.07,0.33,37,64,Normal
2475,2026-04-14T03:00:00.000Z,singareni-s4,zone-c,TL-301,2.66,0.43,0.78,0.05,0.93,0.03,0.82,31,85,Normal
2476,2026-04-14T04:00:00.000Z,jharia-open-pit,zone-c,PZ-401,3.43,0.49,0.00,0.00,0.11,0.14,0.17,23,92,Normal
2477,2026-04-14T05:00:00.000Z,singareni-s4,zone-a,SN-102,2.26,0.28,0.66,0.09,0.61,0.08,0.84,20,70,Normal
2478,2026-04-14T06:00:00.000Z,raniganj-south-slope,zone-a,PZ-401,0.68,0.49,0.67,0.04,1.23,0.14,1.00,20,92,Normal
2479,2026-04-14T07:00:00.000Z,jharia-open-pit,zone-d,SN-101,3.39,0.72,0.11,0.08,1.20,0.08,0.36,24,60,Normal
2480,2026-04-14T08:00:00.000Z,raniganj-south-slope,zone-a,EX-201,1.67,0.58,0.39,0.00,0.31,0.09,0.53,25,86,Normal
2481,2026-04-14T09:00:00.000Z,jharia-open-pit,zone-d,TL-301,18.69,4.71,5.85,0.58,5.75,2.25,5.17,60,78,Critical
2482,2026-04-14T10:00:00.000Z,jharia-open-pit,zone-d,SN-102,24.53,6.57,4.56,0.51,7.87,0.76,3.03,93,88,Critical
2483,2026-04-14T11:00:00.000Z,korba-west-bench,zone-a,EX-201,1.04,0.19,0.11,0.10,0.32,0.15,0.37,16,88,Normal
2484,2026-04-14T12:00:00.000Z,raniganj-south-slope,zone-c,TL-301,1.49,0.51,0.75,0.14,1.02,0.16,0.20,15,99,Normal
2485,2026-04-14T13:00:00.000Z,korba-west-bench,zone-b,PZ-401,1.81,0.29,0.28,0.01,0.61,0.16,0.15,17,78,Normal
2486,2026-04-14T14:00:00.000Z,raniganj-south-slope,zone-a,SN-102,3.78,0.55,0.62,0.14,0.29,0.05,1.12,35,79,Normal
2487,2026-04-14T15:00:00.000Z,raniganj-south-slope,zone-c,SN-101,1.34,0.36,0.20,0.06,0.84,0.03,0.65,22,71,Normal
2488,2026-04-14T16:00:00.000Z,jharia-open-pit,zone-d,PZ-401,10.59,2.13,1.51,0.36,2.56,0.35,2.40,50,87,Warning
2489,2026-04-14T17:00:00.000Z,singareni-s4,zone-b,SN-102,2.72,0.36,0.58,0.12,0.46,0.18,0.27,33,81,Normal
2490,2026-04-14T18:00:00.000Z,korba-west-bench,zone-d,SN-101,23.88,2.78,5.92,1.55,5.17,1.43,4.32,67,66,Critical
2491,2026-04-14T19:00:00.000Z,raniganj-south-slope,zone-b,TL-301,1.97,0.26,0.09,0.11,0.66,0.05,0.47,29,80,Normal
2492,2026-04-14T20:00:00.000Z,korba-west-bench,zone-c,EX-201,9.42,1.63,2.05,0.38,4.42,0.64,2.15,52,88,Warning
2493,2026-04-14T21:00:00.000Z,korba-west-bench,zone-a,EX-201,2.31,0.38,0.60,0.12,0.74,0.17,1.12,30,82,Normal
2494,2026-04-14T22:00:00.000Z,raniganj-south-slope,zone-b,SN-102,3.68,0.26,0.05,0.10,1.25,0.07,0.93,15,96,Normal
2495,2026-04-14T23:00:00.000Z,raniganj-south-slope,zone-b,SN-102,1.64,0.69,0.72,0.00,0.74,0.10,0.34,24,75,Normal
2496,2026-04-15T00:00:00.000Z,raniganj-south-slope,zone-a,SN-102,4.08,0.12,0.27,0.13,0.76,0.06,0.17,22,71,Normal
2497,2026-04-15T01:00:00.000Z,singareni-s4,zone-a,SN-101,5.17,1.18,0.93,0.39,2.56,0.30,2.32,58,99,Warning
2498,2026-04-15T02:00:00.000Z,singareni-s4,zone-a,TL-301,1.69,0.42,0.14,0.04,0.81,0.17,0.77,19,87,Normal
2499,2026-04-15T03:00:00.000Z,korba-west-bench,zone-d,SN-102,0.14,0.49,0.38,0.06,0.75,0.04,1.03,29,98,Normal
2500,2026-04-15T04:00:00.000Z,singareni-s4,zone-a,SN-102,1.30,0.49,0.30,0.06,1.12,0.10,1.10,30,86,Normal
11,2026-01-01T11:00:00.000Z,korba-west-bench,zone-b,SN-101,1.35,0.05,0.17,0.00,0.04,0.02,0.22,17,83,Normal
51,2026-01-03T03:00:00.000Z,raniganj-south-slope,zone-d,EX-201,6.20,1.06,1.85,0.15,3.73,0.35,2.93,46,90,Warning